[2025-11-10T00:25:28.216+0700][0.010s][19752][19855][info] Heap region size: 16M
[2025-11-10T00:25:28.216+0700][0.010s][19752][19855][debug] Minimum heap 3858759680  Initial heap 3858759680  Maximum heap 3858759680
[2025-11-10T00:25:28.216+0700][0.011s][19752][19855][trace] Trying to allocate at address 0x000000071a000000 heap of size 0xe6000000
[2025-11-10T00:25:28.218+0700][0.012s][19752][19855][debug] Expand the heap. requested expansion amount: 3858759680B expansion amount: 3858759680B
[2025-11-10T00:25:28.218+0700][0.012s][19752][19855][debug] Running G1 PreTouch with 3 workers for 3 work units pre-touching 3858759680B.
[2025-11-10T00:25:33.606+0700][5.400s][19752][19855][debug] Running G1 PreTouch with 1 workers for 1 work units pre-touching 60293120B.
[2025-11-10T00:25:33.692+0700][5.486s][19752][19855][debug] Running G1 PreTouch with 1 workers for 1 work units pre-touching 60293120B.
[2025-11-10T00:25:33.791+0700][5.585s][19752][19855][debug] Running G1 PreTouch with 1 workers for 1 work units pre-touching 7536640B.
[2025-11-10T00:25:33.803+0700][5.597s][19752][19855][debug] Running G1 PreTouch with 1 workers for 1 work units pre-touching 7536640B.
[2025-11-10T00:25:33.818+0700][5.612s][19752][19855][debug] Running G1 PreTouch with 1 workers for 1 work units pre-touching 7536640B.
[2025-11-10T00:25:33.840+0700][5.634s][19752][19855][info ] Using G1
[2025-11-10T00:25:33.840+0700][5.634s][19752][19855][info ] Heap address: 0x000000071a000000, size: 3680 MB, Compressed Oops mode: Zero based, Oop shift amount: 3
[2025-11-10T00:25:33.848+0700][5.643s][19752][19855][trace] Restored java.lang.Object archived mirror 0x00000007fef2fe20
[2025-11-10T00:25:33.849+0700][5.643s][19752][19855][trace] Restored [Ljava.lang.Object; archived mirror 0x00000007fef2fdb0
[2025-11-10T00:25:33.849+0700][5.643s][19752][19855][trace] Restored java.io.Serializable archived mirror 0x00000007fef2faa0
[2025-11-10T00:25:33.849+0700][5.643s][19752][19855][trace] Restored [Ljava.io.Serializable; archived mirror 0x00000007fef2fa30
[2025-11-10T00:25:33.849+0700][5.643s][19752][19855][trace] Restored java.lang.Comparable archived mirror 0x00000007fef2f3c8
[2025-11-10T00:25:33.849+0700][5.643s][19752][19855][trace] Restored [Ljava.lang.Comparable; archived mirror 0x00000007fef2f358
[2025-11-10T00:25:33.850+0700][5.644s][19752][19855][trace] Restored java.lang.CharSequence archived mirror 0x00000007fef2b7d0
[2025-11-10T00:25:33.850+0700][5.644s][19752][19855][trace] Restored [Ljava.lang.CharSequence; archived mirror 0x00000007fef2b760
[2025-11-10T00:25:33.850+0700][5.644s][19752][19855][trace] Restored java.lang.String archived mirror 0x00000007fef2b6d8
[2025-11-10T00:25:33.850+0700][5.644s][19752][19855][trace] Restored [Ljava.lang.String; archived mirror 0x00000007fef2b668
[2025-11-10T00:25:33.851+0700][5.646s][19752][19855][trace] Restored java.lang.reflect.AnnotatedElement archived mirror 0x00000007fef2fc60
[2025-11-10T00:25:33.851+0700][5.646s][19752][19855][trace] Restored [Ljava.lang.reflect.AnnotatedElement; archived mirror 0x00000007fef2fbf0
[2025-11-10T00:25:33.852+0700][5.646s][19752][19855][trace] Restored java.lang.reflect.GenericDeclaration archived mirror 0x00000007fef2fb80
[2025-11-10T00:25:33.852+0700][5.646s][19752][19855][trace] Restored [Ljava.lang.reflect.GenericDeclaration; archived mirror 0x00000007fef2fb10
[2025-11-10T00:25:33.852+0700][5.646s][19752][19855][trace] Restored java.lang.reflect.Type archived mirror 0x00000007fef2fd40
[2025-11-10T00:25:33.852+0700][5.646s][19752][19855][trace] Restored [Ljava.lang.reflect.Type; archived mirror 0x00000007fef2fcd0
[2025-11-10T00:25:33.852+0700][5.646s][19752][19855][trace] Restored java.lang.Class archived mirror 0x00000007fef2f998
[2025-11-10T00:25:33.852+0700][5.646s][19752][19855][trace] Restored [Ljava.lang.Class; archived mirror 0x00000007fef2f928
[2025-11-10T00:25:33.852+0700][5.646s][19752][19855][trace] Restored java.lang.Cloneable archived mirror 0x00000007fef33c20
[2025-11-10T00:25:33.852+0700][5.646s][19752][19855][trace] Restored java.lang.ClassLoader archived mirror 0x00000007fef33ab8
[2025-11-10T00:25:33.852+0700][5.646s][19752][19855][trace] Restored java.lang.System archived mirror 0x00000007fef339a8
[2025-11-10T00:25:33.852+0700][5.646s][19752][19855][trace] Restored java.lang.Throwable archived mirror 0x00000007fef2f798
[2025-11-10T00:25:33.852+0700][5.646s][19752][19855][trace] Restored [Ljava.lang.Throwable; archived mirror 0x00000007fef2f728
[2025-11-10T00:25:33.852+0700][5.646s][19752][19855][trace] Restored java.lang.Error archived mirror 0x00000007fef2f6b0
[2025-11-10T00:25:33.852+0700][5.646s][19752][19855][trace] Restored [Ljava.lang.Error; archived mirror 0x00000007fef2f640
[2025-11-10T00:25:33.852+0700][5.647s][19752][19855][trace] Restored java.lang.ThreadDeath archived mirror 0x00000007fef338d0
[2025-11-10T00:25:33.853+0700][5.647s][19752][19855][trace] Restored java.lang.Exception archived mirror 0x00000007fef33858
[2025-11-10T00:25:33.853+0700][5.647s][19752][19855][trace] Restored java.lang.RuntimeException archived mirror 0x00000007fef337e0
[2025-11-10T00:25:33.853+0700][5.647s][19752][19855][trace] Restored java.lang.SecurityManager archived mirror 0x00000007fef33600
[2025-11-10T00:25:33.853+0700][5.647s][19752][19855][trace] Restored java.security.ProtectionDomain archived mirror 0x00000007fef33548
[2025-11-10T00:25:33.853+0700][5.647s][19752][19855][trace] Restored java.security.AccessControlContext archived mirror 0x00000007fef33488
[2025-11-10T00:25:33.853+0700][5.647s][19752][19855][trace] Restored java.security.SecureClassLoader archived mirror 0x00000007fef33400
[2025-11-10T00:25:33.853+0700][5.647s][19752][19855][trace] Restored java.lang.ReflectiveOperationException archived mirror 0x00000007fef33388
[2025-11-10T00:25:33.853+0700][5.647s][19752][19855][trace] Restored java.lang.ClassNotFoundException archived mirror 0x00000007fef33310
[2025-11-10T00:25:33.853+0700][5.647s][19752][19855][trace] Restored java.lang.LinkageError archived mirror 0x00000007fef33298
[2025-11-10T00:25:33.853+0700][5.647s][19752][19855][trace] Restored java.lang.NoClassDefFoundError archived mirror 0x00000007fef33220
[2025-11-10T00:25:33.853+0700][5.647s][19752][19855][trace] Restored java.lang.ClassCastException archived mirror 0x00000007fef331a8
[2025-11-10T00:25:33.853+0700][5.647s][19752][19855][trace] Restored java.lang.ArrayStoreException archived mirror 0x00000007fef33130
[2025-11-10T00:25:33.853+0700][5.647s][19752][19855][trace] Restored java.lang.VirtualMachineError archived mirror 0x00000007fef2f5c8
[2025-11-10T00:25:33.853+0700][5.647s][19752][19855][trace] Restored [Ljava.lang.VirtualMachineError; archived mirror 0x00000007fef2f558
[2025-11-10T00:25:33.853+0700][5.647s][19752][19855][trace] Restored java.lang.OutOfMemoryError archived mirror 0x00000007fef2f4e0
[2025-11-10T00:25:33.853+0700][5.647s][19752][19855][trace] Restored [Ljava.lang.OutOfMemoryError; archived mirror 0x00000007fef2f470
[2025-11-10T00:25:33.853+0700][5.647s][19752][19855][trace] Restored java.lang.StackOverflowError archived mirror 0x00000007fef330b8
[2025-11-10T00:25:33.853+0700][5.647s][19752][19855][trace] Restored java.lang.IllegalMonitorStateException archived mirror 0x00000007fef33040
[2025-11-10T00:25:33.853+0700][5.647s][19752][19855][trace] Restored java.lang.ref.Reference archived mirror 0x00000007fef26568
[2025-11-10T00:25:33.853+0700][5.647s][19752][19855][trace] Restored [Ljava.lang.ref.Reference; archived mirror 0x00000007fef264f8
[2025-11-10T00:25:33.853+0700][5.647s][19752][19855][trace] Restored java.lang.ref.SoftReference archived mirror 0x00000007fef32fb0
[2025-11-10T00:25:33.853+0700][5.647s][19752][19855][trace] Restored java.lang.ref.WeakReference archived mirror 0x00000007fef26488
[2025-11-10T00:25:33.853+0700][5.648s][19752][19855][trace] Restored [Ljava.lang.ref.WeakReference; archived mirror 0x00000007fef26418
[2025-11-10T00:25:33.853+0700][5.648s][19752][19855][trace] Restored java.lang.ref.FinalReference archived mirror 0x00000007fef32f28
[2025-11-10T00:25:33.853+0700][5.648s][19752][19855][trace] Restored java.lang.ref.PhantomReference archived mirror 0x00000007fef32eb8
[2025-11-10T00:25:33.853+0700][5.648s][19752][19855][trace] Restored java.lang.ref.Finalizer archived mirror 0x00000007fef32e38
[2025-11-10T00:25:33.854+0700][5.648s][19752][19855][trace] Restored java.lang.Runnable archived mirror 0x00000007fef2d868
[2025-11-10T00:25:33.854+0700][5.648s][19752][19855][trace] Restored [Ljava.lang.Runnable; archived mirror 0x00000007fef2d7f8
[2025-11-10T00:25:33.854+0700][5.648s][19752][19855][trace] Restored java.lang.Thread archived mirror 0x00000007fef2d768
[2025-11-10T00:25:33.854+0700][5.648s][19752][19855][trace] Restored [Ljava.lang.Thread; archived mirror 0x00000007fef2d6f8
[2025-11-10T00:25:33.854+0700][5.648s][19752][19855][trace] Restored java.lang.Thread$UncaughtExceptionHandler archived mirror 0x00000007fef2f050
[2025-11-10T00:25:33.854+0700][5.648s][19752][19855][trace] Restored [Ljava.lang.Thread$UncaughtExceptionHandler; archived mirror 0x00000007fef2efe0
[2025-11-10T00:25:33.854+0700][5.648s][19752][19855][trace] Restored java.lang.ThreadGroup archived mirror 0x00000007fef2ef70
[2025-11-10T00:25:33.854+0700][5.648s][19752][19855][trace] Restored [Ljava.lang.ThreadGroup; archived mirror 0x00000007fef2ef00
[2025-11-10T00:25:33.854+0700][5.648s][19752][19855][trace] Restored java.util.Dictionary archived mirror 0x00000007fef32ce8
[2025-11-10T00:25:33.854+0700][5.649s][19752][19855][trace] Restored java.util.Map archived mirror 0x00000007fef32d58
[2025-11-10T00:25:33.855+0700][5.649s][19752][19855][trace] Restored java.util.Hashtable archived mirror 0x00000007fef32c30
[2025-11-10T00:25:33.855+0700][5.649s][19752][19855][trace] Restored java.util.Properties archived mirror 0x00000007fef32b70
[2025-11-10T00:25:33.855+0700][5.649s][19752][19855][trace] Restored java.lang.Module archived mirror 0x00000007fef32a38
[2025-11-10T00:25:33.855+0700][5.649s][19752][19855][trace] Restored java.lang.reflect.AccessibleObject archived mirror 0x00000007fef25618
[2025-11-10T00:25:33.855+0700][5.649s][19752][19855][trace] Restored [Ljava.lang.reflect.AccessibleObject; archived mirror 0x00000007fef255a8
[2025-11-10T00:25:33.855+0700][5.649s][19752][19855][trace] Restored java.lang.reflect.Member archived mirror 0x00000007fef25530
[2025-11-10T00:25:33.855+0700][5.649s][19752][19855][trace] Restored [Ljava.lang.reflect.Member; archived mirror 0x00000007fef254c0
[2025-11-10T00:25:33.855+0700][5.649s][19752][19855][trace] Restored java.lang.reflect.Field archived mirror 0x00000007fef32938
[2025-11-10T00:25:33.855+0700][5.649s][19752][19855][trace] Restored java.lang.reflect.Parameter archived mirror 0x00000007fef328a8
[2025-11-10T00:25:33.855+0700][5.649s][19752][19855][trace] Restored java.lang.reflect.Executable archived mirror 0x00000007fef25450
[2025-11-10T00:25:33.855+0700][5.649s][19752][19855][trace] Restored [Ljava.lang.reflect.Executable; archived mirror 0x00000007fef253e0
[2025-11-10T00:25:33.855+0700][5.649s][19752][19855][trace] Restored java.lang.reflect.Method archived mirror 0x00000007fef327c0
[2025-11-10T00:25:33.855+0700][5.649s][19752][19855][trace] Restored java.lang.reflect.Constructor archived mirror 0x00000007fef25370
[2025-11-10T00:25:33.855+0700][5.649s][19752][19855][trace] Restored [Ljava.lang.reflect.Constructor; archived mirror 0x00000007fef25300
[2025-11-10T00:25:33.855+0700][5.649s][19752][19855][trace] Restored jdk.internal.reflect.MagicAccessorImpl archived mirror 0x00000007fef32728
[2025-11-10T00:25:33.855+0700][5.649s][19752][19855][trace] Restored jdk.internal.reflect.MethodAccessor archived mirror 0x00000007fef326b8
[2025-11-10T00:25:33.855+0700][5.649s][19752][19855][trace] Restored jdk.internal.reflect.MethodAccessorImpl archived mirror 0x00000007fef32648
[2025-11-10T00:25:33.855+0700][5.649s][19752][19855][trace] Restored jdk.internal.reflect.ConstructorAccessor archived mirror 0x00000007fef325d8
[2025-11-10T00:25:33.855+0700][5.649s][19752][19855][trace] Restored jdk.internal.reflect.ConstructorAccessorImpl archived mirror 0x00000007fef32568
[2025-11-10T00:25:33.855+0700][5.649s][19752][19855][trace] Restored jdk.internal.reflect.DelegatingClassLoader archived mirror 0x00000007fef324f8
[2025-11-10T00:25:33.855+0700][5.649s][19752][19855][trace] Restored jdk.internal.reflect.ConstantPool archived mirror 0x00000007fef32470
[2025-11-10T00:25:33.855+0700][5.649s][19752][19855][trace] Restored jdk.internal.reflect.FieldAccessor archived mirror 0x00000007fef32400
[2025-11-10T00:25:33.855+0700][5.649s][19752][19855][trace] Restored jdk.internal.reflect.FieldAccessorImpl archived mirror 0x00000007fef32390
[2025-11-10T00:25:33.855+0700][5.650s][19752][19855][trace] Restored jdk.internal.reflect.UnsafeFieldAccessorImpl archived mirror 0x00000007fef322b0
[2025-11-10T00:25:33.855+0700][5.650s][19752][19855][trace] Restored jdk.internal.reflect.UnsafeStaticFieldAccessorImpl archived mirror 0x00000007fef32228
[2025-11-10T00:25:33.855+0700][5.650s][19752][19855][trace] Restored java.lang.annotation.Annotation archived mirror 0x00000007fef321b8
[2025-11-10T00:25:33.855+0700][5.650s][19752][19855][trace] Restored jdk.internal.reflect.CallerSensitive archived mirror 0x00000007fef32148
[2025-11-10T00:25:33.856+0700][5.650s][19752][19855][trace] Restored java.lang.invoke.MethodHandle archived mirror 0x00000007fef32070
[2025-11-10T00:25:33.856+0700][5.650s][19752][19855][trace] Restored java.lang.invoke.DirectMethodHandle archived mirror 0x00000007fef31f40
[2025-11-10T00:25:33.856+0700][5.650s][19752][19855][trace] Restored java.lang.invoke.VarHandle archived mirror 0x00000007fef31ea0
[2025-11-10T00:25:33.856+0700][5.650s][19752][19855][trace] Restored java.lang.invoke.MemberName archived mirror 0x00000007fef31d48
[2025-11-10T00:25:33.856+0700][5.650s][19752][19855][trace] Restored java.lang.invoke.ResolvedMethodName archived mirror 0x00000007fef31cd8
[2025-11-10T00:25:33.856+0700][5.650s][19752][19855][trace] Restored java.lang.invoke.MethodHandleNatives archived mirror 0x00000007fef31bc0
[2025-11-10T00:25:33.856+0700][5.651s][19752][19855][trace] Restored java.lang.invoke.LambdaForm archived mirror 0x00000007fef31a28
[2025-11-10T00:25:33.856+0700][5.651s][19752][19855][trace] Restored java.lang.invoke.MethodType archived mirror 0x00000007fef31950
[2025-11-10T00:25:33.856+0700][5.651s][19752][19855][trace] Restored java.lang.BootstrapMethodError archived mirror 0x00000007fef318d8
[2025-11-10T00:25:33.857+0700][5.651s][19752][19855][trace] Restored java.lang.invoke.CallSite archived mirror 0x00000007fef31820
[2025-11-10T00:25:33.857+0700][5.651s][19752][19855][trace] Restored java.lang.invoke.MethodHandleNatives$CallSiteContext archived mirror 0x00000007fef317b0
[2025-11-10T00:25:33.857+0700][5.651s][19752][19855][trace] Restored java.lang.invoke.ConstantCallSite archived mirror 0x00000007fef31740
[2025-11-10T00:25:33.857+0700][5.651s][19752][19855][trace] Restored java.lang.invoke.MutableCallSite archived mirror 0x00000007fef316c8
[2025-11-10T00:25:33.857+0700][5.651s][19752][19855][trace] Restored java.lang.invoke.VolatileCallSite archived mirror 0x00000007fef31658
[2025-11-10T00:25:33.857+0700][5.651s][19752][19855][trace] Restored java.lang.AssertionStatusDirectives archived mirror 0x00000007fef315e8
[2025-11-10T00:25:33.857+0700][5.651s][19752][19855][trace] Restored java.lang.Appendable archived mirror 0x00000007fef31578
[2025-11-10T00:25:33.857+0700][5.651s][19752][19855][trace] Restored java.lang.AbstractStringBuilder archived mirror 0x00000007fef314b8
[2025-11-10T00:25:33.857+0700][5.651s][19752][19855][trace] Restored java.lang.StringBuffer archived mirror 0x00000007fef31418
[2025-11-10T00:25:33.857+0700][5.651s][19752][19855][trace] Restored java.lang.StringBuilder archived mirror 0x00000007fef31388
[2025-11-10T00:25:33.857+0700][5.651s][19752][19855][trace] Restored jdk.internal.misc.Unsafe archived mirror 0x00000007fef312a0
[2025-11-10T00:25:33.857+0700][5.651s][19752][19855][trace] Restored jdk.internal.module.Modules archived mirror 0x00000007fef31168
[2025-11-10T00:25:33.857+0700][5.651s][19752][19855][trace] Restored java.lang.AutoCloseable archived mirror 0x00000007fef310f8
[2025-11-10T00:25:33.857+0700][5.651s][19752][19855][trace] Restored java.io.Closeable archived mirror 0x00000007fef31088
[2025-11-10T00:25:33.857+0700][5.652s][19752][19855][trace] Restored java.io.InputStream archived mirror 0x00000007fef30fe8
[2025-11-10T00:25:33.857+0700][5.652s][19752][19855][trace] Restored java.io.ByteArrayInputStream archived mirror 0x00000007fef30f78
[2025-11-10T00:25:33.857+0700][5.652s][19752][19855][trace] Restored java.net.URL archived mirror 0x00000007fef30e58
[2025-11-10T00:25:33.857+0700][5.652s][19752][19855][trace] Restored java.util.jar.Manifest archived mirror 0x00000007fef30dc0
[2025-11-10T00:25:33.857+0700][5.652s][19752][19855][trace] Restored jdk.internal.loader.ClassLoaders archived mirror 0x00000007fef30d20
[2025-11-10T00:25:33.858+0700][5.652s][19752][19855][trace] Restored jdk.internal.loader.BuiltinClassLoader archived mirror 0x00000007fef30c30
[2025-11-10T00:25:33.858+0700][5.652s][19752][19855][trace] Restored jdk.internal.loader.ClassLoaders$AppClassLoader archived mirror 0x00000007fef30ba8
[2025-11-10T00:25:33.858+0700][5.652s][19752][19855][trace] Restored jdk.internal.loader.ClassLoaders$PlatformClassLoader archived mirror 0x00000007fef30b20
[2025-11-10T00:25:33.858+0700][5.652s][19752][19855][trace] Restored java.security.CodeSource archived mirror 0x00000007fef30a60
[2025-11-10T00:25:33.858+0700][5.652s][19752][19855][trace] Restored java.lang.StackTraceElement archived mirror 0x00000007fef2ee80
[2025-11-10T00:25:33.858+0700][5.652s][19752][19855][trace] Restored [Ljava.lang.StackTraceElement; archived mirror 0x00000007fef2ee10
[2025-11-10T00:25:33.858+0700][5.652s][19752][19855][trace] Restored java.nio.Buffer archived mirror 0x00000007fef30958
[2025-11-10T00:25:33.858+0700][5.652s][19752][19855][trace] Restored java.lang.StackWalker archived mirror 0x00000007fef308a8
[2025-11-10T00:25:33.858+0700][5.652s][19752][19855][trace] Restored java.lang.StackStreamFactory$AbstractStackWalker archived mirror 0x00000007fef307f8
[2025-11-10T00:25:33.858+0700][5.652s][19752][19855][trace] Restored java.lang.StackWalker$StackFrame archived mirror 0x00000007fef30788
[2025-11-10T00:25:33.858+0700][5.652s][19752][19855][trace] Restored java.lang.StackFrameInfo archived mirror 0x00000007fef306f8
[2025-11-10T00:25:33.858+0700][5.652s][19752][19855][trace] Restored java.lang.LiveStackFrame archived mirror 0x00000007fef30650
[2025-11-10T00:25:33.858+0700][5.652s][19752][19855][trace] Restored java.lang.LiveStackFrameInfo archived mirror 0x00000007fef305b0
[2025-11-10T00:25:33.858+0700][5.652s][19752][19855][trace] Restored java.util.concurrent.locks.AbstractOwnableSynchronizer archived mirror 0x00000007fef30538
[2025-11-10T00:25:33.858+0700][5.652s][19752][19855][trace] Restored java.lang.Boolean archived mirror 0x00000007fef30490
[2025-11-10T00:25:33.858+0700][5.652s][19752][19855][trace] Restored java.lang.Character archived mirror 0x00000007fef30388
[2025-11-10T00:25:33.858+0700][5.652s][19752][19855][trace] Restored java.lang.Number archived mirror 0x00000007fef2a760
[2025-11-10T00:25:33.858+0700][5.652s][19752][19855][trace] Restored [Ljava.lang.Number; archived mirror 0x00000007fef2a6f0
[2025-11-10T00:25:33.858+0700][5.652s][19752][19855][trace] Restored java.lang.Float archived mirror 0x00000007fef302c0
[2025-11-10T00:25:33.858+0700][5.652s][19752][19855][trace] Restored java.lang.Double archived mirror 0x00000007fef301c8
[2025-11-10T00:25:33.858+0700][5.652s][19752][19855][trace] Restored java.lang.Byte archived mirror 0x00000007fef30110
[2025-11-10T00:25:33.858+0700][5.653s][19752][19855][trace] Restored java.lang.Short archived mirror 0x00000007fef30058
[2025-11-10T00:25:33.858+0700][5.653s][19752][19855][trace] Restored java.lang.Integer archived mirror 0x00000007fef2a650
[2025-11-10T00:25:33.858+0700][5.653s][19752][19855][trace] Restored [Ljava.lang.Integer; archived mirror 0x00000007fef2a5e0
[2025-11-10T00:25:33.858+0700][5.653s][19752][19855][trace] Restored java.lang.Long archived mirror 0x00000007fef2ff18
[2025-11-10T00:25:33.859+0700][5.653s][19752][19855][trace] Restored java.util.Iterator archived mirror 0x00000007fef2fe90
[2025-11-10T00:25:33.859+0700][5.653s][19752][19855][trace] Restored [Z archived mirror 0x00000007fef34158
[2025-11-10T00:25:33.859+0700][5.653s][19752][19855][trace] Restored [C archived mirror 0x00000007fef340e8
[2025-11-10T00:25:33.859+0700][5.653s][19752][19855][trace] Restored [F archived mirror 0x00000007fef34078
[2025-11-10T00:25:33.859+0700][5.653s][19752][19855][trace] Restored [D archived mirror 0x00000007fef34008
[2025-11-10T00:25:33.859+0700][5.653s][19752][19855][trace] Restored [B archived mirror 0x00000007fef33f98
[2025-11-10T00:25:33.859+0700][5.653s][19752][19855][trace] Restored [S archived mirror 0x00000007fef33f28
[2025-11-10T00:25:33.859+0700][5.653s][19752][19855][trace] Restored [I archived mirror 0x00000007fef33eb8
[2025-11-10T00:25:33.859+0700][5.653s][19752][19855][trace] Restored [J archived mirror 0x00000007fef33e48
[2025-11-10T00:25:33.860+0700][5.654s][19752][19855][trace] Restored java.lang.NullPointerException archived mirror 0x00000007fef2f8b0
[2025-11-10T00:25:33.860+0700][5.654s][19752][19855][trace] Restored java.lang.ArithmeticException archived mirror 0x00000007fef2f838
[2025-11-10T00:25:33.869+0700][5.663s][19752][19855][trace] Restored java.io.ObjectStreamField archived mirror 0x00000007fef2f2e8
[2025-11-10T00:25:33.869+0700][5.663s][19752][19855][trace] Restored [Ljava.io.ObjectStreamField; archived mirror 0x00000007fef2f278
[2025-11-10T00:25:33.869+0700][5.663s][19752][19855][trace] Restored java.util.Comparator archived mirror 0x00000007fef2f138
[2025-11-10T00:25:33.869+0700][5.663s][19752][19855][trace] Restored java.lang.String$CaseInsensitiveComparator archived mirror 0x00000007fef2f0c0
[2025-11-10T00:25:33.869+0700][5.663s][19752][19855][trace] Restored java.security.AccessController archived mirror 0x00000007fef2ed70
[2025-11-10T00:25:33.870+0700][5.664s][19752][19855][trace] Restored java.lang.Iterable archived mirror 0x00000007fef2ed00
[2025-11-10T00:25:33.870+0700][5.664s][19752][19855][trace] Restored java.util.Collection archived mirror 0x00000007fef2ec90
[2025-11-10T00:25:33.870+0700][5.664s][19752][19855][trace] Restored java.util.Set archived mirror 0x00000007fef2ec20
[2025-11-10T00:25:33.870+0700][5.664s][19752][19855][trace] Restored java.util.AbstractCollection archived mirror 0x00000007fef2eb88
[2025-11-10T00:25:33.870+0700][5.664s][19752][19855][trace] Restored java.util.ImmutableCollections$AbstractImmutableCollection archived mirror 0x00000007fef2eb18
[2025-11-10T00:25:33.870+0700][5.664s][19752][19855][trace] Restored java.util.ImmutableCollections$AbstractImmutableSet archived mirror 0x00000007fef2eaa8
[2025-11-10T00:25:33.870+0700][5.664s][19752][19855][trace] Restored java.util.ImmutableCollections$Set12 archived mirror 0x00000007fef2ea20
[2025-11-10T00:25:33.870+0700][5.664s][19752][19855][trace] Restored java.util.Objects archived mirror 0x00000007fef2e990
[2025-11-10T00:25:33.870+0700][5.664s][19752][19855][trace] Restored java.security.PrivilegedAction archived mirror 0x00000007fef2e920
[2025-11-10T00:25:33.870+0700][5.664s][19752][19855][trace] Restored jdk.internal.reflect.ReflectionFactory$GetReflectionFactoryAction archived mirror 0x00000007fef2e8b0
[2025-11-10T00:25:33.870+0700][5.665s][19752][19855][trace] Restored java.security.cert.Certificate archived mirror 0x00000007fef2e820
[2025-11-10T00:25:33.870+0700][5.665s][19752][19855][trace] Restored [Ljava.security.cert.Certificate; archived mirror 0x00000007fef2e7b0
[2025-11-10T00:25:33.870+0700][5.665s][19752][19855][trace] Restored java.util.AbstractSet archived mirror 0x00000007fef2e740
[2025-11-10T00:25:33.870+0700][5.665s][19752][19855][trace] Restored java.util.HashSet archived mirror 0x00000007fef2e6a0
[2025-11-10T00:25:33.871+0700][5.665s][19752][19855][trace] Restored java.util.AbstractMap archived mirror 0x00000007fef2e618
[2025-11-10T00:25:33.871+0700][5.665s][19752][19855][trace] Restored java.util.HashMap archived mirror 0x00000007fef2e568
[2025-11-10T00:25:33.871+0700][5.665s][19752][19855][trace] Restored java.util.concurrent.ConcurrentMap archived mirror 0x00000007fef2e4a0
[2025-11-10T00:25:33.871+0700][5.665s][19752][19855][trace] Restored java.util.concurrent.ConcurrentHashMap archived mirror 0x00000007fef2e368
[2025-11-10T00:25:33.871+0700][5.665s][19752][19855][trace] Restored java.lang.Runtime archived mirror 0x00000007fef2e2d0
[2025-11-10T00:25:33.871+0700][5.665s][19752][19855][trace] Restored java.util.concurrent.locks.Lock archived mirror 0x00000007fef2e240
[2025-11-10T00:25:33.871+0700][5.665s][19752][19855][trace] Restored [Ljava.util.concurrent.locks.Lock; archived mirror 0x00000007fef2e1d0
[2025-11-10T00:25:33.871+0700][5.665s][19752][19855][trace] Restored java.util.concurrent.locks.ReentrantLock archived mirror 0x00000007fef2e158
[2025-11-10T00:25:33.871+0700][5.665s][19752][19855][trace] Restored [Ljava.util.concurrent.locks.ReentrantLock; archived mirror 0x00000007fef2e0e8
[2025-11-10T00:25:33.871+0700][5.665s][19752][19855][trace] Restored java.util.concurrent.ConcurrentHashMap$Segment archived mirror 0x00000007fef2e070
[2025-11-10T00:25:33.871+0700][5.665s][19752][19855][trace] Restored [Ljava.util.concurrent.ConcurrentHashMap$Segment; archived mirror 0x00000007fef2e000
[2025-11-10T00:25:33.871+0700][5.665s][19752][19855][trace] Restored java.util.concurrent.ConcurrentHashMap$CounterCell archived mirror 0x00000007fef2df90
[2025-11-10T00:25:33.871+0700][5.665s][19752][19855][trace] Restored java.util.Map$Entry archived mirror 0x00000007fef2de88
[2025-11-10T00:25:33.871+0700][5.665s][19752][19855][trace] Restored [Ljava.util.Map$Entry; archived mirror 0x00000007fef2de18
[2025-11-10T00:25:33.871+0700][5.665s][19752][19855][trace] Restored java.util.concurrent.ConcurrentHashMap$Node archived mirror 0x00000007fef2dda8
[2025-11-10T00:25:33.871+0700][5.665s][19752][19855][trace] Restored [Ljava.util.concurrent.ConcurrentHashMap$Node; archived mirror 0x00000007fef2dd38
[2025-11-10T00:25:33.871+0700][5.665s][19752][19855][trace] Restored java.util.concurrent.locks.LockSupport archived mirror 0x00000007fef2dc88
[2025-11-10T00:25:33.871+0700][5.665s][19752][19855][trace] Restored java.util.concurrent.ConcurrentHashMap$ReservationNode archived mirror 0x00000007fef2dc18
[2025-11-10T00:25:33.872+0700][5.666s][19752][19855][trace] Restored jdk.internal.reflect.ReflectionFactory archived mirror 0x00000007fef2db38
[2025-11-10T00:25:33.872+0700][5.666s][19752][19855][trace] Restored java.lang.ref.Reference$ReferenceHandler archived mirror 0x00000007fef2dac8
[2025-11-10T00:25:33.872+0700][5.666s][19752][19855][trace] Restored jdk.internal.ref.Cleaner archived mirror 0x00000007fef2da50
[2025-11-10T00:25:33.872+0700][5.666s][19752][19855][trace] Restored java.lang.ref.ReferenceQueue archived mirror 0x00000007fef2d9b8
[2025-11-10T00:25:33.872+0700][5.666s][19752][19855][trace] Restored java.lang.ref.ReferenceQueue$Null archived mirror 0x00000007fef2d948
[2025-11-10T00:25:33.872+0700][5.666s][19752][19855][trace] Restored java.lang.ref.ReferenceQueue$Lock archived mirror 0x00000007fef2d8d8
[2025-11-10T00:25:33.872+0700][5.666s][19752][19855][trace] Restored jdk.internal.misc.JavaLangRefAccess archived mirror 0x00000007fef2d688
[2025-11-10T00:25:33.872+0700][5.666s][19752][19855][trace] Restored java.lang.ref.Reference$1 archived mirror 0x00000007fef2d618
[2025-11-10T00:25:33.872+0700][5.666s][19752][19855][trace] Restored jdk.internal.misc.SharedSecrets archived mirror 0x00000007fef2d520
[2025-11-10T00:25:33.872+0700][5.666s][19752][19855][trace] Restored java.lang.ref.Finalizer$FinalizerThread archived mirror 0x00000007fef2d498
[2025-11-10T00:25:33.873+0700][5.667s][19752][19895][trace] Restored jdk.internal.misc.VM archived mirror 0x00000007fef2d3a0
[2025-11-10T00:25:33.873+0700][5.667s][19752][19855][trace] Restored java.lang.StringLatin1 archived mirror 0x00000007fef2d310
[2025-11-10T00:25:33.873+0700][5.667s][19752][19855][trace] Restored java.util.Properties$EntrySet archived mirror 0x00000007fef2d2a0
[2025-11-10T00:25:33.873+0700][5.668s][19752][19855][trace] Restored java.util.concurrent.ConcurrentHashMap$CollectionView archived mirror 0x00000007fef2d200
[2025-11-10T00:25:33.873+0700][5.668s][19752][19855][trace] Restored java.util.concurrent.ConcurrentHashMap$EntrySetView archived mirror 0x00000007fef2d188
[2025-11-10T00:25:33.874+0700][5.668s][19752][19855][trace] Restored java.util.Collections archived mirror 0x00000007fef2d0d0
[2025-11-10T00:25:33.874+0700][5.668s][19752][19855][trace] Restored java.util.Collections$EmptySet archived mirror 0x00000007fef2d058
[2025-11-10T00:25:33.874+0700][5.668s][19752][19855][trace] Restored java.util.List archived mirror 0x00000007fef2cf78
[2025-11-10T00:25:33.874+0700][5.668s][19752][19855][trace] Restored java.util.AbstractList archived mirror 0x00000007fef2ced8
[2025-11-10T00:25:33.874+0700][5.668s][19752][19855][trace] Restored java.util.RandomAccess archived mirror 0x00000007fef2cfe8
[2025-11-10T00:25:33.874+0700][5.668s][19752][19855][trace] Restored java.util.Collections$EmptyList archived mirror 0x00000007fef2ce48
[2025-11-10T00:25:33.874+0700][5.668s][19752][19855][trace] Restored java.util.Collections$EmptyMap archived mirror 0x00000007fef2cdd0
[2025-11-10T00:25:33.874+0700][5.668s][19752][19855][trace] Restored java.util.Collections$SynchronizedCollection archived mirror 0x00000007fef2cd58
[2025-11-10T00:25:33.874+0700][5.668s][19752][19855][trace] Restored java.util.Collections$SynchronizedSet archived mirror 0x00000007fef2cce0
[2025-11-10T00:25:33.874+0700][5.668s][19752][19855][trace] Restored java.lang.reflect.Array archived mirror 0x00000007fef2cc70
[2025-11-10T00:25:33.874+0700][5.668s][19752][19855][trace] Restored java.util.concurrent.ConcurrentHashMap$Traverser archived mirror 0x00000007fef2cc00
[2025-11-10T00:25:33.874+0700][5.668s][19752][19855][trace] Restored java.util.concurrent.ConcurrentHashMap$BaseIterator archived mirror 0x00000007fef2cb90
[2025-11-10T00:25:33.874+0700][5.668s][19752][19855][trace] Restored java.util.concurrent.ConcurrentHashMap$EntryIterator archived mirror 0x00000007fef2cb20
[2025-11-10T00:25:33.874+0700][5.668s][19752][19855][trace] Restored java.util.concurrent.ConcurrentHashMap$MapEntry archived mirror 0x00000007fef2cab0
[2025-11-10T00:25:33.874+0700][5.668s][19752][19855][trace] Restored java.util.ImmutableCollections$AbstractImmutableMap archived mirror 0x00000007fef2ca40
[2025-11-10T00:25:33.874+0700][5.668s][19752][19855][trace] Restored java.util.ImmutableCollections$MapN archived mirror 0x00000007fef2c9a8
[2025-11-10T00:25:33.874+0700][5.668s][19752][19855][trace] Restored java.lang.Math archived mirror 0x00000007fef2c8d8
[2025-11-10T00:25:33.875+0700][5.669s][19752][19855][trace] Restored java.lang.CharacterData archived mirror 0x00000007fef29e78
[2025-11-10T00:25:33.875+0700][5.669s][19752][19855][trace] Restored java.lang.CharacterDataLatin1 archived mirror 0x00000007fef29df0
[2025-11-10T00:25:33.875+0700][5.669s][19752][19855][trace] Restored jdk.internal.util.StaticProperty archived mirror 0x00000007fef2c828
[2025-11-10T00:25:33.875+0700][5.669s][19752][19855][trace] Restored java.lang.VersionProps archived mirror 0x00000007fef2c6d8
[2025-11-10T00:25:33.875+0700][5.669s][19752][19855][trace] Restored java.io.FileInputStream archived mirror 0x00000007fef2c650
[2025-11-10T00:25:33.875+0700][5.669s][19752][19855][trace] Restored java.io.FileDescriptor archived mirror 0x00000007fef2c5b8
[2025-11-10T00:25:33.875+0700][5.669s][19752][19855][trace] Restored jdk.internal.misc.JavaIOFileDescriptorAccess archived mirror 0x00000007fef2c548
[2025-11-10T00:25:33.875+0700][5.669s][19752][19855][trace] Restored java.io.FileDescriptor$1 archived mirror 0x00000007fef2c4d8
[2025-11-10T00:25:33.875+0700][5.669s][19752][19855][trace] Restored java.io.Flushable archived mirror 0x00000007fef2c468
[2025-11-10T00:25:33.875+0700][5.669s][19752][19855][trace] Restored java.io.OutputStream archived mirror 0x00000007fef2c3f8
[2025-11-10T00:25:33.875+0700][5.669s][19752][19855][trace] Restored java.io.FileOutputStream archived mirror 0x00000007fef2c368
[2025-11-10T00:25:33.875+0700][5.669s][19752][19855][trace] Restored java.io.FilterInputStream archived mirror 0x00000007fef2c2f8
[2025-11-10T00:25:33.875+0700][5.669s][19752][19855][trace] Restored java.io.BufferedInputStream archived mirror 0x00000007fef2c248
[2025-11-10T00:25:33.875+0700][5.669s][19752][19855][trace] Restored java.io.FilterOutputStream archived mirror 0x00000007fef2c1d8
[2025-11-10T00:25:33.875+0700][5.669s][19752][19855][trace] Restored java.io.PrintStream archived mirror 0x00000007fef2c140
[2025-11-10T00:25:33.875+0700][5.670s][19752][19855][trace] Restored java.io.BufferedOutputStream archived mirror 0x00000007fef2c0b8
[2025-11-10T00:25:33.875+0700][5.670s][19752][19855][trace] Restored java.io.Writer archived mirror 0x00000007fef2c028
[2025-11-10T00:25:33.875+0700][5.670s][19752][19855][trace] Restored java.io.OutputStreamWriter archived mirror 0x00000007fef2bf98
[2025-11-10T00:25:33.876+0700][5.670s][19752][19855][trace] Restored java.nio.charset.Charset archived mirror 0x00000007fef2bee0
[2025-11-10T00:25:33.876+0700][5.670s][19752][19855][trace] Restored java.nio.charset.spi.CharsetProvider archived mirror 0x00000007fef2be58
[2025-11-10T00:25:33.876+0700][5.670s][19752][19855][trace] Restored sun.nio.cs.StandardCharsets archived mirror 0x00000007fef2b840
[2025-11-10T00:25:33.876+0700][5.670s][19752][19855][trace] Restored java.lang.ThreadLocal archived mirror 0x00000007fef2b5f0
[2025-11-10T00:25:33.876+0700][5.670s][19752][19855][trace] Restored java.util.concurrent.atomic.AtomicInteger archived mirror 0x00000007fef2b550
[2025-11-10T00:25:33.876+0700][5.670s][19752][19855][trace] Restored sun.security.action.GetPropertyAction archived mirror 0x00000007fef2b4e0
[2025-11-10T00:25:33.876+0700][5.670s][19752][19855][trace] Restored sun.nio.cs.HistoricallyNamedCharset archived mirror 0x00000007fef2b470
[2025-11-10T00:25:33.876+0700][5.670s][19752][19855][trace] Restored sun.nio.cs.Unicode archived mirror 0x00000007fef2b340
[2025-11-10T00:25:33.876+0700][5.670s][19752][19855][trace] Restored sun.nio.cs.UTF_8 archived mirror 0x00000007fef2b2b0
[2025-11-10T00:25:33.876+0700][5.670s][19752][19855][trace] Restored sun.nio.cs.StreamEncoder archived mirror 0x00000007fef2b220
[2025-11-10T00:25:33.876+0700][5.670s][19752][19855][trace] Restored java.nio.charset.CharsetEncoder archived mirror 0x00000007fef2b150
[2025-11-10T00:25:33.876+0700][5.670s][19752][19855][trace] Restored sun.nio.cs.UTF_8$Encoder archived mirror 0x00000007fef2b0e0
[2025-11-10T00:25:33.876+0700][5.671s][19752][19855][trace] Restored java.nio.charset.CodingErrorAction archived mirror 0x00000007fef2b040
[2025-11-10T00:25:33.876+0700][5.671s][19752][19855][trace] Restored java.util.Arrays archived mirror 0x00000007fef2af58
[2025-11-10T00:25:33.877+0700][5.671s][19752][19855][trace] Restored java.nio.ByteBuffer archived mirror 0x00000007fef2aeb8
[2025-11-10T00:25:33.877+0700][5.671s][19752][19855][trace] Restored jdk.internal.misc.JavaNioAccess archived mirror 0x00000007fef2ae48
[2025-11-10T00:25:33.877+0700][5.671s][19752][19855][trace] Restored java.nio.Buffer$1 archived mirror 0x00000007fef2add8
[2025-11-10T00:25:33.877+0700][5.671s][19752][19855][trace] Restored java.nio.HeapByteBuffer archived mirror 0x00000007fef2ad50
[2025-11-10T00:25:33.877+0700][5.671s][19752][19855][trace] Restored java.nio.ByteOrder archived mirror 0x00000007fef2acb8
[2025-11-10T00:25:33.877+0700][5.671s][19752][19855][trace] Restored java.io.BufferedWriter archived mirror 0x00000007fef2ac28
[2025-11-10T00:25:33.877+0700][5.671s][19752][19855][trace] Restored java.lang.Terminator archived mirror 0x00000007fef2ab90
[2025-11-10T00:25:33.877+0700][5.671s][19752][19855][trace] Restored jdk.internal.misc.Signal$Handler archived mirror 0x00000007fef2ab18
[2025-11-10T00:25:33.877+0700][5.671s][19752][19855][trace] Restored java.lang.Terminator$1 archived mirror 0x00000007fef2aaa8
[2025-11-10T00:25:33.877+0700][5.671s][19752][19855][trace] Restored jdk.internal.misc.Signal archived mirror 0x00000007fef2aa00
[2025-11-10T00:25:33.877+0700][5.671s][19752][19855][trace] Restored java.util.Hashtable$Entry archived mirror 0x00000007fef2a978
[2025-11-10T00:25:33.877+0700][5.671s][19752][19855][trace] Restored [Ljava.util.Hashtable$Entry; archived mirror 0x00000007fef2a908
[2025-11-10T00:25:33.877+0700][5.671s][19752][19855][trace] Restored jdk.internal.misc.Signal$NativeHandler archived mirror 0x00000007fef2a878
[2025-11-10T00:25:33.877+0700][5.671s][19752][19855][trace] Restored java.lang.Integer$IntegerCache archived mirror 0x00000007fef2a7d8
[2025-11-10T00:25:33.877+0700][5.671s][19752][19855][trace] Restored jdk.internal.misc.OSEnvironment archived mirror 0x00000007fef2a570
[2025-11-10T00:25:33.877+0700][5.671s][19752][19855][trace] Restored jdk.internal.misc.JavaLangAccess archived mirror 0x00000007fef2a500
[2025-11-10T00:25:33.877+0700][5.671s][19752][19855][trace] Restored java.lang.System$2 archived mirror 0x00000007fef2a478
[2025-11-10T00:25:33.877+0700][5.671s][19752][19855][trace] Restored java.io.File archived mirror 0x00000007fef2a378
[2025-11-10T00:25:33.877+0700][5.672s][19752][19855][trace] Restored java.io.DefaultFileSystem archived mirror 0x00000007fef2a308
[2025-11-10T00:25:33.877+0700][5.672s][19752][19855][trace] Restored java.io.FileSystem archived mirror 0x00000007fef2a250
[2025-11-10T00:25:33.877+0700][5.672s][19752][19855][trace] Restored java.io.UnixFileSystem archived mirror 0x00000007fef2a1b8
[2025-11-10T00:25:33.878+0700][5.672s][19752][19855][trace] Restored java.io.ExpiringCache archived mirror 0x00000007fef2a148
[2025-11-10T00:25:33.878+0700][5.672s][19752][19855][trace] Restored java.util.LinkedHashMap archived mirror 0x00000007fef2a0d0
[2025-11-10T00:25:33.878+0700][5.672s][19752][19855][trace] Restored java.io.ExpiringCache$1 archived mirror 0x00000007fef2a060
[2025-11-10T00:25:33.878+0700][5.672s][19752][19855][trace] Restored java.lang.IllegalArgumentException archived mirror 0x00000007fef29fe8
[2025-11-10T00:25:33.879+0700][5.673s][19752][19855][trace] Restored java.lang.invoke.MethodHandleStatics archived mirror 0x00000007fef29ee8
[2025-11-10T00:25:33.880+0700][5.674s][19752][19855][trace] Restored jdk.internal.module.ModuleBootstrap archived mirror 0x00000007fef29b58
[2025-11-10T00:25:33.880+0700][5.674s][19752][19855][trace] Restored java.lang.module.ModuleDescriptor archived mirror 0x00000007fef28118
[2025-11-10T00:25:33.880+0700][5.674s][19752][19855][trace] Restored [Ljava.lang.module.ModuleDescriptor; archived mirror 0x00000007fef280a8
[2025-11-10T00:25:33.880+0700][5.674s][19752][19855][trace] Restored jdk.internal.misc.JavaLangModuleAccess archived mirror 0x00000007fef29a80
[2025-11-10T00:25:33.880+0700][5.674s][19752][19855][trace] Restored java.lang.module.ModuleDescriptor$1 archived mirror 0x00000007fef29a10
[2025-11-10T00:25:33.880+0700][5.674s][19752][19855][trace] Restored java.util.ImmutableCollections archived mirror 0x00000007fef29998
[2025-11-10T00:25:33.880+0700][5.674s][19752][19855][trace] Restored jdk.internal.module.ModulePatcher archived mirror 0x00000007fef297d8
[2025-11-10T00:25:33.880+0700][5.674s][19752][19855][trace] Restored java.util.ArrayList archived mirror 0x00000007fef279d8
[2025-11-10T00:25:33.880+0700][5.674s][19752][19855][trace] Restored java.util.HashMap$Node archived mirror 0x00000007fef27318
[2025-11-10T00:25:33.880+0700][5.674s][19752][19855][trace] Restored [Ljava.util.HashMap$Node; archived mirror 0x00000007fef272a8
[2025-11-10T00:25:33.880+0700][5.674s][19752][19855][trace] Restored java.util.ImmutableCollections$SetN archived mirror 0x00000007fef29748
[2025-11-10T00:25:33.880+0700][5.674s][19752][19855][trace] Restored jdk.internal.module.ArchivedModuleGraph archived mirror 0x00000007fef296c8
[2025-11-10T00:25:33.880+0700][5.674s][19752][19855][trace] Restored jdk.internal.module.SystemModules archived mirror 0x00000007fef29230
[2025-11-10T00:25:33.880+0700][5.675s][19752][19855][trace] Restored jdk.internal.module.SystemModules$default archived mirror 0x00000007fef28190
[2025-11-10T00:25:33.880+0700][5.675s][19752][19855][trace] Restored java.lang.module.ModuleFinder archived mirror 0x00000007fef26be8
[2025-11-10T00:25:33.881+0700][5.675s][19752][19855][trace] Restored jdk.internal.module.SystemModuleFinders$SystemModuleFinder archived mirror 0x00000007fef26b78
[2025-11-10T00:25:33.881+0700][5.675s][19752][19855][trace] Restored java.lang.module.ModuleReference archived mirror 0x00000007fef26fd0
[2025-11-10T00:25:33.881+0700][5.675s][19752][19855][trace] Restored [Ljava.lang.module.ModuleReference; archived mirror 0x00000007fef26f60
[2025-11-10T00:25:33.881+0700][5.675s][19752][19855][trace] Restored jdk.internal.module.ModuleReferenceImpl archived mirror 0x00000007fef26df0
[2025-11-10T00:25:33.881+0700][5.675s][19752][19855][trace] Restored java.lang.module.ModuleDescriptor$Version archived mirror 0x00000007fef27a88
[2025-11-10T00:25:33.881+0700][5.675s][19752][19855][trace] Restored java.lang.module.ModuleDescriptor$Exports archived mirror 0x00000007fef27ea0
[2025-11-10T00:25:33.881+0700][5.675s][19752][19855][trace] Restored [Ljava.lang.module.ModuleDescriptor$Exports; archived mirror 0x00000007fef27e30
[2025-11-10T00:25:33.881+0700][5.675s][19752][19855][trace] Restored java.lang.module.ModuleDescriptor$Provides archived mirror 0x00000007fef27cb0
[2025-11-10T00:25:33.881+0700][5.675s][19752][19855][trace] Restored [Ljava.lang.module.ModuleDescriptor$Provides; archived mirror 0x00000007fef27c40
[2025-11-10T00:25:33.881+0700][5.675s][19752][19855][trace] Restored java.util.ImmutableCollections$AbstractImmutableList archived mirror 0x00000007fef27ba0
[2025-11-10T00:25:33.881+0700][5.675s][19752][19855][trace] Restored java.util.ImmutableCollections$List12 archived mirror 0x00000007fef27b18
[2025-11-10T00:25:33.881+0700][5.675s][19752][19855][trace] Restored java.net.URI archived mirror 0x00000007fef293f0
[2025-11-10T00:25:33.881+0700][5.675s][19752][19855][trace] Restored jdk.internal.misc.JavaNetUriAccess archived mirror 0x00000007fef29380
[2025-11-10T00:25:33.881+0700][5.675s][19752][19855][trace] Restored java.net.URI$1 archived mirror 0x00000007fef29310
[2025-11-10T00:25:33.881+0700][5.675s][19752][19855][trace] Restored java.util.function.Supplier archived mirror 0x00000007fef26ef0
[2025-11-10T00:25:33.881+0700][5.675s][19752][19855][trace] Restored jdk.internal.module.SystemModuleFinders$2 archived mirror 0x00000007fef26e80
[2025-11-10T00:25:33.881+0700][5.675s][19752][19855][trace] Restored jdk.internal.module.ModuleTarget archived mirror 0x00000007fef275a8
[2025-11-10T00:25:33.881+0700][5.675s][19752][19855][trace] Restored [Ljdk.internal.module.ModuleTarget; archived mirror 0x00000007fef27538
[2025-11-10T00:25:33.881+0700][5.675s][19752][19855][trace] Restored jdk.internal.module.ModuleHashes archived mirror 0x00000007fef27480
[2025-11-10T00:25:33.881+0700][5.675s][19752][19855][trace] Restored [Ljdk.internal.module.ModuleHashes; archived mirror 0x00000007fef27410
[2025-11-10T00:25:33.881+0700][5.675s][19752][19855][trace] Restored java.util.Collections$UnmodifiableMap archived mirror 0x00000007fef27148
[2025-11-10T00:25:33.881+0700][5.675s][19752][19855][trace] Restored java.lang.module.ModuleDescriptor$Requires archived mirror 0x00000007fef27f98
[2025-11-10T00:25:33.881+0700][5.675s][19752][19855][trace] Restored [Ljava.lang.module.ModuleDescriptor$Requires; archived mirror 0x00000007fef27f28
[2025-11-10T00:25:33.881+0700][5.676s][19752][19855][trace] Restored java.lang.Enum archived mirror 0x00000007fef27928
[2025-11-10T00:25:33.881+0700][5.676s][19752][19855][trace] Restored [Ljava.lang.Enum; archived mirror 0x00000007fef278b8
[2025-11-10T00:25:33.881+0700][5.676s][19752][19855][trace] Restored java.lang.module.ModuleDescriptor$Requires$Modifier archived mirror 0x00000007fef27718
[2025-11-10T00:25:33.881+0700][5.676s][19752][19855][trace] Restored [Ljava.lang.module.ModuleDescriptor$Requires$Modifier; archived mirror 0x00000007fef276a8
[2025-11-10T00:25:33.882+0700][5.676s][19752][19855][trace] Restored jdk.internal.module.ModuleHashes$HashSupplier archived mirror 0x00000007fef26cf8
[2025-11-10T00:25:33.882+0700][5.676s][19752][19855][trace] Restored jdk.internal.module.SystemModuleFinders$3 archived mirror 0x00000007fef26c88
[2025-11-10T00:25:33.882+0700][5.676s][19752][19855][trace] Restored java.util.ImmutableCollections$ListN archived mirror 0x00000007fef27618
[2025-11-10T00:25:33.882+0700][5.676s][19752][19855][trace] Restored java.lang.module.ModuleDescriptor$Opens archived mirror 0x00000007fef27da8
[2025-11-10T00:25:33.882+0700][5.676s][19752][19855][trace] Restored [Ljava.lang.module.ModuleDescriptor$Opens; archived mirror 0x00000007fef27d38
[2025-11-10T00:25:33.882+0700][5.676s][19752][19855][trace] Restored java.lang.module.Configuration archived mirror 0x00000007fef24818
[2025-11-10T00:25:33.882+0700][5.676s][19752][19855][trace] Restored java.lang.module.ResolvedModule archived mirror 0x00000007fef24790
[2025-11-10T00:25:33.882+0700][5.676s][19752][19855][trace] Restored [Ljava.lang.module.ResolvedModule; archived mirror 0x00000007fef24720
[2025-11-10T00:25:33.882+0700][5.676s][19752][19855][trace] Restored jdk.internal.module.SystemModuleFinders archived mirror 0x00000007fef29600
[2025-11-10T00:25:33.882+0700][5.676s][19752][19855][trace] Restored jdk.internal.module.SystemModulesMap archived mirror 0x00000007fef292a0
[2025-11-10T00:25:33.882+0700][5.676s][19752][19855][trace] Restored jdk.internal.module.SystemModules$all archived mirror 0x00000007fef20d50
[2025-11-10T00:25:33.882+0700][5.676s][19752][19855][trace] Restored jdk.internal.module.Builder archived mirror 0x00000007fef28028
[2025-11-10T00:25:33.883+0700][5.677s][19752][19855][trace] Restored java.lang.module.ModuleDescriptor$Modifier archived mirror 0x00000007fef27830
[2025-11-10T00:25:33.883+0700][5.677s][19752][19855][trace] Restored [Ljava.lang.module.ModuleDescriptor$Modifier; archived mirror 0x00000007fef277c0
[2025-11-10T00:25:33.885+0700][5.679s][19752][19855][trace] Restored jdk.internal.module.ModuleHashes$Builder archived mirror 0x00000007fef273a0
[2025-11-10T00:25:33.885+0700][5.679s][19752][19855][trace] Restored java.util.LinkedHashMap$Entry archived mirror 0x00000007fef27238
[2025-11-10T00:25:33.885+0700][5.679s][19752][19855][trace] Restored java.util.HashMap$TreeNode archived mirror 0x00000007fef271c0
[2025-11-10T00:25:33.885+0700][5.679s][19752][19855][trace] Restored jdk.internal.module.ModuleResolution archived mirror 0x00000007fef270b0
[2025-11-10T00:25:33.885+0700][5.679s][19752][19855][trace] Restored [Ljdk.internal.module.ModuleResolution; archived mirror 0x00000007fef27040
[2025-11-10T00:25:33.885+0700][5.679s][19752][19855][trace] Restored java.util.KeyValueHolder archived mirror 0x00000007fef26d68
[2025-11-10T00:25:33.886+0700][5.680s][19752][19855][trace] Restored jdk.internal.module.ModuleBootstrap$Counters archived mirror 0x00000007fef26ae0
[2025-11-10T00:25:33.886+0700][5.680s][19752][19855][trace] Restored java.util.Optional archived mirror 0x00000007fef26a48
[2025-11-10T00:25:33.886+0700][5.680s][19752][19855][trace] Restored jdk.internal.loader.BootLoader archived mirror 0x00000007fef269a0
[2025-11-10T00:25:33.886+0700][5.680s][19752][19855][trace] Restored jdk.internal.module.ServicesCatalog archived mirror 0x00000007fef26928
[2025-11-10T00:25:33.886+0700][5.680s][19752][19855][trace] Restored jdk.internal.loader.AbstractClassLoaderValue archived mirror 0x00000007fef268b0
[2025-11-10T00:25:33.886+0700][5.680s][19752][19855][trace] Restored jdk.internal.loader.ClassLoaderValue archived mirror 0x00000007fef26840
[2025-11-10T00:25:33.886+0700][5.680s][19752][19855][trace] Restored jdk.internal.loader.ClassLoaders$BootClassLoader archived mirror 0x00000007fef267d0
[2025-11-10T00:25:33.886+0700][5.681s][19752][19855][trace] Restored jdk.internal.reflect.Reflection archived mirror 0x00000007fef26708
[2025-11-10T00:25:33.886+0700][5.681s][19752][19855][trace] Restored java.lang.ClassLoader$ParallelLoaders archived mirror 0x00000007fef26690
[2025-11-10T00:25:33.887+0700][5.681s][19752][19855][trace] Restored java.util.WeakHashMap archived mirror 0x00000007fef265f8
[2025-11-10T00:25:33.887+0700][5.681s][19752][19855][trace] Restored java.util.WeakHashMap$Entry archived mirror 0x00000007fef263a8
[2025-11-10T00:25:33.887+0700][5.681s][19752][19855][trace] Restored [Ljava.util.WeakHashMap$Entry; archived mirror 0x00000007fef26338
[2025-11-10T00:25:33.887+0700][5.681s][19752][19855][trace] Restored java.util.Collections$SetFromMap archived mirror 0x00000007fef262a8
[2025-11-10T00:25:33.887+0700][5.681s][19752][19855][trace] Restored java.util.WeakHashMap$KeySet archived mirror 0x00000007fef26238
[2025-11-10T00:25:33.887+0700][5.681s][19752][19855][trace] Restored java.util.Vector archived mirror 0x00000007fef26160
[2025-11-10T00:25:33.887+0700][5.681s][19752][19855][trace] Restored jdk.internal.misc.JavaSecurityAccess archived mirror 0x00000007fef260f0
[2025-11-10T00:25:33.887+0700][5.681s][19752][19855][trace] Restored java.security.ProtectionDomain$JavaSecurityAccessImpl archived mirror 0x00000007fef26080
[2025-11-10T00:25:33.887+0700][5.681s][19752][19855][trace] Restored java.security.ProtectionDomain$Key archived mirror 0x00000007fef26010
[2025-11-10T00:25:33.887+0700][5.681s][19752][19855][trace] Restored java.security.Principal archived mirror 0x00000007fef25fa0
[2025-11-10T00:25:33.887+0700][5.681s][19752][19855][trace] Restored [Ljava.security.Principal; archived mirror 0x00000007fef25f30
[2025-11-10T00:25:33.887+0700][5.681s][19752][19855][trace] Restored jdk.internal.loader.URLClassPath archived mirror 0x00000007fef25e58
[2025-11-10T00:25:33.887+0700][5.681s][19752][19855][trace] Restored java.net.URLStreamHandlerFactory archived mirror 0x00000007fef25de8
[2025-11-10T00:25:33.887+0700][5.681s][19752][19855][trace] Restored java.net.URL$DefaultFactory archived mirror 0x00000007fef25d50
[2025-11-10T00:25:33.887+0700][5.681s][19752][19855][trace] Restored jdk.internal.misc.JavaNetURLAccess archived mirror 0x00000007fef25ce0
[2025-11-10T00:25:33.887+0700][5.682s][19752][19855][trace] Restored java.net.URL$3 archived mirror 0x00000007fef25c70
[2025-11-10T00:25:33.887+0700][5.682s][19752][19855][trace] Restored java.io.File$PathStatus archived mirror 0x00000007fef25bd8
[2025-11-10T00:25:33.888+0700][5.682s][19752][19855][trace] Restored [Ljava.io.File$PathStatus; archived mirror 0x00000007fef25b68
[2025-11-10T00:25:33.888+0700][5.682s][19752][19855][trace] Restored java.io.ExpiringCache$Entry archived mirror 0x00000007fef25af8
[2025-11-10T00:25:33.888+0700][5.682s][19752][19855][trace] Restored sun.net.www.ParseUtil archived mirror 0x00000007fef25908
[2025-11-10T00:25:33.888+0700][5.682s][19752][19855][trace] Restored java.net.URLStreamHandler archived mirror 0x00000007fef25850
[2025-11-10T00:25:33.888+0700][5.682s][19752][19855][trace] Restored sun.net.www.protocol.file.Handler archived mirror 0x00000007fef257b8
[2025-11-10T00:25:33.888+0700][5.682s][19752][19855][trace] Restored java.lang.Class$ReflectionData archived mirror 0x00000007fef25740
[2025-11-10T00:25:33.888+0700][5.682s][19752][19855][trace] Restored java.lang.Class$Atomic archived mirror 0x00000007fef25690
[2025-11-10T00:25:33.888+0700][5.682s][19752][19855][trace] Restored java.lang.reflect.Modifier archived mirror 0x00000007fef251e0
[2025-11-10T00:25:33.888+0700][5.682s][19752][19855][trace] Restored jdk.internal.reflect.LangReflectAccess archived mirror 0x00000007fef25170
[2025-11-10T00:25:33.888+0700][5.682s][19752][19855][trace] Restored java.lang.reflect.ReflectAccess archived mirror 0x00000007fef25100
[2025-11-10T00:25:33.888+0700][5.682s][19752][19855][trace] Restored java.lang.Class$1 archived mirror 0x00000007fef25090
[2025-11-10T00:25:33.888+0700][5.683s][19752][19855][trace] Restored jdk.internal.reflect.NativeConstructorAccessorImpl archived mirror 0x00000007fef25020
[2025-11-10T00:25:33.888+0700][5.683s][19752][19855][trace] Restored jdk.internal.reflect.DelegatingConstructorAccessorImpl archived mirror 0x00000007fef24fb0
[2025-11-10T00:25:33.889+0700][5.683s][19752][19855][trace] Restored sun.net.util.IPAddressUtil archived mirror 0x00000007fef24dd8
[2025-11-10T00:25:33.895+0700][5.689s][19752][19855][trace] Restored java.util.Queue archived mirror 0x00000007fef24d28
[2025-11-10T00:25:33.895+0700][5.689s][19752][19855][trace] Restored java.util.Deque archived mirror 0x00000007fef24c88
[2025-11-10T00:25:33.895+0700][5.689s][19752][19855][trace] Restored java.util.ArrayDeque archived mirror 0x00000007fef24bb8
[2025-11-10T00:25:33.895+0700][5.690s][19752][19855][trace] Restored jdk.internal.util.Preconditions archived mirror 0x00000007fef24b10
[2025-11-10T00:25:33.896+0700][5.690s][19752][19855][trace] Restored sun.net.www.protocol.jar.Handler archived mirror 0x00000007fef24a58
[2025-11-10T00:25:33.896+0700][5.690s][19752][19855][trace] Restored jdk.internal.loader.BuiltinClassLoader$LoadedModule archived mirror 0x00000007fef249e8
[2025-11-10T00:25:33.896+0700][5.690s][19752][19855][trace] Restored sun.net.www.protocol.jrt.Handler archived mirror 0x00000007fef24978
[2025-11-10T00:25:33.896+0700][5.690s][19752][19855][trace] Restored java.util.ImmutableCollections$SetN$SetNIterator archived mirror 0x00000007fef24908
[2025-11-10T00:25:33.897+0700][5.691s][19752][19855][trace] Restored java.util.HashMap$KeySet archived mirror 0x00000007fef23ca0
[2025-11-10T00:25:33.897+0700][5.691s][19752][19855][trace] Restored java.util.HashMap$HashIterator archived mirror 0x00000007fef23c30
[2025-11-10T00:25:33.897+0700][5.691s][19752][19855][trace] Restored java.util.HashMap$KeyIterator archived mirror 0x00000007fef23bc0
[2025-11-10T00:25:33.897+0700][5.692s][19752][19855][trace] Restored java.util.Spliterators archived mirror 0x00000007fef10da8
[2025-11-10T00:25:33.897+0700][5.692s][19752][19855][trace] Restored java.util.Spliterators$EmptySpliterator archived mirror 0x00000007fef10d38
[2025-11-10T00:25:33.898+0700][5.692s][19752][19855][trace] Restored java.util.Spliterator archived mirror 0x00000007fef12760
[2025-11-10T00:25:33.898+0700][5.692s][19752][19855][trace] Restored java.util.Spliterators$EmptySpliterator$OfRef archived mirror 0x00000007fef10cc8
[2025-11-10T00:25:33.898+0700][5.692s][19752][19855][trace] Restored java.util.Spliterator$OfPrimitive archived mirror 0x00000007fef10c38
[2025-11-10T00:25:33.898+0700][5.692s][19752][19855][trace] Restored java.util.Spliterator$OfInt archived mirror 0x00000007fef10b88
[2025-11-10T00:25:33.898+0700][5.692s][19752][19855][trace] Restored java.util.Spliterators$EmptySpliterator$OfInt archived mirror 0x00000007fef10b18
[2025-11-10T00:25:33.898+0700][5.692s][19752][19855][trace] Restored java.util.Spliterator$OfLong archived mirror 0x00000007fef10a68
[2025-11-10T00:25:33.898+0700][5.692s][19752][19855][trace] Restored java.util.Spliterators$EmptySpliterator$OfLong archived mirror 0x00000007fef109f8
[2025-11-10T00:25:33.898+0700][5.692s][19752][19855][trace] Restored java.util.Spliterator$OfDouble archived mirror 0x00000007fef10948
[2025-11-10T00:25:33.898+0700][5.692s][19752][19855][trace] Restored java.util.Spliterators$EmptySpliterator$OfDouble archived mirror 0x00000007fef108d8
[2025-11-10T00:25:33.898+0700][5.692s][19752][19855][trace] Restored java.util.stream.StreamSupport archived mirror 0x00000007fef12680
[2025-11-10T00:25:33.898+0700][5.692s][19752][19855][trace] Restored java.util.stream.PipelineHelper archived mirror 0x00000007fef124e0
[2025-11-10T00:25:33.898+0700][5.692s][19752][19855][trace] Restored java.util.stream.BaseStream archived mirror 0x00000007fef12610
[2025-11-10T00:25:33.898+0700][5.692s][19752][19855][trace] Restored java.util.stream.AbstractPipeline archived mirror 0x00000007fef12408
[2025-11-10T00:25:33.898+0700][5.692s][19752][19855][trace] Restored java.util.stream.Stream archived mirror 0x00000007fef12550
[2025-11-10T00:25:33.898+0700][5.692s][19752][19855][trace] Restored java.util.stream.ReferencePipeline archived mirror 0x00000007fef12360
[2025-11-10T00:25:33.898+0700][5.692s][19752][19855][trace] Restored java.util.stream.ReferencePipeline$Head archived mirror 0x00000007fef122f0
[2025-11-10T00:25:33.898+0700][5.692s][19752][19855][trace] Restored java.util.stream.StreamOpFlag archived mirror 0x00000007fef121e8
[2025-11-10T00:25:33.898+0700][5.693s][19752][19855][trace] Restored java.util.stream.StreamOpFlag$Type archived mirror 0x00000007fef12138
[2025-11-10T00:25:33.898+0700][5.693s][19752][19855][trace] Restored java.util.stream.StreamOpFlag$MaskBuilder archived mirror 0x00000007fef120c8
[2025-11-10T00:25:33.898+0700][5.693s][19752][19855][trace] Restored java.util.EnumMap archived mirror 0x00000007fef12030
[2025-11-10T00:25:33.899+0700][5.693s][19752][19855][trace] Restored java.util.EnumMap$1 archived mirror 0x00000007fef11fa8
[2025-11-10T00:25:33.899+0700][5.693s][19752][19855][trace] Restored java.lang.PublicMethods$MethodList archived mirror 0x00000007fef19330
[2025-11-10T00:25:33.899+0700][5.693s][19752][19855][trace] Restored java.lang.PublicMethods$Key archived mirror 0x00000007fef192b8
[2025-11-10T00:25:33.899+0700][5.693s][19752][19855][trace] Restored java.lang.Class$3 archived mirror 0x00000007fef11f38
[2025-11-10T00:25:33.899+0700][5.693s][19752][19855][trace] Restored java.util.HashMap$EntrySet archived mirror 0x00000007fef237f8
[2025-11-10T00:25:33.899+0700][5.693s][19752][19855][trace] Restored java.util.HashMap$EntryIterator archived mirror 0x00000007fef23788
[2025-11-10T00:25:33.899+0700][5.693s][19752][19855][trace] Restored sun.reflect.annotation.AnnotationParser archived mirror 0x00000007fef11e48
[2025-11-10T00:25:33.899+0700][5.693s][19752][19855][trace] Restored jdk.internal.reflect.NativeMethodAccessorImpl archived mirror 0x00000007fef11dd8
[2025-11-10T00:25:33.899+0700][5.693s][19752][19855][trace] Restored jdk.internal.reflect.DelegatingMethodAccessorImpl archived mirror 0x00000007fef11d68
[2025-11-10T00:25:33.899+0700][5.694s][19752][19855][trace] Restored java.lang.invoke.LambdaMetafactory archived mirror 0x00000007fef12e10
[2025-11-10T00:25:33.899+0700][5.694s][19752][19855][trace] Restored java.lang.invoke.MethodHandles$Lookup archived mirror 0x00000007fef1c3c0
[2025-11-10T00:25:33.900+0700][5.694s][19752][19855][trace] Restored java.lang.invoke.MethodType$ConcurrentWeakInternSet archived mirror 0x00000007fef1b888
[2025-11-10T00:25:33.900+0700][5.694s][19752][19855][trace] Restored java.lang.invoke.MethodType$ConcurrentWeakInternSet$WeakEntry archived mirror 0x00000007fef1b818
[2025-11-10T00:25:33.900+0700][5.694s][19752][19855][trace] Restored java.lang.Void archived mirror 0x00000007fef1bb00
[2025-11-10T00:25:33.900+0700][5.694s][19752][19855][trace] Restored java.lang.invoke.MethodTypeForm archived mirror 0x00000007fef1b700
[2025-11-10T00:25:33.900+0700][5.694s][19752][19855][trace] Restored java.lang.invoke.MethodHandles archived mirror 0x00000007fef1c800
[2025-11-10T00:25:33.900+0700][5.694s][19752][19855][trace] Restored java.lang.invoke.MemberName$Factory archived mirror 0x00000007fef1c768
[2025-11-10T00:25:33.900+0700][5.694s][19752][19855][trace] Restored java.security.Guard archived mirror 0x00000007fef1c6f8
[2025-11-10T00:25:33.900+0700][5.694s][19752][19855][trace] Restored java.security.Permission archived mirror 0x00000007fef1c660
[2025-11-10T00:25:33.900+0700][5.695s][19752][19855][trace] Restored java.security.BasicPermission archived mirror 0x00000007fef1c5c0
[2025-11-10T00:25:33.900+0700][5.695s][19752][19855][trace] Restored java.lang.reflect.ReflectPermission archived mirror 0x00000007fef1c548
[2025-11-10T00:25:33.901+0700][5.695s][19752][19855][trace] Restored sun.invoke.util.VerifyAccess archived mirror 0x00000007fef1c318
[2025-11-10T00:25:33.901+0700][5.695s][19752][19855][trace] Restored sun.invoke.util.Wrapper archived mirror 0x00000007fef1b5a0
[2025-11-10T00:25:33.901+0700][5.695s][19752][19855][trace] Restored sun.invoke.util.Wrapper$Format archived mirror 0x00000007fef1b4f0
[2025-11-10T00:25:33.901+0700][5.695s][19752][19855][trace] Restored java.lang.invoke.LambdaForm$NamedFunction archived mirror 0x00000007fef16cc0
[2025-11-10T00:25:33.901+0700][5.695s][19752][19855][trace] Restored java.lang.invoke.DirectMethodHandle$Holder archived mirror 0x00000007fef16c38
[2025-11-10T00:25:33.901+0700][5.695s][19752][19855][trace] Restored sun.invoke.util.ValueConversions archived mirror 0x00000007fef16b58
[2025-11-10T00:25:33.901+0700][5.695s][19752][19855][trace] Restored java.lang.invoke.MethodHandleImpl archived mirror 0x00000007fef16968
[2025-11-10T00:25:33.901+0700][5.696s][19752][19855][trace] Restored java.lang.invoke.Invokers archived mirror 0x00000007fef16878
[2025-11-10T00:25:33.901+0700][5.696s][19752][19855][trace] Restored java.lang.invoke.LambdaForm$Kind archived mirror 0x00000007fef163e8
[2025-11-10T00:25:33.902+0700][5.696s][19752][19855][trace] Restored java.lang.NoSuchMethodException archived mirror 0x00000007fef16370
[2025-11-10T00:25:33.902+0700][5.696s][19752][19855][trace] Restored java.lang.invoke.LambdaForm$BasicType archived mirror 0x00000007fef16288
[2025-11-10T00:25:33.902+0700][5.696s][19752][19855][trace] Restored java.lang.invoke.LambdaForm$Name archived mirror 0x00000007fef161b8
[2025-11-10T00:25:33.902+0700][5.696s][19752][19855][trace] Restored java.lang.invoke.LambdaForm$Holder archived mirror 0x00000007fef16130
[2025-11-10T00:25:33.902+0700][5.696s][19752][19855][trace] Restored java.lang.invoke.MethodHandleImpl$Intrinsic archived mirror 0x00000007fef16050
[2025-11-10T00:25:33.902+0700][5.696s][19752][19855][trace] Restored java.lang.invoke.InvokerBytecodeGenerator archived mirror 0x00000007fef15e00
[2025-11-10T00:25:33.902+0700][5.696s][19752][19855][trace] Restored java.lang.invoke.InvokerBytecodeGenerator$2 archived mirror 0x00000007fef15d80
[2025-11-10T00:25:33.905+0700][5.699s][19752][19855][trace] Restored java.util.function.Predicate archived mirror 0x00000007fef13180
[2025-11-10T00:25:33.905+0700][5.699s][19752][19855][trace] Restored java.lang.invoke.BootstrapMethodInvoker archived mirror 0x00000007fef148a0
[2025-11-10T00:25:33.905+0700][5.700s][19752][19855][trace] Restored java.lang.invoke.Invokers$Holder archived mirror 0x00000007fef14ae8
[2025-11-10T00:25:33.906+0700][5.700s][19752][19855][trace] Restored jdk.internal.misc.JavaLangInvokeAccess archived mirror 0x00000007fef15220
[2025-11-10T00:25:33.906+0700][5.700s][19752][19855][trace] Restored java.lang.invoke.MethodHandleImpl$1 archived mirror 0x00000007fef151b0
[2025-11-10T00:25:33.906+0700][5.700s][19752][19855][trace] Restored java.lang.invoke.AbstractValidatingLambdaMetafactory archived mirror 0x00000007fef12d50
[2025-11-10T00:25:33.906+0700][5.700s][19752][19855][trace] Restored java.lang.invoke.InnerClassLambdaMetafactory archived mirror 0x00000007fef12bf0
[2025-11-10T00:25:33.906+0700][5.700s][19752][19855][trace] Restored jdk.internal.org.objectweb.asm.Type archived mirror 0x00000007fef15760
[2025-11-10T00:25:33.906+0700][5.700s][19752][19855][trace] Restored sun.security.action.GetBooleanAction archived mirror 0x00000007fef17b98
[2025-11-10T00:25:33.906+0700][5.700s][19752][19855][trace] Restored java.lang.invoke.MethodHandleInfo archived mirror 0x00000007fef12b40
[2025-11-10T00:25:33.906+0700][5.700s][19752][19855][trace] Restored java.lang.invoke.InfoFromMemberName archived mirror 0x00000007fef12ab0
[2025-11-10T00:25:33.906+0700][5.701s][19752][19855][trace] Restored sun.invoke.util.BytecodeDescriptor archived mirror 0x00000007fef15a08
[2025-11-10T00:25:33.907+0700][5.701s][19752][19855][trace] Restored jdk.internal.org.objectweb.asm.ClassVisitor archived mirror 0x00000007fef15d10
[2025-11-10T00:25:33.907+0700][5.701s][19752][19855][trace] Restored jdk.internal.org.objectweb.asm.ClassWriter archived mirror 0x00000007fef15b88
[2025-11-10T00:25:33.907+0700][5.701s][19752][19855][trace] Restored jdk.internal.org.objectweb.asm.ByteVector archived mirror 0x00000007fef15b18
[2025-11-10T00:25:33.907+0700][5.701s][19752][19855][trace] Restored jdk.internal.org.objectweb.asm.Item archived mirror 0x00000007fef15aa8
[2025-11-10T00:25:33.907+0700][5.701s][19752][19855][trace] Restored jdk.internal.org.objectweb.asm.MethodVisitor archived mirror 0x00000007fef15980
[2025-11-10T00:25:33.907+0700][5.701s][19752][19855][trace] Restored jdk.internal.org.objectweb.asm.MethodWriter archived mirror 0x00000007fef15868
[2025-11-10T00:25:33.907+0700][5.701s][19752][19855][trace] Restored jdk.internal.org.objectweb.asm.Label archived mirror 0x00000007fef156a8
[2025-11-10T00:25:33.907+0700][5.701s][19752][19855][trace] Restored jdk.internal.org.objectweb.asm.Frame archived mirror 0x00000007fef155a0
[2025-11-10T00:25:33.907+0700][5.701s][19752][19855][trace] Restored jdk.internal.org.objectweb.asm.AnnotationVisitor archived mirror 0x00000007fef15530
[2025-11-10T00:25:33.907+0700][5.701s][19752][19855][trace] Restored jdk.internal.org.objectweb.asm.AnnotationWriter archived mirror 0x00000007fef154a8
[2025-11-10T00:25:33.907+0700][5.701s][19752][19855][trace] Restored java.lang.invoke.TypeConvertingMethodAdapter archived mirror 0x00000007fef129e8
[2025-11-10T00:25:33.907+0700][5.701s][19752][19855][trace] Restored java.lang.invoke.InnerClassLambdaMetafactory$ForwardingMethodGenerator archived mirror 0x00000007fef12960
[2025-11-10T00:25:33.908+0700][5.702s][19752][19855][trace] Restored java.lang.invoke.InnerClassLambdaMetafactory$1 archived mirror 0x00000007fef128f0
[2025-11-10T00:25:33.908+0700][5.702s][19752][19855][trace] Restored java.lang.invoke.BoundMethodHandle archived mirror 0x00000007fef14ca0
[2025-11-10T00:25:33.908+0700][5.702s][19752][19855][trace] Restored java.lang.invoke.ClassSpecializer archived mirror 0x00000007fef13e70
[2025-11-10T00:25:33.908+0700][5.702s][19752][19855][trace] Restored java.lang.invoke.BoundMethodHandle$Specializer archived mirror 0x00000007fef13db0
[2025-11-10T00:25:33.908+0700][5.702s][19752][19855][trace] Restored java.util.function.Function archived mirror 0x00000007fef242f8
[2025-11-10T00:25:33.908+0700][5.702s][19752][19855][trace] Restored java.lang.invoke.ClassSpecializer$1 archived mirror 0x00000007fef13d40
[2025-11-10T00:25:33.908+0700][5.702s][19752][19855][trace] Restored java.lang.invoke.ClassSpecializer$SpeciesData archived mirror 0x00000007fef13c98
[2025-11-10T00:25:33.908+0700][5.702s][19752][19855][trace] Restored java.lang.invoke.BoundMethodHandle$SpeciesData archived mirror 0x00000007fef13c08
[2025-11-10T00:25:33.908+0700][5.703s][19752][19855][trace] Restored java.util.ImmutableCollections$SubList archived mirror 0x00000007fef13b98
[2025-11-10T00:25:33.908+0700][5.703s][19752][19855][trace] Restored java.lang.invoke.ClassSpecializer$Factory archived mirror 0x00000007fef13ab8
[2025-11-10T00:25:33.908+0700][5.703s][19752][19855][trace] Restored java.lang.invoke.BoundMethodHandle$Specializer$Factory archived mirror 0x00000007fef13a30
[2025-11-10T00:25:33.909+0700][5.703s][19752][19855][trace] Restored java.lang.invoke.SimpleMethodHandle archived mirror 0x00000007fef14bf0
[2025-11-10T00:25:33.909+0700][5.703s][19752][19855][trace] Restored java.util.ListIterator archived mirror 0x00000007fef24088
[2025-11-10T00:25:33.909+0700][5.703s][19752][19855][trace] Restored java.util.ImmutableCollections$ListItr archived mirror 0x00000007fef24018
[2025-11-10T00:25:33.909+0700][5.703s][19752][19855][trace] Restored java.lang.NoSuchFieldException archived mirror 0x00000007fef1c2a0
[2025-11-10T00:25:33.909+0700][5.703s][19752][19855][trace] Restored java.lang.invoke.BoundMethodHandle$Species_L archived mirror 0x00000007fef13980
[2025-11-10T00:25:33.910+0700][5.704s][19752][19855][trace] Restored sun.invoke.util.VerifyType archived mirror 0x00000007fef153a8
[2025-11-10T00:25:33.910+0700][5.704s][19752][19855][trace] Restored sun.invoke.empty.Empty archived mirror 0x00000007fef15338
[2025-11-10T00:25:33.910+0700][5.704s][19752][19855][trace] Restored java.lang.invoke.DirectMethodHandle$1 archived mirror 0x00000007fef13908
[2025-11-10T00:25:33.910+0700][5.704s][19752][19855][trace] Restored java.lang.invoke.DirectMethodHandle$Accessor archived mirror 0x00000007fef13898
[2025-11-10T00:25:33.910+0700][5.704s][19752][19855][trace] Restored sun.invoke.util.Wrapper$1 archived mirror 0x00000007fef12878
[2025-11-10T00:25:33.910+0700][5.704s][19752][19855][trace] Restored java.lang.invoke.DelegatingMethodHandle archived mirror 0x00000007fef15118
[2025-11-10T00:25:33.910+0700][5.704s][19752][19855][trace] Restored java.lang.invoke.MethodHandleImpl$IntrinsicMethodHandle archived mirror 0x00000007fef127f0
[2025-11-10T00:25:33.910+0700][5.704s][19752][19855][trace] Restored java.lang.invoke.DelegatingMethodHandle$Holder archived mirror 0x00000007fef14db8
[2025-11-10T00:25:33.910+0700][5.704s][19752][19855][trace] Restored java.lang.invoke.LambdaFormEditor archived mirror 0x00000007fef137a8
[2025-11-10T00:25:33.910+0700][5.704s][19752][19855][trace] Restored java.lang.invoke.LambdaFormEditor$Transform archived mirror 0x00000007fef136e8
[2025-11-10T00:25:33.910+0700][5.704s][19752][19855][trace] Restored java.lang.invoke.LambdaFormBuffer archived mirror 0x00000007fef13648
[2025-11-10T00:25:33.911+0700][5.705s][19752][19855][trace] Restored java.lang.invoke.InvokerBytecodeGenerator$CpPatch archived mirror 0x00000007fef15420
[2025-11-10T00:25:33.911+0700][5.705s][19752][19855][trace] Restored java.util.ArrayList$Itr archived mirror 0x00000007fef23fa8
[2025-11-10T00:25:33.911+0700][5.705s][19752][19855][trace] Restored jdk.internal.ref.CleanerFactory archived mirror 0x00000007fef1f570
[2025-11-10T00:25:33.911+0700][5.705s][19752][19855][trace] Restored java.util.concurrent.ThreadFactory archived mirror 0x00000007fef1f500
[2025-11-10T00:25:33.911+0700][5.705s][19752][19855][trace] Restored jdk.internal.ref.CleanerFactory$1 archived mirror 0x00000007fef1f478
[2025-11-10T00:25:33.911+0700][5.705s][19752][19855][trace] Restored java.lang.ref.Cleaner archived mirror 0x00000007fef1f3e8
[2025-11-10T00:25:33.911+0700][5.705s][19752][19855][trace] Restored java.lang.ref.Cleaner$1 archived mirror 0x00000007fef1f378
[2025-11-10T00:25:33.911+0700][5.705s][19752][19855][trace] Restored jdk.internal.ref.CleanerImpl archived mirror 0x00000007fef1f2e8
[2025-11-10T00:25:33.911+0700][5.705s][19752][19855][trace] Restored java.lang.ref.Cleaner$Cleanable archived mirror 0x00000007fef1f278
[2025-11-10T00:25:33.911+0700][5.705s][19752][19855][trace] Restored jdk.internal.ref.PhantomCleanable archived mirror 0x00000007fef1f1f0
[2025-11-10T00:25:33.911+0700][5.705s][19752][19855][trace] Restored jdk.internal.ref.CleanerImpl$PhantomCleanableRef archived mirror 0x00000007fef1f168
[2025-11-10T00:25:33.911+0700][5.705s][19752][19855][trace] Restored jdk.internal.ref.WeakCleanable archived mirror 0x00000007fef1f0e0
[2025-11-10T00:25:33.911+0700][5.705s][19752][19855][trace] Restored jdk.internal.ref.CleanerImpl$WeakCleanableRef archived mirror 0x00000007fef1f058
[2025-11-10T00:25:33.911+0700][5.705s][19752][19855][trace] Restored jdk.internal.ref.SoftCleanable archived mirror 0x00000007fef1efd0
[2025-11-10T00:25:33.911+0700][5.705s][19752][19855][trace] Restored jdk.internal.ref.CleanerImpl$SoftCleanableRef archived mirror 0x00000007fef1ef48
[2025-11-10T00:25:33.911+0700][5.706s][19752][19855][trace] Restored jdk.internal.ref.CleanerImpl$CleanerCleanable archived mirror 0x00000007fef1eed8
[2025-11-10T00:25:33.911+0700][5.706s][19752][19855][trace] Restored jdk.internal.misc.InnocuousThread archived mirror 0x00000007fef1ee00
[2025-11-10T00:25:33.912+0700][5.706s][19752][19855][trace] Restored java.util.stream.ReferencePipeline$StatelessOp archived mirror 0x00000007fef11cf0
[2025-11-10T00:25:33.912+0700][5.706s][19752][19855][trace] Restored java.util.stream.ReferencePipeline$2 archived mirror 0x00000007fef00fd0
[2025-11-10T00:25:33.912+0700][5.706s][19752][19855][trace] Restored java.util.stream.StreamShape archived mirror 0x00000007fef11bd8
[2025-11-10T00:25:33.913+0700][5.707s][19752][19855][trace] Restored java.util.stream.ReferencePipeline$3 archived mirror 0x00000007fef11c80
[2025-11-10T00:25:33.913+0700][5.707s][19752][19855][trace] Restored jdk.internal.org.objectweb.asm.FieldVisitor archived mirror 0x00000007fef135d8
[2025-11-10T00:25:33.913+0700][5.707s][19752][19855][trace] Restored jdk.internal.org.objectweb.asm.FieldWriter archived mirror 0x00000007fef13538
[2025-11-10T00:25:33.914+0700][5.708s][19752][19855][trace] Restored java.util.stream.Collectors archived mirror 0x00000007fef0dc08
[2025-11-10T00:25:33.914+0700][5.708s][19752][19855][trace] Restored java.util.stream.Collector$Characteristics archived mirror 0x00000007fef0db68
[2025-11-10T00:25:33.914+0700][5.708s][19752][19855][trace] Restored java.util.EnumSet archived mirror 0x00000007fef0dac8
[2025-11-10T00:25:33.914+0700][5.709s][19752][19855][trace] Restored java.util.RegularEnumSet archived mirror 0x00000007fef0da38
[2025-11-10T00:25:33.915+0700][5.709s][19752][19855][trace] Restored java.util.Collections$UnmodifiableCollection archived mirror 0x00000007fef23f30
[2025-11-10T00:25:33.915+0700][5.709s][19752][19855][trace] Restored java.util.Collections$UnmodifiableSet archived mirror 0x00000007fef23eb8
[2025-11-10T00:25:33.915+0700][5.709s][19752][19855][trace] Restored java.util.stream.Collector archived mirror 0x00000007fef0d9c8
[2025-11-10T00:25:33.915+0700][5.709s][19752][19855][trace] Restored java.util.stream.Collectors$CollectorImpl archived mirror 0x00000007fef0d958
[2025-11-10T00:25:33.915+0700][5.709s][19752][19855][trace] Restored java.lang.invoke.DirectMethodHandle$Constructor archived mirror 0x00000007fef11690
[2025-11-10T00:25:33.916+0700][5.710s][19752][19855][trace] Restored java.util.function.BiConsumer archived mirror 0x00000007fef0d828
[2025-11-10T00:25:33.916+0700][5.710s][19752][19855][trace] Restored java.util.function.BiFunction archived mirror 0x00000007fef1c020
[2025-11-10T00:25:33.916+0700][5.710s][19752][19855][trace] Restored java.util.function.BinaryOperator archived mirror 0x00000007fef0d780
[2025-11-10T00:25:33.917+0700][5.711s][19752][19855][trace] Restored java.util.stream.ReduceOps archived mirror 0x00000007fef0d710
[2025-11-10T00:25:33.917+0700][5.711s][19752][19855][trace] Restored java.util.stream.TerminalOp archived mirror 0x00000007fef11778
[2025-11-10T00:25:33.917+0700][5.711s][19752][19855][trace] Restored java.util.stream.ReduceOps$ReduceOp archived mirror 0x00000007fef0d6a0
[2025-11-10T00:25:33.917+0700][5.711s][19752][19855][trace] Restored java.util.stream.ReduceOps$3 archived mirror 0x00000007fef0d630
[2025-11-10T00:25:33.917+0700][5.712s][19752][19855][trace] Restored java.util.stream.ReduceOps$Box archived mirror 0x00000007fef0c7e8
[2025-11-10T00:25:33.917+0700][5.712s][19752][19855][trace] Restored java.util.function.Consumer archived mirror 0x00000007fef11a60
[2025-11-10T00:25:33.917+0700][5.712s][19752][19855][trace] Restored java.util.stream.Sink archived mirror 0x00000007fef119d8
[2025-11-10T00:25:33.917+0700][5.712s][19752][19855][trace] Restored java.util.stream.TerminalSink archived mirror 0x00000007fef11950
[2025-11-10T00:25:33.917+0700][5.712s][19752][19855][trace] Restored java.util.stream.ReduceOps$AccumulatingSink archived mirror 0x00000007fef0c858
[2025-11-10T00:25:33.917+0700][5.712s][19752][19855][trace] Restored java.util.stream.ReduceOps$3ReducingSink archived mirror 0x00000007fef0c778
[2025-11-10T00:25:33.918+0700][5.712s][19752][19855][trace] Restored java.util.stream.Sink$ChainedReference archived mirror 0x00000007fef11608
[2025-11-10T00:25:33.918+0700][5.712s][19752][19855][trace] Restored java.util.stream.ReferencePipeline$3$1 archived mirror 0x00000007fef11528
[2025-11-10T00:25:33.918+0700][5.712s][19752][19855][trace] Restored java.util.stream.ReferencePipeline$2$1 archived mirror 0x00000007fef00f60
[2025-11-10T00:25:33.918+0700][5.713s][19752][19855][trace] Restored java.util.stream.FindOps archived mirror 0x00000007fef11af8
[2025-11-10T00:25:33.918+0700][5.713s][19752][19855][trace] Restored java.util.stream.FindOps$FindSink archived mirror 0x00000007fef118c8
[2025-11-10T00:25:33.918+0700][5.713s][19752][19855][trace] Restored java.util.stream.FindOps$FindSink$OfRef archived mirror 0x00000007fef11800
[2025-11-10T00:25:33.919+0700][5.713s][19752][19855][trace] Restored java.util.stream.FindOps$FindOp archived mirror 0x00000007fef11708
[2025-11-10T00:25:33.920+0700][5.714s][19752][19855][trace] Restored java.util.ImmutableCollections$Set12$1 archived mirror 0x00000007fef244f0
[2025-11-10T00:25:33.922+0700][5.716s][19752][19855][trace] Restored java.nio.file.Watchable archived mirror 0x00000007fef1e688
[2025-11-10T00:25:33.922+0700][5.716s][19752][19855][trace] Restored java.nio.file.Path archived mirror 0x00000007fef1e5f0
[2025-11-10T00:25:33.923+0700][5.717s][19752][19855][trace] Restored java.lang.ModuleLayer archived mirror 0x00000007fef240f8
[2025-11-10T00:25:33.923+0700][5.718s][19752][19855][trace] Restored java.util.HashMap$Values archived mirror 0x00000007fef23948
[2025-11-10T00:25:33.924+0700][5.718s][19752][19855][trace] Restored java.util.HashMap$ValueIterator archived mirror 0x00000007fef238d8
[2025-11-10T00:25:33.925+0700][5.719s][19752][19855][trace] Restored java.util.Collections$UnmodifiableCollection$1 archived mirror 0x00000007fef23e48
[2025-11-10T00:25:33.930+0700][5.725s][19752][19855][trace] Restored jdk.internal.module.ModuleLoaderMap archived mirror 0x00000007fef243a8
[2025-11-10T00:25:33.931+0700][5.725s][19752][19855][trace] Restored jdk.internal.module.ModuleLoaderMap$Mapper archived mirror 0x00000007fef24288
[2025-11-10T00:25:33.931+0700][5.725s][19752][19855][trace] Restored java.util.concurrent.ConcurrentHashMap$ForwardingNode archived mirror 0x00000007fef24218
[2025-11-10T00:25:33.935+0700][5.729s][19752][19855][trace] Restored java.util.concurrent.CopyOnWriteArrayList archived mirror 0x00000007fef23d80
[2025-11-10T00:25:33.935+0700][5.730s][19752][19855][trace] Restored jdk.internal.module.ServicesCatalog$ServiceProvider archived mirror 0x00000007fef23d10
[2025-11-10T00:25:33.936+0700][5.730s][19752][19855][trace] Restored java.lang.ModuleLayer$Controller archived mirror 0x00000007fef23b38
[2025-11-10T00:25:33.937+0700][5.731s][19752][19855][trace] Restored java.util.ArrayList$SubList archived mirror 0x00000007fef0c6f0
[2025-11-10T00:25:33.939+0700][5.733s][19752][19855][trace] Restored jdk.internal.module.IllegalAccessLogger archived mirror 0x00000007fef23650
[2025-11-10T00:25:33.939+0700][5.734s][19752][19855][trace] Restored jdk.internal.module.IllegalAccessLogger$Mode archived mirror 0x00000007fef23a98
[2025-11-10T00:25:33.939+0700][5.734s][19752][19855][trace] Restored [Ljdk.internal.module.IllegalAccessLogger$Mode; archived mirror 0x00000007fef23a28
[2025-11-10T00:25:33.940+0700][5.734s][19752][19855][trace] Restored jdk.internal.module.IllegalAccessLogger$Builder archived mirror 0x00000007fef239b8
[2025-11-10T00:25:33.940+0700][5.735s][19752][19855][trace] Restored jdk.internal.module.ModuleBootstrap$2 archived mirror 0x00000007fef23868
[2025-11-10T00:25:33.948+0700][5.742s][19752][19855][trace] Restored java.lang.ClassLoader$2 archived mirror 0x00000007fef1e340
[2025-11-10T00:25:33.948+0700][5.742s][19752][19855][trace] Restored java.lang.ClassLoader$NativeLibrary archived mirror 0x00000007fef1e2a0
[2025-11-10T00:25:33.948+0700][5.742s][19752][19855][trace] Restored java.lang.ClassLoaderHelper archived mirror 0x00000007fef1e228
[2025-11-10T00:25:33.948+0700][5.742s][19752][19855][trace] Restored java.util.ArrayDeque$DeqIterator archived mirror 0x00000007fef1e1b8
[2025-11-10T00:25:33.949+0700][5.743s][19752][19855][trace] Restored sun.net.util.URLUtil archived mirror 0x00000007fef208b0
[2025-11-10T00:25:33.949+0700][5.743s][19752][19855][trace] Restored java.util.Locale archived mirror 0x00000007fef20628
[2025-11-10T00:25:33.949+0700][5.743s][19752][19855][trace] Restored sun.util.locale.LocaleObjectCache archived mirror 0x00000007fef205b8
[2025-11-10T00:25:33.949+0700][5.743s][19752][19855][trace] Restored java.util.Locale$Cache archived mirror 0x00000007fef20548
[2025-11-10T00:25:33.949+0700][5.743s][19752][19855][trace] Restored sun.util.locale.BaseLocale archived mirror 0x00000007fef20488
[2025-11-10T00:25:33.949+0700][5.743s][19752][19855][trace] Restored sun.util.locale.BaseLocale$Cache archived mirror 0x00000007fef20418
[2025-11-10T00:25:33.949+0700][5.743s][19752][19855][trace] Restored sun.util.locale.BaseLocale$Key archived mirror 0x00000007fef20388
[2025-11-10T00:25:33.949+0700][5.743s][19752][19855][trace] Restored sun.util.locale.LocaleObjectCache$CacheEntry archived mirror 0x00000007fef20318
[2025-11-10T00:25:33.949+0700][5.743s][19752][19855][trace] Restored sun.util.locale.LocaleUtils archived mirror 0x00000007fef202a8
[2025-11-10T00:25:33.949+0700][5.744s][19752][19855][trace] Restored sun.util.locale.InternalLocaleBuilder archived mirror 0x00000007fef201a0
[2025-11-10T00:25:33.950+0700][5.744s][19752][19855][trace] Restored sun.util.locale.InternalLocaleBuilder$CaseInsensitiveChar archived mirror 0x00000007fef20130
[2025-11-10T00:25:33.950+0700][5.744s][19752][19855][trace] Restored java.security.PrivilegedExceptionAction archived mirror 0x00000007fef200c0
[2025-11-10T00:25:33.950+0700][5.744s][19752][19855][trace] Restored jdk.internal.loader.URLClassPath$3 archived mirror 0x00000007fef20030
[2025-11-10T00:25:33.950+0700][5.744s][19752][19855][trace] Restored java.util.concurrent.ConcurrentHashMap$ValuesView archived mirror 0x00000007fef1e140
[2025-11-10T00:25:33.950+0700][5.744s][19752][19855][trace] Restored java.util.Enumeration archived mirror 0x00000007fef1e0d0
[2025-11-10T00:25:33.950+0700][5.744s][19752][19855][trace] Restored java.util.concurrent.ConcurrentHashMap$ValueIterator archived mirror 0x00000007fef1e060
[2025-11-10T00:25:33.950+0700][5.744s][19752][19855][trace] Restored jdk.internal.loader.URLClassPath$Loader archived mirror 0x00000007fef1ffa8
[2025-11-10T00:25:33.951+0700][5.745s][19752][19855][trace] Restored jdk.internal.loader.URLClassPath$JarLoader archived mirror 0x00000007fef1fef0
[2025-11-10T00:25:33.951+0700][5.745s][19752][19855][trace] Restored java.util.zip.ZipConstants archived mirror 0x00000007fef1fdd0
[2025-11-10T00:25:33.951+0700][5.745s][19752][19855][trace] Restored java.util.zip.ZipFile archived mirror 0x00000007fef1fca8
[2025-11-10T00:25:33.951+0700][5.745s][19752][19855][trace] Restored jdk.internal.misc.JavaUtilZipFileAccess archived mirror 0x00000007fef1fc38
[2025-11-10T00:25:33.951+0700][5.745s][19752][19855][trace] Restored java.util.zip.ZipFile$1 archived mirror 0x00000007fef1fbc8
[2025-11-10T00:25:33.951+0700][5.745s][19752][19855][trace] Restored jdk.internal.loader.URLClassPath$JarLoader$1 archived mirror 0x00000007fef1fb40
[2025-11-10T00:25:33.951+0700][5.745s][19752][19855][trace] Restored jdk.internal.loader.FileURLMapper archived mirror 0x00000007fef1fab8
[2025-11-10T00:25:33.951+0700][5.746s][19752][19855][trace] Restored java.util.jar.JarFile archived mirror 0x00000007fef1f928
[2025-11-10T00:25:33.952+0700][5.746s][19752][19855][trace] Restored jdk.internal.misc.JavaUtilJarAccess archived mirror 0x00000007fef1f8b8
[2025-11-10T00:25:33.952+0700][5.746s][19752][19855][trace] Restored java.util.jar.JavaUtilJarAccessImpl archived mirror 0x00000007fef1f848
[2025-11-10T00:25:33.952+0700][5.746s][19752][19855][trace] Restored java.lang.Runtime$Version archived mirror 0x00000007fef1f758
[2025-11-10T00:25:33.952+0700][5.746s][19752][19855][trace] Restored java.util.zip.ZipCoder archived mirror 0x00000007fef1f6e0
[2025-11-10T00:25:33.952+0700][5.746s][19752][19855][trace] Restored java.util.zip.ZipCoder$UTF8 archived mirror 0x00000007fef1f670
[2025-11-10T00:25:33.952+0700][5.746s][19752][19855][trace] Restored java.util.zip.ZipFile$CleanableResource archived mirror 0x00000007fef1f5e8
[2025-11-10T00:25:33.952+0700][5.746s][19752][19855][trace] Restored java.util.zip.ZipFile$Source archived mirror 0x00000007fef1ed18
[2025-11-10T00:25:33.952+0700][5.746s][19752][19855][trace] Restored sun.nio.fs.DefaultFileSystemProvider archived mirror 0x00000007fef1eca0
[2025-11-10T00:25:33.952+0700][5.746s][19752][19855][trace] Restored java.nio.file.spi.FileSystemProvider archived mirror 0x00000007fef1ebf8
[2025-11-10T00:25:33.952+0700][5.746s][19752][19855][trace] Restored sun.nio.fs.AbstractFileSystemProvider archived mirror 0x00000007fef1eb60
[2025-11-10T00:25:33.952+0700][5.746s][19752][19855][trace] Restored sun.nio.fs.UnixFileSystemProvider archived mirror 0x00000007fef1ea88
[2025-11-10T00:25:33.952+0700][5.746s][19752][19855][trace] Restored sun.nio.fs.LinuxFileSystemProvider archived mirror 0x00000007fef1e9f8
[2025-11-10T00:25:33.952+0700][5.747s][19752][19855][trace] Restored java.nio.file.OpenOption archived mirror 0x00000007fef1e988
[2025-11-10T00:25:33.952+0700][5.747s][19752][19855][trace] Restored java.nio.file.StandardOpenOption archived mirror 0x00000007fef1e8b0
[2025-11-10T00:25:33.953+0700][5.747s][19752][19855][trace] Restored java.nio.file.FileSystem archived mirror 0x00000007fef1e840
[2025-11-10T00:25:33.953+0700][5.747s][19752][19855][trace] Restored sun.nio.fs.UnixFileSystem archived mirror 0x00000007fef1e780
[2025-11-10T00:25:33.953+0700][5.747s][19752][19855][trace] Restored sun.nio.fs.LinuxFileSystem archived mirror 0x00000007fef1e6f8
[2025-11-10T00:25:33.953+0700][5.747s][19752][19855][trace] Restored sun.nio.fs.UnixPath archived mirror 0x00000007fef1e548
[2025-11-10T00:25:33.953+0700][5.747s][19752][19855][trace] Restored sun.nio.fs.Util archived mirror 0x00000007fef1e4b8
[2025-11-10T00:25:33.953+0700][5.747s][19752][19855][trace] Restored java.lang.StringCoding archived mirror 0x00000007fef229b8
[2025-11-10T00:25:33.953+0700][5.747s][19752][19855][trace] Restored sun.nio.cs.ISO_8859_1 archived mirror 0x00000007fef22d30
[2025-11-10T00:25:33.953+0700][5.747s][19752][19855][trace] Restored sun.nio.cs.US_ASCII archived mirror 0x00000007fef22ca0
[2025-11-10T00:25:33.953+0700][5.747s][19752][19855][trace] Restored java.lang.StringCoding$1 archived mirror 0x00000007fef22948
[2025-11-10T00:25:33.953+0700][5.747s][19752][19855][trace] Restored sun.nio.fs.UnixNativeDispatcher archived mirror 0x00000007fef1e438
[2025-11-10T00:25:33.953+0700][5.747s][19752][19855][trace] Restored sun.nio.fs.UnixNativeDispatcher$1 archived mirror 0x00000007fef1e3b0
[2025-11-10T00:25:33.954+0700][5.749s][19752][19855][trace] Restored java.nio.file.attribute.BasicFileAttributes archived mirror 0x00000007fef1dff0
[2025-11-10T00:25:33.954+0700][5.749s][19752][19855][trace] Restored java.nio.file.attribute.PosixFileAttributes archived mirror 0x00000007fef1df80
[2025-11-10T00:25:33.955+0700][5.749s][19752][19855][trace] Restored sun.nio.fs.UnixFileAttributes archived mirror 0x00000007fef1df10
[2025-11-10T00:25:33.955+0700][5.749s][19752][19855][trace] Restored sun.nio.fs.UnixFileStoreAttributes archived mirror 0x00000007fef1dea0
[2025-11-10T00:25:33.955+0700][5.749s][19752][19855][trace] Restored sun.nio.fs.UnixMountEntry archived mirror 0x00000007fef1de18
[2025-11-10T00:25:33.955+0700][5.749s][19752][19855][trace] Restored java.lang.ThreadLocal$ThreadLocalMap archived mirror 0x00000007fef228d0
[2025-11-10T00:25:33.955+0700][5.749s][19752][19855][trace] Restored java.lang.ThreadLocal$ThreadLocalMap$Entry archived mirror 0x00000007fef22860
[2025-11-10T00:25:33.955+0700][5.749s][19752][19855][trace] Restored jdk.internal.misc.TerminatingThreadLocal archived mirror 0x00000007fef227e8
[2025-11-10T00:25:33.955+0700][5.749s][19752][19855][trace] Restored java.lang.Readable archived mirror 0x00000007fef1dda8
[2025-11-10T00:25:33.955+0700][5.749s][19752][19855][trace] Restored java.nio.CharBuffer archived mirror 0x00000007fef1dd00
[2025-11-10T00:25:33.955+0700][5.749s][19752][19855][trace] Restored java.nio.HeapCharBuffer archived mirror 0x00000007fef1dc78
[2025-11-10T00:25:33.955+0700][5.749s][19752][19855][trace] Restored java.nio.charset.CoderResult archived mirror 0x00000007fef22510
[2025-11-10T00:25:33.955+0700][5.749s][19752][19855][trace] Restored java.util.zip.ZipFile$Source$Key archived mirror 0x00000007fef1dc08
[2025-11-10T00:25:33.955+0700][5.749s][19752][19855][trace] Restored java.nio.file.CopyOption archived mirror 0x00000007fef1db98
[2025-11-10T00:25:33.955+0700][5.749s][19752][19855][trace] Restored java.nio.file.LinkOption archived mirror 0x00000007fef1db08
[2025-11-10T00:25:33.955+0700][5.749s][19752][19855][trace] Restored java.nio.file.Files archived mirror 0x00000007fef1d9f0
[2025-11-10T00:25:33.955+0700][5.749s][19752][19855][trace] Restored java.nio.file.attribute.DosFileAttributes archived mirror 0x00000007fef1d980
[2025-11-10T00:25:33.955+0700][5.749s][19752][19855][trace] Restored java.nio.file.attribute.AttributeView archived mirror 0x00000007fef1d910
[2025-11-10T00:25:33.955+0700][5.749s][19752][19855][trace] Restored java.nio.file.attribute.FileAttributeView archived mirror 0x00000007fef1d8a0
[2025-11-10T00:25:33.955+0700][5.749s][19752][19855][trace] Restored java.nio.file.attribute.BasicFileAttributeView archived mirror 0x00000007fef1d830
[2025-11-10T00:25:33.955+0700][5.749s][19752][19855][trace] Restored java.nio.file.attribute.DosFileAttributeView archived mirror 0x00000007fef1d7a8
[2025-11-10T00:25:33.955+0700][5.749s][19752][19855][trace] Restored java.nio.file.attribute.UserDefinedFileAttributeView archived mirror 0x00000007fef1d738
[2025-11-10T00:25:33.955+0700][5.749s][19752][19855][trace] Restored sun.nio.fs.UnixFileAttributeViews archived mirror 0x00000007fef1d6c8
[2025-11-10T00:25:33.955+0700][5.750s][19752][19855][trace] Restored sun.nio.fs.DynamicFileAttributeView archived mirror 0x00000007fef1d658
[2025-11-10T00:25:33.955+0700][5.750s][19752][19855][trace] Restored sun.nio.fs.AbstractBasicFileAttributeView archived mirror 0x00000007fef1d578
[2025-11-10T00:25:33.955+0700][5.750s][19752][19855][trace] Restored sun.nio.fs.UnixFileAttributeViews$Basic archived mirror 0x00000007fef1d508
[2025-11-10T00:25:33.956+0700][5.750s][19752][19855][trace] Restored sun.nio.fs.NativeBuffers archived mirror 0x00000007fef1d488
[2025-11-10T00:25:33.956+0700][5.750s][19752][19855][trace] Restored sun.nio.fs.NativeBuffers$1 archived mirror 0x00000007fef1d418
[2025-11-10T00:25:33.956+0700][5.750s][19752][19855][trace] Restored jdk.internal.misc.TerminatingThreadLocal$1 archived mirror 0x00000007fef1d3a8
[2025-11-10T00:25:33.956+0700][5.750s][19752][19855][trace] Restored java.util.IdentityHashMap archived mirror 0x00000007fef1d2f8
[2025-11-10T00:25:33.956+0700][5.750s][19752][19855][trace] Restored java.util.IdentityHashMap$KeySet archived mirror 0x00000007fef1d288
[2025-11-10T00:25:33.956+0700][5.750s][19752][19855][trace] Restored sun.nio.fs.NativeBuffer archived mirror 0x00000007fef1d210
[2025-11-10T00:25:33.956+0700][5.750s][19752][19855][trace] Restored sun.nio.fs.NativeBuffer$Deallocator archived mirror 0x00000007fef1d1a0
[2025-11-10T00:25:33.956+0700][5.750s][19752][19855][trace] Restored sun.nio.fs.UnixFileAttributes$UnixAsBasicFileAttributes archived mirror 0x00000007fef1d130
[2025-11-10T00:25:33.956+0700][5.750s][19752][19855][trace] Restored java.util.concurrent.TimeUnit archived mirror 0x00000007fef1d030
[2025-11-10T00:25:33.956+0700][5.750s][19752][19855][trace] Restored java.nio.file.attribute.FileTime archived mirror 0x00000007fef1cf28
[2025-11-10T00:25:33.956+0700][5.750s][19752][19855][trace] Restored java.io.DataOutput archived mirror 0x00000007fef1ceb8
[2025-11-10T00:25:33.956+0700][5.750s][19752][19855][trace] Restored java.io.DataInput archived mirror 0x00000007fef1ce48
[2025-11-10T00:25:33.956+0700][5.750s][19752][19855][trace] Restored java.io.RandomAccessFile archived mirror 0x00000007fef1cd90
[2025-11-10T00:25:33.956+0700][5.750s][19752][19855][trace] Restored jdk.internal.misc.JavaIORandomAccessFileAccess archived mirror 0x00000007fef1cd20
[2025-11-10T00:25:33.956+0700][5.750s][19752][19855][trace] Restored java.io.RandomAccessFile$2 archived mirror 0x00000007fef1ccb0
[2025-11-10T00:25:33.956+0700][5.750s][19752][19855][trace] Restored java.util.concurrent.atomic.AtomicBoolean archived mirror 0x00000007fef1cba0
[2025-11-10T00:25:33.956+0700][5.750s][19752][19855][trace] Restored java.lang.invoke.VarHandles archived mirror 0x00000007fef1c218
[2025-11-10T00:25:33.956+0700][5.751s][19752][19855][trace] Restored java.lang.invoke.VarHandleInts$FieldInstanceReadOnly archived mirror 0x00000007fef1c1a0
[2025-11-10T00:25:33.956+0700][5.751s][19752][19855][trace] Restored java.lang.invoke.VarHandleInts$FieldInstanceReadWrite archived mirror 0x00000007fef1c128
[2025-11-10T00:25:33.956+0700][5.751s][19752][19855][trace] Restored java.lang.invoke.VarHandle$1 archived mirror 0x00000007fef1c0b8
[2025-11-10T00:25:33.957+0700][5.751s][19752][19855][trace] Restored jdk.internal.util.Preconditions$1 archived mirror 0x00000007fef1bfb0
[2025-11-10T00:25:33.957+0700][5.751s][19752][19855][trace] Restored java.lang.invoke.VarHandleGuards archived mirror 0x00000007fef1bcb8
[2025-11-10T00:25:33.957+0700][5.751s][19752][19855][trace] Restored java.lang.invoke.VarForm archived mirror 0x00000007fef1bc40
[2025-11-10T00:25:33.957+0700][5.751s][19752][19855][trace] Restored java.lang.invoke.VarHandle$AccessType archived mirror 0x00000007fef1bb90
[2025-11-10T00:25:33.957+0700][5.751s][19752][19855][trace] Restored java.lang.invoke.VarHandle$AccessMode archived mirror 0x00000007fef1b8f8
[2025-11-10T00:25:33.957+0700][5.752s][19752][19855][trace] Restored java.io.FileCleanable archived mirror 0x00000007fef1b460
[2025-11-10T00:25:33.958+0700][5.752s][19752][19855][trace] Restored java.util.zip.ZipFile$Source$End archived mirror 0x00000007fef1b3f0
[2025-11-10T00:25:33.958+0700][5.752s][19752][19855][trace] Restored java.util.zip.ZipUtils archived mirror 0x00000007fef1b300
[2025-11-10T00:25:33.959+0700][5.753s][19752][19855][trace] Restored jdk.internal.perf.PerfCounter archived mirror 0x00000007fef1b260
[2025-11-10T00:25:33.959+0700][5.753s][19752][19855][trace] Restored jdk.internal.perf.Perf$GetPerfAction archived mirror 0x00000007fef1b1f0
[2025-11-10T00:25:33.959+0700][5.753s][19752][19855][trace] Restored jdk.internal.perf.Perf archived mirror 0x00000007fef1b150
[2025-11-10T00:25:33.959+0700][5.753s][19752][19855][trace] Restored jdk.internal.perf.PerfCounter$CoreCounters archived mirror 0x00000007fef1b0a0
[2025-11-10T00:25:33.959+0700][5.753s][19752][19855][trace] Restored sun.nio.ch.DirectBuffer archived mirror 0x00000007fef1b030
[2025-11-10T00:25:33.959+0700][5.753s][19752][19855][trace] Restored java.nio.MappedByteBuffer archived mirror 0x00000007fef1afb8
[2025-11-10T00:25:33.959+0700][5.754s][19752][19855][trace] Restored java.nio.DirectByteBuffer archived mirror 0x00000007fef1af38
[2025-11-10T00:25:33.959+0700][5.754s][19752][19855][trace] Restored java.nio.Bits archived mirror 0x00000007fef1ae78
[2025-11-10T00:25:33.960+0700][5.754s][19752][19855][trace] Restored java.util.concurrent.atomic.AtomicLong archived mirror 0x00000007fef1add0
[2025-11-10T00:25:33.960+0700][5.754s][19752][19855][trace] Restored jdk.internal.misc.JavaNioAccess$BufferPool archived mirror 0x00000007fef1ad60
[2025-11-10T00:25:33.960+0700][5.754s][19752][19855][trace] Restored java.nio.Bits$1 archived mirror 0x00000007fef1acd8
[2025-11-10T00:25:33.960+0700][5.754s][19752][19855][trace] Restored java.nio.LongBuffer archived mirror 0x00000007fef1ac48
[2025-11-10T00:25:33.960+0700][5.754s][19752][19855][trace] Restored java.nio.DirectLongBufferU archived mirror 0x00000007fef1abc8
[2025-11-10T00:25:33.960+0700][5.754s][19752][19855][trace] Restored jdk.internal.util.jar.JarIndex archived mirror 0x00000007fef1ab18
[2025-11-10T00:25:33.960+0700][5.754s][19752][19855][trace] Restored java.util.jar.JarFile$1 archived mirror 0x00000007fef1aaa8
[2025-11-10T00:25:33.960+0700][5.754s][19752][19855][trace] Restored java.util.zip.ZipEntry archived mirror 0x00000007fef1a9e0
[2025-11-10T00:25:33.960+0700][5.754s][19752][19855][trace] Restored java.util.jar.JarEntry archived mirror 0x00000007fef1a970
[2025-11-10T00:25:33.960+0700][5.754s][19752][19855][trace] Restored java.util.jar.JarFile$JarFileEntry archived mirror 0x00000007fef1a900
[2025-11-10T00:25:33.960+0700][5.754s][19752][19855][trace] Restored java.util.zip.ZipFile$ZipFileInputStream archived mirror 0x00000007fef1a878
[2025-11-10T00:25:33.960+0700][5.754s][19752][19855][trace] Restored java.util.zip.InflaterInputStream archived mirror 0x00000007fef1a7e0
[2025-11-10T00:25:33.960+0700][5.754s][19752][19855][trace] Restored java.util.zip.ZipFile$ZipFileInflaterInputStream archived mirror 0x00000007fef1a758
[2025-11-10T00:25:33.960+0700][5.754s][19752][19855][trace] Restored java.util.zip.Inflater archived mirror 0x00000007fef1a6c8
[2025-11-10T00:25:33.961+0700][5.755s][19752][19855][trace] Restored java.util.zip.Inflater$InflaterZStreamRef archived mirror 0x00000007fef1a640
[2025-11-10T00:25:33.961+0700][5.755s][19752][19855][trace] Restored java.util.zip.ZipFile$InflaterCleanupAction archived mirror 0x00000007fef1a5d0
[2025-11-10T00:25:33.961+0700][5.755s][19752][19855][trace] Restored sun.security.util.SignatureFileVerifier archived mirror 0x00000007fef1a460
[2025-11-10T00:25:33.961+0700][5.755s][19752][19855][trace] Restored sun.security.util.Debug archived mirror 0x00000007fef1a2b8
[2025-11-10T00:25:33.961+0700][5.756s][19752][19855][trace] Restored sun.security.action.GetIntegerAction archived mirror 0x00000007fef1a248
[2025-11-10T00:25:33.973+0700][5.768s][19752][19855][trace] Restored java.util.jar.Attributes archived mirror 0x00000007fef1a090
[2025-11-10T00:25:33.974+0700][5.768s][19752][19855][trace] Restored java.util.jar.Manifest$FastInputStream archived mirror 0x00000007fef1a020
[2025-11-10T00:25:33.974+0700][5.768s][19752][19855][trace] Restored java.io.ByteArrayOutputStream archived mirror 0x00000007fef19f90
[2025-11-10T00:25:33.974+0700][5.768s][19752][19855][trace] Restored java.lang.StringCoding$Result archived mirror 0x00000007fef22778
[2025-11-10T00:25:33.974+0700][5.768s][19752][19855][trace] Restored java.util.jar.Attributes$Name archived mirror 0x00000007fef19e18
[2025-11-10T00:25:33.986+0700][5.780s][19752][19855][trace] Restored java.util.StringTokenizer archived mirror 0x00000007fef07050
[2025-11-10T00:25:34.030+0700][5.824s][19752][19855][trace] Restored jdk.internal.loader.Resource archived mirror 0x00000007fef1a1c0
[2025-11-10T00:25:34.030+0700][5.824s][19752][19855][trace] Restored jdk.internal.loader.URLClassPath$JarLoader$2 archived mirror 0x00000007fef1a138
[2025-11-10T00:25:34.030+0700][5.824s][19752][19855][trace] Restored java.lang.NamedPackage archived mirror 0x00000007fef19d90
[2025-11-10T00:25:34.030+0700][5.824s][19752][19855][trace] Restored java.lang.Package archived mirror 0x00000007fef19cc8
[2025-11-10T00:25:34.030+0700][5.824s][19752][19855][trace] Restored java.lang.Package$VersionInfo archived mirror 0x00000007fef19c50
[2025-11-10T00:25:34.030+0700][5.824s][19752][19855][trace] Restored sun.nio.ByteBuffered archived mirror 0x00000007fef19be0
[2025-11-10T00:25:34.030+0700][5.825s][19752][19855][trace] Restored java.util.zip.Checksum archived mirror 0x00000007fef19b70
[2025-11-10T00:25:34.031+0700][5.825s][19752][19855][trace] Restored java.util.zip.CRC32 archived mirror 0x00000007fef19af8
[2025-11-10T00:25:34.031+0700][5.825s][19752][19855][trace] Restored java.util.zip.Checksum$1 archived mirror 0x00000007fef19a80
[2025-11-10T00:25:34.031+0700][5.825s][19752][19855][trace] Restored java.security.SecureClassLoader$CodeSourceKey archived mirror 0x00000007fef19a10
[2025-11-10T00:25:34.031+0700][5.825s][19752][19855][trace] Restored java.security.SecureClassLoader$1 archived mirror 0x00000007fef19988
[2025-11-10T00:25:34.031+0700][5.825s][19752][19855][trace] Restored java.security.PermissionCollection archived mirror 0x00000007fef198f0
[2025-11-10T00:25:34.031+0700][5.825s][19752][19855][trace] Restored sun.security.util.LazyCodeSourcePermissionCollection archived mirror 0x00000007fef19858
[2025-11-10T00:25:34.031+0700][5.825s][19752][19855][trace] Restored java.security.Permissions archived mirror 0x00000007fef197b8
[2025-11-10T00:25:34.031+0700][5.825s][19752][19855][trace] Restored java.lang.RuntimePermission archived mirror 0x00000007fef19740
[2025-11-10T00:25:34.031+0700][5.825s][19752][19855][trace] Restored java.security.Permissions$1 archived mirror 0x00000007fef196d0
[2025-11-10T00:25:34.031+0700][5.825s][19752][19855][trace] Restored java.security.BasicPermissionCollection archived mirror 0x00000007fef19628
[2025-11-10T00:25:34.031+0700][5.825s][19752][19855][trace] Restored java.security.AllPermission archived mirror 0x00000007fef19598
[2025-11-10T00:25:34.031+0700][5.825s][19752][19855][trace] Restored java.security.UnresolvedPermission archived mirror 0x00000007fef194d0
[2025-11-10T00:25:34.031+0700][5.825s][19752][19855][trace] Restored java.security.SecureClassLoader$DebugHolder archived mirror 0x00000007fef19440
[2025-11-10T00:25:34.040+0700][5.834s][19752][19855][trace] Restored java.util.Arrays$ArrayList archived mirror 0x00000007fef13f40
[2025-11-10T00:25:34.040+0700][5.834s][19752][19855][trace] Restored java.util.Collections$UnmodifiableList archived mirror 0x00000007fef13420
[2025-11-10T00:25:34.040+0700][5.835s][19752][19855][trace] Restored java.util.Collections$UnmodifiableRandomAccessList archived mirror 0x00000007fef133a8
[2025-11-10T00:25:34.043+0700][5.837s][19752][19855][trace] Restored java.lang.ClassValue archived mirror 0x00000007fef142a0
[2025-11-10T00:25:34.043+0700][5.837s][19752][19855][trace] Restored java.lang.ClassValue$Entry archived mirror 0x00000007fef141a0
[2025-11-10T00:25:34.043+0700][5.837s][19752][19855][trace] Restored java.lang.ClassValue$Identity archived mirror 0x00000007fef14130
[2025-11-10T00:25:34.043+0700][5.837s][19752][19855][trace] Restored java.lang.ClassValue$Version archived mirror 0x00000007fef140c0
[2025-11-10T00:25:34.044+0700][5.838s][19752][19855][trace] Restored sun.invoke.util.ValueConversions$WrapperCache archived mirror 0x00000007fef13248
[2025-11-10T00:25:34.049+0700][5.843s][19752][19855][trace] Restored java.lang.ClassValue$ClassValueMap archived mirror 0x00000007fef13fb8
[2025-11-10T00:25:34.050+0700][5.844s][19752][19855][trace] Restored sun.reflect.misc.ReflectUtil archived mirror 0x00000007fef15290
[2025-11-10T00:25:34.050+0700][5.845s][19752][19855][trace] Restored java.lang.IncompatibleClassChangeError archived mirror 0x00000007fef14a70
[2025-11-10T00:25:34.050+0700][5.845s][19752][19855][trace] Restored java.lang.NoSuchMethodError archived mirror 0x00000007fef149f8
[2025-11-10T00:25:34.055+0700][5.849s][19752][19855][trace] Restored java.lang.invoke.MethodHandles$1 archived mirror 0x00000007fef132b8
[2025-11-10T00:25:34.060+0700][5.854s][19752][19855][trace] Restored java.util.StringJoiner archived mirror 0x00000007fef0d8c0
[2025-11-10T00:25:34.060+0700][5.854s][19752][19855][trace] Restored java.lang.StringUTF16 archived mirror 0x00000007fef17718
[2025-11-10T00:25:34.066+0700][5.860s][19752][19855][trace] Restored sun.launcher.LauncherHelper archived mirror 0x00000007fef20950
[2025-11-10T00:25:34.101+0700][5.895s][19752][19855][trace] Restored java.util.AbstractSequentialList archived mirror 0x00000007fef05750
[2025-11-10T00:25:34.101+0700][5.895s][19752][19855][trace] Restored java.util.LinkedList archived mirror 0x00000007fef056c0
[2025-11-10T00:25:34.101+0700][5.896s][19752][19855][trace] Restored java.util.LinkedList$Node archived mirror 0x00000007fef05650
[2025-11-10T00:25:34.129+0700][5.924s][19752][19855][trace] Restored java.lang.invoke.VarHandleObjects$FieldInstanceReadOnly archived mirror 0x00000007fef185c8
[2025-11-10T00:25:34.129+0700][5.924s][19752][19855][trace] Restored java.lang.invoke.VarHandleObjects$FieldInstanceReadWrite archived mirror 0x00000007fef18550
[2025-11-10T00:25:34.132+0700][5.926s][19752][19855][trace] Restored java.util.SortedMap archived mirror 0x00000007fef0eb60
[2025-11-10T00:25:34.132+0700][5.927s][19752][19855][trace] Restored java.util.SortedSet archived mirror 0x00000007fef0ed70
[2025-11-10T00:25:34.139+0700][5.933s][19752][19855][trace] Restored java.util.concurrent.locks.AbstractQueuedSynchronizer archived mirror 0x00000007fef18828
[2025-11-10T00:25:34.139+0700][5.933s][19752][19855][trace] Restored java.util.concurrent.locks.ReentrantLock$Sync archived mirror 0x00000007fef18798
[2025-11-10T00:25:34.139+0700][5.933s][19752][19855][trace] Restored java.util.concurrent.locks.ReentrantLock$NonfairSync archived mirror 0x00000007fef18720
[2025-11-10T00:25:34.139+0700][5.933s][19752][19855][trace] Restored java.util.concurrent.locks.AbstractQueuedSynchronizer$Node archived mirror 0x00000007fef18640
[2025-11-10T00:25:34.142+0700][5.936s][19752][19855][trace] Restored jdk.internal.module.Resources archived mirror 0x00000007fef105e0
[2025-11-10T00:25:34.142+0700][5.936s][19752][19855][trace] Restored jdk.internal.loader.BuiltinClassLoader$2 archived mirror 0x00000007fef10570
[2025-11-10T00:25:34.142+0700][5.936s][19752][19855][trace] Restored jdk.internal.loader.BuiltinClassLoader$5 archived mirror 0x00000007fef10500
[2025-11-10T00:25:34.142+0700][5.936s][19752][19855][trace] Restored java.lang.module.ModuleReader archived mirror 0x00000007fef10490
[2025-11-10T00:25:34.142+0700][5.936s][19752][19855][trace] Restored jdk.internal.module.SystemModuleFinders$SystemModuleReader archived mirror 0x00000007fef103e8
[2025-11-10T00:25:34.142+0700][5.936s][19752][19855][trace] Restored jdk.internal.module.SystemModuleFinders$SystemImage archived mirror 0x00000007fef10370
[2025-11-10T00:25:34.142+0700][5.936s][19752][19855][trace] Restored jdk.internal.jimage.ImageReaderFactory archived mirror 0x00000007fef102d0
[2025-11-10T00:25:34.142+0700][5.936s][19752][19855][trace] Restored java.nio.file.Paths archived mirror 0x00000007fef171b8
[2025-11-10T00:25:34.142+0700][5.936s][19752][19855][trace] Restored java.nio.file.FileSystems archived mirror 0x00000007fef17128
[2025-11-10T00:25:34.142+0700][5.937s][19752][19855][trace] Restored java.nio.file.FileSystems$DefaultFileSystemHolder archived mirror 0x00000007fef17088
[2025-11-10T00:25:34.142+0700][5.937s][19752][19855][trace] Restored java.nio.file.FileSystems$DefaultFileSystemHolder$1 archived mirror 0x00000007fef17018
[2025-11-10T00:25:34.143+0700][5.937s][19752][19855][trace] Restored java.net.URI$Parser archived mirror 0x00000007fef16f00
[2025-11-10T00:25:34.143+0700][5.937s][19752][19855][trace] Restored jdk.internal.jimage.ImageReaderFactory$1 archived mirror 0x00000007fef10260
[2025-11-10T00:25:34.143+0700][5.937s][19752][19855][trace] Restored jdk.internal.jimage.ImageReader archived mirror 0x00000007fef10190
[2025-11-10T00:25:34.143+0700][5.937s][19752][19855][trace] Restored jdk.internal.jimage.BasicImageReader archived mirror 0x00000007fef10068
[2025-11-10T00:25:34.143+0700][5.937s][19752][19855][trace] Restored jdk.internal.jimage.ImageReader$SharedImageReader archived mirror 0x00000007fef0ff88
[2025-11-10T00:25:34.143+0700][5.937s][19752][19855][trace] Restored jdk.internal.jimage.BasicImageReader$1 archived mirror 0x00000007fef0ff18
[2025-11-10T00:25:34.143+0700][5.937s][19752][19855][trace] Restored jdk.internal.jimage.NativeImageBuffer archived mirror 0x00000007fef0fea8
[2025-11-10T00:25:34.143+0700][5.937s][19752][19855][trace] Restored jdk.internal.jimage.NativeImageBuffer$1 archived mirror 0x00000007fef0fe20
[2025-11-10T00:25:34.144+0700][5.938s][19752][19855][trace] Restored jdk.internal.jimage.ImageHeader archived mirror 0x00000007fef0fd88
[2025-11-10T00:25:34.144+0700][5.938s][19752][19855][trace] Restored java.nio.IntBuffer archived mirror 0x00000007fef0fcf8
[2025-11-10T00:25:34.144+0700][5.938s][19752][19855][trace] Restored java.nio.DirectIntBufferU archived mirror 0x00000007fef0fc78
[2025-11-10T00:25:34.144+0700][5.938s][19752][19855][trace] Restored java.nio.DirectByteBufferR archived mirror 0x00000007fef0fc00
[2025-11-10T00:25:34.144+0700][5.938s][19752][19855][trace] Restored java.nio.DirectIntBufferRU archived mirror 0x00000007fef0fb88
[2025-11-10T00:25:34.144+0700][5.938s][19752][19855][trace] Restored jdk.internal.jimage.ImageStrings archived mirror 0x00000007fef0fb18
[2025-11-10T00:25:34.144+0700][5.938s][19752][19855][trace] Restored jdk.internal.jimage.ImageStringsReader archived mirror 0x00000007fef0fa70
[2025-11-10T00:25:34.144+0700][5.938s][19752][19855][trace] Restored jdk.internal.jimage.decompressor.Decompressor archived mirror 0x00000007fef0f9e8
[2025-11-10T00:25:34.144+0700][5.938s][19752][19855][trace] Restored jdk.internal.jimage.ImageLocation archived mirror 0x00000007fef0f930
[2025-11-10T00:25:34.146+0700][5.940s][19752][19855][trace] Restored java.util.Collections$EmptyIterator archived mirror 0x00000007fef0f8b8
[2025-11-10T00:25:34.146+0700][5.940s][19752][19855][trace] Restored java.util.Collections$EmptyEnumeration archived mirror 0x00000007fef0f840
[2025-11-10T00:25:34.146+0700][5.940s][19752][19855][trace] Restored jdk.internal.loader.BuiltinClassLoader$1 archived mirror 0x00000007fef0f7d0
[2025-11-10T00:25:34.147+0700][5.941s][19752][19855][trace] Restored java.lang.CompoundEnumeration archived mirror 0x00000007fef0f760
[2025-11-10T00:25:34.147+0700][5.941s][19752][19855][trace] Restored jdk.internal.loader.URLClassPath$1 archived mirror 0x00000007fef0f6f0
[2025-11-10T00:25:34.162+0700][5.956s][19752][19855][trace] Restored java.util.concurrent.Executor archived mirror 0x00000007fef0d280
[2025-11-10T00:25:34.162+0700][5.956s][19752][19855][trace] Restored java.util.concurrent.ExecutorService archived mirror 0x00000007fef0d210
[2025-11-10T00:25:34.179+0700][5.973s][19752][19855][trace] Restored java.security.Security archived mirror 0x00000007fef178c0
[2025-11-10T00:25:34.179+0700][5.973s][19752][19855][trace] Restored java.security.Security$1 archived mirror 0x00000007fef17850
[2025-11-10T00:25:34.180+0700][5.974s][19752][19855][trace] Restored java.util.Properties$LineReader archived mirror 0x00000007fef177c8
[2025-11-10T00:25:34.182+0700][5.976s][19752][19855][trace] Restored java.io.FileInputStream$1 archived mirror 0x00000007fef176a8
[2025-11-10T00:25:34.183+0700][5.977s][19752][19855][trace] Restored java.util.concurrent.ConcurrentHashMap$KeySetView archived mirror 0x00000007fef13000
[2025-11-10T00:25:34.183+0700][5.977s][19752][19855][trace] Restored java.util.Collections$SynchronizedMap archived mirror 0x00000007fef184d8
[2025-11-10T00:25:34.196+0700][5.990s][19752][19855][trace] Restored java.io.FilePermission archived mirror 0x00000007fef175a8
[2025-11-10T00:25:34.196+0700][5.990s][19752][19855][trace] Restored java.net.SocketPermission archived mirror 0x00000007fef17c08
[2025-11-10T00:25:34.196+0700][5.990s][19752][19855][trace] Restored java.net.NetPermission archived mirror 0x00000007fef17df8
[2025-11-10T00:25:34.196+0700][5.991s][19752][19855][trace] Restored sun.security.util.SecurityConstants archived mirror 0x00000007fef17e70
[2025-11-10T00:25:34.197+0700][5.991s][19752][19855][trace] Restored java.security.SecurityPermission archived mirror 0x00000007fef17d80
[2025-11-10T00:25:34.198+0700][5.992s][19752][19855][trace] Restored java.util.Arrays$LegacyMergeSort archived mirror 0x00000007fef0a078
[2025-11-10T00:25:34.199+0700][5.993s][19752][19855][trace] Restored sun.security.util.FilePermCompat archived mirror 0x00000007fef17a70
[2025-11-10T00:25:34.199+0700][5.993s][19752][19855][trace] Restored sun.security.util.SecurityProperties archived mirror 0x00000007fef179d0
[2025-11-10T00:25:34.236+0700][6.030s][19752][19893][info ] Application time: 0.1704674 seconds
[2025-11-10T00:25:34.236+0700][6.030s][19752][19893][info ] Entering safepoint region: Deoptimize
[2025-11-10T00:25:34.237+0700][6.031s][19752][19893][info ] Leaving safepoint region
[2025-11-10T00:25:34.237+0700][6.031s][19752][19893][info ] Total time for which application threads were stopped: 0.0002547 seconds, Stopping threads took: 0.0000152 seconds
[2025-11-10T00:25:34.240+0700][6.034s][19752][19855][trace] Restored java.lang.invoke.StringConcatFactory archived mirror 0x00000007fef16d70
[2025-11-10T00:25:34.240+0700][6.034s][19752][19855][trace] Restored java.lang.invoke.StringConcatFactory$Strategy archived mirror 0x00000007fef167c0
[2025-11-10T00:25:34.240+0700][6.034s][19752][19855][trace] Restored java.lang.invoke.MethodHandleImpl$AsVarargsCollector archived mirror 0x00000007fef15078
[2025-11-10T00:25:34.241+0700][6.035s][19752][19855][trace] Restored java.lang.invoke.StringConcatFactory$1 archived mirror 0x00000007fef14828
[2025-11-10T00:25:34.241+0700][6.035s][19752][19855][trace] Restored java.lang.invoke.StringConcatFactory$Mode archived mirror 0x00000007fef14788
[2025-11-10T00:25:34.241+0700][6.035s][19752][19855][trace] Restored java.lang.invoke.StringConcatFactory$Recipe archived mirror 0x00000007fef14718
[2025-11-10T00:25:34.241+0700][6.035s][19752][19855][trace] Restored java.lang.invoke.StringConcatFactory$RecipeElement archived mirror 0x00000007fef146a0
[2025-11-10T00:25:34.241+0700][6.035s][19752][19855][trace] Restored java.lang.invoke.StringConcatFactory$MethodHandleInlineCopyStrategy archived mirror 0x00000007fef145c8
[2025-11-10T00:25:34.241+0700][6.035s][19752][19855][trace] Restored java.lang.invoke.StringConcatFactory$MethodHandleInlineCopyStrategy$1 archived mirror 0x00000007fef14540
[2025-11-10T00:25:34.241+0700][6.035s][19752][19855][trace] Restored java.lang.invoke.StringConcatFactory$MethodHandleInlineCopyStrategy$2 archived mirror 0x00000007fef144b8
[2025-11-10T00:25:34.241+0700][6.035s][19752][19855][trace] Restored java.lang.invoke.StringConcatFactory$MethodHandleInlineCopyStrategy$3 archived mirror 0x00000007fef14430
[2025-11-10T00:25:34.241+0700][6.035s][19752][19855][trace] Restored java.lang.StringConcatHelper archived mirror 0x00000007fef143a0
[2025-11-10T00:25:34.241+0700][6.035s][19752][19855][trace] Restored java.lang.invoke.StringConcatFactory$Stringifiers archived mirror 0x00000007fef14328
[2025-11-10T00:25:34.241+0700][6.035s][19752][19855][trace] Restored java.lang.invoke.StringConcatFactory$Stringifiers$StringifierMost archived mirror 0x00000007fef14218
[2025-11-10T00:25:34.241+0700][6.036s][19752][19855][trace] Restored java.lang.invoke.StringConcatFactory$Stringifiers$StringifierAny archived mirror 0x00000007fef14038
[2025-11-10T00:25:34.242+0700][6.036s][19752][19855][trace] Restored java.util.Arrays$ArrayItr archived mirror 0x00000007fef13828
[2025-11-10T00:25:34.259+0700][6.054s][19752][19855][trace] Restored java.lang.Byte$ByteCache archived mirror 0x00000007fef13330
[2025-11-10T00:25:34.261+0700][6.055s][19752][19855][trace] Restored java.lang.invoke.ClassSpecializer$Factory$1Var archived mirror 0x00000007fef13498
[2025-11-10T00:25:34.269+0700][6.063s][19752][19855][trace] Restored java.util.ServiceLoader archived mirror 0x00000007fef10ee8
[2025-11-10T00:25:34.269+0700][6.063s][19752][19855][trace] Restored java.util.ServiceLoader$ModuleServicesLookupIterator archived mirror 0x00000007fef10e48
[2025-11-10T00:25:34.269+0700][6.063s][19752][19855][trace] Restored jdk.internal.loader.AbstractClassLoaderValue$Memoizer archived mirror 0x00000007fef10670
[2025-11-10T00:25:34.269+0700][6.063s][19752][19855][trace] Restored java.util.Spliterators$ArraySpliterator archived mirror 0x00000007fef0e278
[2025-11-10T00:25:34.269+0700][6.063s][19752][19855][trace] Restored java.util.Spliterators$1Adapter archived mirror 0x00000007fef10868
[2025-11-10T00:25:34.270+0700][6.064s][19752][19855][trace] Restored java.util.ServiceLoader$LazyClassPathLookupIterator archived mirror 0x00000007fef107c0
[2025-11-10T00:25:34.270+0700][6.064s][19752][19855][trace] Restored java.util.ServiceLoader$2 archived mirror 0x00000007fef10750
[2025-11-10T00:25:34.270+0700][6.064s][19752][19855][trace] Restored java.util.ServiceLoader$3 archived mirror 0x00000007fef106e0
[2025-11-10T00:25:34.282+0700][6.076s][19752][19893][info ] Application time: 0.0450088 seconds
[2025-11-10T00:25:34.282+0700][6.076s][19752][19893][info ] Entering safepoint region: Deoptimize
[2025-11-10T00:25:34.282+0700][6.076s][19752][19893][info ] Leaving safepoint region
[2025-11-10T00:25:34.282+0700][6.076s][19752][19893][info ] Total time for which application threads were stopped: 0.0001850 seconds, Stopping threads took: 0.0000173 seconds
[2025-11-10T00:25:34.331+0700][6.126s][19752][19855][trace] Restored java.util.concurrent.AbstractExecutorService archived mirror 0x00000007fef0d198
[2025-11-10T00:25:34.332+0700][6.127s][19752][19855][trace] Restored java.util.concurrent.Future archived mirror 0x00000007fef0d5c0
[2025-11-10T00:25:34.334+0700][6.128s][19752][19855][trace] Restored java.util.regex.Pattern archived mirror 0x00000007fef03878
[2025-11-10T00:25:34.334+0700][6.128s][19752][19855][trace] Restored java.util.regex.Pattern$Node archived mirror 0x00000007fef03808
[2025-11-10T00:25:34.334+0700][6.128s][19752][19855][trace] Restored java.util.regex.Pattern$1 archived mirror 0x00000007fef03798
[2025-11-10T00:25:34.334+0700][6.128s][19752][19855][trace] Restored java.util.regex.Pattern$LastNode archived mirror 0x00000007fef03728
[2025-11-10T00:25:34.334+0700][6.128s][19752][19855][trace] Restored java.util.regex.Pattern$GroupHead archived mirror 0x00000007fef036b8
[2025-11-10T00:25:34.334+0700][6.129s][19752][19855][trace] Restored java.util.regex.Pattern$GroupTail archived mirror 0x00000007fef033e8
[2025-11-10T00:25:34.334+0700][6.129s][19752][19855][trace] Restored java.util.regex.Pattern$CharProperty archived mirror 0x00000007fef034c8
[2025-11-10T00:25:34.334+0700][6.129s][19752][19855][trace] Restored java.util.regex.Pattern$BmpCharProperty archived mirror 0x00000007fef03458
[2025-11-10T00:25:34.334+0700][6.129s][19752][19855][trace] Restored java.util.regex.Pattern$BitClass archived mirror 0x00000007fef02c68
[2025-11-10T00:25:34.335+0700][6.129s][19752][19855][trace] Restored java.util.regex.Pattern$CharPredicate archived mirror 0x00000007fef03600
[2025-11-10T00:25:34.335+0700][6.129s][19752][19855][trace] Restored java.util.regex.Pattern$BmpCharPredicate archived mirror 0x00000007fef03538
[2025-11-10T00:25:34.336+0700][6.130s][19752][19855][trace] Restored java.util.regex.Pattern$CharPropertyGreedy archived mirror 0x00000007fef02f70
[2025-11-10T00:25:34.336+0700][6.130s][19752][19855][trace] Restored java.util.regex.Pattern$Ques archived mirror 0x00000007fef02e90
[2025-11-10T00:25:34.336+0700][6.130s][19752][19855][trace] Restored java.util.regex.Pattern$Qtype archived mirror 0x00000007fef02de8
[2025-11-10T00:25:34.336+0700][6.131s][19752][19855][trace] Restored java.util.regex.Pattern$BranchConn archived mirror 0x00000007fef02d78
[2025-11-10T00:25:34.336+0700][6.131s][19752][19855][trace] Restored java.util.regex.Pattern$Branch archived mirror 0x00000007fef02d08
[2025-11-10T00:25:34.336+0700][6.131s][19752][19855][trace] Restored java.util.regex.CharPredicates archived mirror 0x00000007fef02fe0
[2025-11-10T00:25:34.337+0700][6.131s][19752][19855][trace] Restored java.util.regex.Pattern$BmpCharPropertyGreedy archived mirror 0x00000007fef02f00
[2025-11-10T00:25:34.337+0700][6.131s][19752][19855][trace] Restored java.util.regex.ASCII archived mirror 0x00000007fef02748
[2025-11-10T00:25:34.337+0700][6.131s][19752][19855][trace] Restored java.util.regex.Pattern$SliceNode archived mirror 0x00000007fef02bf8
[2025-11-10T00:25:34.338+0700][6.132s][19752][19855][trace] Restored java.util.regex.Pattern$Slice archived mirror 0x00000007fef02b88
[2025-11-10T00:25:34.338+0700][6.132s][19752][19855][trace] Restored java.util.regex.Pattern$Begin archived mirror 0x00000007fef02b18
[2025-11-10T00:25:34.338+0700][6.132s][19752][19855][trace] Restored java.util.regex.Pattern$First archived mirror 0x00000007fef02aa8
[2025-11-10T00:25:34.338+0700][6.132s][19752][19855][trace] Restored java.util.regex.Pattern$Start archived mirror 0x00000007fef02a38
[2025-11-10T00:25:34.338+0700][6.132s][19752][19855][trace] Restored java.util.regex.Pattern$TreeInfo archived mirror 0x00000007fef029c8
[2025-11-10T00:25:34.338+0700][6.132s][19752][19855][trace] Restored java.util.regex.MatchResult archived mirror 0x00000007fef02958
[2025-11-10T00:25:34.338+0700][6.132s][19752][19855][trace] Restored java.util.regex.Matcher archived mirror 0x00000007fef02868
[2025-11-10T00:25:34.338+0700][6.132s][19752][19855][trace] Restored java.util.regex.IntHashSet archived mirror 0x00000007fef027f8
[2025-11-10T00:25:34.341+0700][6.135s][19752][19855][trace] Restored java.lang.invoke.VarHandle$AccessDescriptor archived mirror 0x00000007fef17328
[2025-11-10T00:25:34.342+0700][6.136s][19752][19908][trace] Restored java.time.temporal.TemporalUnit archived mirror 0x00000007fef0be10
[2025-11-10T00:25:34.342+0700][6.136s][19752][19908][trace] Restored java.time.temporal.ChronoUnit archived mirror 0x00000007fef0bcc8
[2025-11-10T00:25:34.342+0700][6.136s][19752][19908][trace] Restored java.time.temporal.TemporalAmount archived mirror 0x00000007fef0bc58
[2025-11-10T00:25:34.342+0700][6.136s][19752][19908][trace] Restored java.time.Duration archived mirror 0x00000007fef0bb70
[2025-11-10T00:25:34.342+0700][6.137s][19752][19908][trace] Restored java.math.BigInteger archived mirror 0x00000007fef0b9a8
[2025-11-10T00:25:34.349+0700][6.143s][19752][19855][trace] Restored java.lang.System$Logger archived mirror 0x00000007fef11258
[2025-11-10T00:25:34.350+0700][6.144s][19752][19855][trace] Restored java.lang.System$LoggerFinder archived mirror 0x00000007fef17500
[2025-11-10T00:25:34.350+0700][6.144s][19752][19855][trace] Restored jdk.internal.logger.DefaultLoggerFinder archived mirror 0x00000007fef17448
[2025-11-10T00:25:34.350+0700][6.144s][19752][19855][trace] Restored jdk.internal.logger.DefaultLoggerFinder$1 archived mirror 0x00000007fef0f148
[2025-11-10T00:25:34.350+0700][6.144s][19752][19855][trace] Restored sun.util.logging.PlatformLogger$Bridge archived mirror 0x00000007fef111e8
[2025-11-10T00:25:34.350+0700][6.144s][19752][19855][trace] Restored sun.util.logging.PlatformLogger$ConfigurableBridge archived mirror 0x00000007fef11178
[2025-11-10T00:25:34.350+0700][6.144s][19752][19855][trace] Restored jdk.internal.logger.BootstrapLogger archived mirror 0x00000007fef110e8
[2025-11-10T00:25:34.350+0700][6.144s][19752][19855][trace] Restored jdk.internal.logger.BootstrapLogger$DetectBackend archived mirror 0x00000007fef11070
[2025-11-10T00:25:34.350+0700][6.144s][19752][19855][trace] Restored jdk.internal.logger.BootstrapLogger$DetectBackend$1 archived mirror 0x00000007fef10fe8
[2025-11-10T00:25:34.351+0700][6.145s][19752][19855][trace] Restored java.util.concurrent.CopyOnWriteArrayList$COWIterator archived mirror 0x00000007fef0f680
[2025-11-10T00:25:34.351+0700][6.145s][19752][19855][trace] Restored sun.util.logging.internal.LoggingProviderImpl archived mirror 0x00000007fef17398
[2025-11-10T00:25:34.351+0700][6.145s][19752][19855][trace] Restored sun.util.logging.internal.LoggingProviderImpl$LogManagerAccess archived mirror 0x00000007fef18118
[2025-11-10T00:25:34.351+0700][6.145s][19752][19855][trace] Restored java.util.ServiceLoader$1 archived mirror 0x00000007fef0f610
[2025-11-10T00:25:34.351+0700][6.145s][19752][19855][trace] Restored java.util.ServiceLoader$Provider archived mirror 0x00000007fef0f5a0
[2025-11-10T00:25:34.351+0700][6.145s][19752][19855][trace] Restored java.util.ServiceLoader$ProviderImpl archived mirror 0x00000007fef0f510
[2025-11-10T00:25:34.351+0700][6.145s][19752][19855][trace] Restored jdk.internal.logger.BootstrapLogger$LoggingBackend archived mirror 0x00000007fef0f468
[2025-11-10T00:25:34.353+0700][6.147s][19752][19855][trace] Restored java.util.NavigableMap archived mirror 0x00000007fef0eaa0
[2025-11-10T00:25:34.354+0700][6.148s][19752][19855][trace] Restored java.util.NavigableSet archived mirror 0x00000007fef0ecb0
[2025-11-10T00:25:34.358+0700][6.152s][19752][19855][trace] Restored java.lang.System$Logger$Level archived mirror 0x00000007fef01ee8
[2025-11-10T00:25:34.358+0700][6.152s][19752][19855][trace] Restored jdk.internal.logger.BootstrapLogger$RedirectedLoggers archived mirror 0x00000007fef0f3d8
[2025-11-10T00:25:34.358+0700][6.152s][19752][19855][trace] Restored sun.util.logging.PlatformLogger$ConfigurableBridge$LoggerConfiguration archived mirror 0x00000007fef020d0
[2025-11-10T00:25:34.358+0700][6.152s][19752][19855][trace] Restored jdk.internal.logger.SimpleConsoleLogger archived mirror 0x00000007fef02038
[2025-11-10T00:25:34.358+0700][6.152s][19752][19855][trace] Restored jdk.internal.logger.SurrogateLogger archived mirror 0x00000007fef01fa8
[2025-11-10T00:25:34.358+0700][6.152s][19752][19855][trace] Restored sun.util.logging.PlatformLogger archived mirror 0x00000007fef01e68
[2025-11-10T00:25:34.358+0700][6.152s][19752][19855][trace] Restored sun.util.logging.PlatformLogger$Level archived mirror 0x00000007fef01d70
[2025-11-10T00:25:34.359+0700][6.153s][19752][19855][trace] Restored java.util.Date archived mirror 0x00000007fef03e00
[2025-11-10T00:25:34.359+0700][6.153s][19752][19855][trace] Restored sun.util.calendar.CalendarSystem archived mirror 0x00000007fef06120
[2025-11-10T00:25:34.359+0700][6.153s][19752][19855][trace] Restored sun.util.calendar.CalendarSystem$GregorianHolder archived mirror 0x00000007fef060a8
[2025-11-10T00:25:34.359+0700][6.153s][19752][19855][trace] Restored sun.util.calendar.AbstractCalendar archived mirror 0x00000007fef06008
[2025-11-10T00:25:34.359+0700][6.153s][19752][19855][trace] Restored sun.util.calendar.BaseCalendar archived mirror 0x00000007fef05f18
[2025-11-10T00:25:34.359+0700][6.153s][19752][19855][trace] Restored sun.util.calendar.Gregorian archived mirror 0x00000007fef05e90
[2025-11-10T00:25:34.360+0700][6.154s][19752][19855][trace] Restored java.security.AccessController$1 archived mirror 0x00000007fef18018
[2025-11-10T00:25:34.360+0700][6.155s][19752][19855][trace] Restored java.security.AllPermissionCollection archived mirror 0x00000007fef17b08
[2025-11-10T00:25:34.363+0700][6.157s][19752][19855][trace] Restored java.util.Collections$SingletonSet archived mirror 0x00000007fef0a3e8
[2025-11-10T00:25:34.366+0700][6.160s][19752][19855][trace] Restored java.util.logging.LogManager archived mirror 0x00000007fef18b38
[2025-11-10T00:25:34.367+0700][6.161s][19752][19855][trace] Restored java.util.ArrayList$ArrayListSpliterator archived mirror 0x00000007fef126f0
[2025-11-10T00:25:34.367+0700][6.161s][19752][19855][trace] Restored java.util.stream.ReferencePipeline$7 archived mirror 0x00000007fef11b68
[2025-11-10T00:25:34.369+0700][6.163s][19752][19855][trace] Restored java.util.stream.ReferencePipeline$7$1 archived mirror 0x00000007fef11598
[2025-11-10T00:25:34.373+0700][6.167s][19752][19855][trace] Restored java.util.Collections$SingletonMap archived mirror 0x00000007fef0a560
[2025-11-10T00:25:34.373+0700][6.167s][19752][19855][trace] Restored java.util.AbstractMap$SimpleImmutableEntry archived mirror 0x00000007fef0a460
[2025-11-10T00:25:34.377+0700][6.171s][19752][19855][trace] Restored java.util.LinkedHashMap$LinkedHashIterator archived mirror 0x00000007fef0a298
[2025-11-10T00:25:34.377+0700][6.171s][19752][19855][trace] Restored java.util.TimSort archived mirror 0x00000007fef09fe0
[2025-11-10T00:25:34.379+0700][6.173s][19752][19855][trace] Restored java.math.BigDecimal archived mirror 0x00000007fef089a0
[2025-11-10T00:25:34.393+0700][6.187s][19752][19855][trace] Restored java.util.LinkedHashMap$LinkedEntrySet archived mirror 0x00000007fef0a308
[2025-11-10T00:25:34.393+0700][6.187s][19752][19855][trace] Restored java.util.LinkedHashMap$LinkedEntryIterator archived mirror 0x00000007fef0a228
[2025-11-10T00:25:34.424+0700][6.218s][19752][19855][trace] Restored java.util.Collections$1 archived mirror 0x00000007fef0a378
[2025-11-10T00:25:34.427+0700][6.222s][19752][19855][trace] Restored java.lang.invoke.DirectMethodHandle$Special archived mirror 0x00000007fef07200
[2025-11-10T00:25:34.460+0700][6.254s][19752][19855][trace] Restored java.util.logging.Logger archived mirror 0x00000007fef191b8
[2025-11-10T00:25:34.470+0700][6.264s][19752][19855][trace] Restored java.util.logging.Level archived mirror 0x00000007fef18fb0
[2025-11-10T00:25:34.470+0700][6.264s][19752][19855][trace] Restored java.util.logging.Level$KnownLevel archived mirror 0x00000007fef18e78
[2025-11-10T00:25:34.470+0700][6.265s][19752][19855][trace] Restored java.util.logging.LogManager$1 archived mirror 0x00000007fef18aa0
[2025-11-10T00:25:34.471+0700][6.265s][19752][19855][trace] Restored java.util.logging.LogManager$LoggerContext archived mirror 0x00000007fef189e8
[2025-11-10T00:25:34.471+0700][6.265s][19752][19855][trace] Restored java.util.logging.LogManager$SystemLoggerContext archived mirror 0x00000007fef18978
[2025-11-10T00:25:34.471+0700][6.265s][19752][19855][trace] Restored java.util.logging.LogManager$LogNode archived mirror 0x00000007fef18908
[2025-11-10T00:25:34.471+0700][6.265s][19752][19855][trace] Restored java.util.logging.LogManager$Cleaner archived mirror 0x00000007fef18450
[2025-11-10T00:25:34.471+0700][6.265s][19752][19855][trace] Restored java.lang.ApplicationShutdownHooks archived mirror 0x00000007fef183b8
[2025-11-10T00:25:34.471+0700][6.265s][19752][19855][trace] Restored java.lang.ApplicationShutdownHooks$1 archived mirror 0x00000007fef18348
[2025-11-10T00:25:34.471+0700][6.265s][19752][19855][trace] Restored java.lang.Shutdown archived mirror 0x00000007fef182a0
[2025-11-10T00:25:34.471+0700][6.265s][19752][19855][trace] Restored java.lang.Shutdown$Lock archived mirror 0x00000007fef18230
[2025-11-10T00:25:34.471+0700][6.265s][19752][19855][trace] Restored java.util.logging.LoggingPermission archived mirror 0x00000007fef18188
[2025-11-10T00:25:34.471+0700][6.265s][19752][19855][trace] Restored java.util.logging.LogManager$LoggingProviderAccess archived mirror 0x00000007fef18088
[2025-11-10T00:25:34.471+0700][6.266s][19752][19855][trace] Restored java.util.logging.LogManager$2 archived mirror 0x00000007fef172b0
[2025-11-10T00:25:34.471+0700][6.266s][19752][19855][trace] Restored java.util.logging.LogManager$RootLogger archived mirror 0x00000007fef17228
[2025-11-10T00:25:34.472+0700][6.266s][19752][19855][trace] Restored java.util.logging.Handler archived mirror 0x00000007fef190f8
[2025-11-10T00:25:34.472+0700][6.266s][19752][19855][trace] Restored java.util.logging.Logger$LoggerBundle archived mirror 0x00000007fef18df0
[2025-11-10T00:25:34.472+0700][6.266s][19752][19855][trace] Restored java.util.logging.Logger$ConfigurationData archived mirror 0x00000007fef18d68
[2025-11-10T00:25:34.472+0700][6.266s][19752][19855][trace] Restored java.util.logging.LogManager$LoggerWeakRef archived mirror 0x00000007fef16e90
[2025-11-10T00:25:34.473+0700][6.267s][19752][19855][trace] Restored java.util.logging.LogManager$VisitedLoggers archived mirror 0x00000007fef13108
[2025-11-10T00:25:34.473+0700][6.267s][19752][19855][trace] Restored java.util.logging.LogManager$LoggerContext$1 archived mirror 0x00000007fef13078
[2025-11-10T00:25:34.473+0700][6.267s][19752][19855][trace] Restored java.util.Collections$3 archived mirror 0x00000007fef12f90
[2025-11-10T00:25:34.473+0700][6.267s][19752][19855][trace] Restored java.util.concurrent.ConcurrentHashMap$KeyIterator archived mirror 0x00000007fef12f20
[2025-11-10T00:25:34.474+0700][6.268s][19752][19855][trace] Restored java.util.Hashtable$Enumerator archived mirror 0x00000007fef12e98
[2025-11-10T00:25:34.475+0700][6.269s][19752][19855][trace] Restored java.util.stream.Streams$AbstractStreamBuilderImpl archived mirror 0x00000007fef11430
[2025-11-10T00:25:34.475+0700][6.269s][19752][19855][trace] Restored java.util.stream.Stream$Builder archived mirror 0x00000007fef114b8
[2025-11-10T00:25:34.475+0700][6.269s][19752][19855][trace] Restored java.util.stream.Streams$StreamBuilderImpl archived mirror 0x00000007fef113c0
[2025-11-10T00:25:34.475+0700][6.269s][19752][19855][trace] Restored java.util.stream.Streams archived mirror 0x00000007fef11338
[2025-11-10T00:25:34.475+0700][6.269s][19752][19855][trace] Restored java.util.IdentityHashMap$Values archived mirror 0x00000007fef112c8
[2025-11-10T00:25:34.477+0700][6.271s][19752][19855][trace] Restored jdk.internal.logger.BootstrapLogger$BootstrapExecutors archived mirror 0x00000007fef0f328
[2025-11-10T00:25:34.478+0700][6.272s][19752][19855][trace] Restored java.util.logging.LogManager$4 archived mirror 0x00000007fef0f2b8
[2025-11-10T00:25:34.528+0700][6.322s][19752][19855][trace] Restored java.lang.Long$LongCache archived mirror 0x00000007fef0a690
[2025-11-10T00:25:34.542+0700][6.336s][19752][19855][trace] Restored java.text.Format archived mirror 0x00000007fef087d0
[2025-11-10T00:25:34.542+0700][6.336s][19752][19855][trace] Restored java.text.DateFormat archived mirror 0x00000007fef086d0
[2025-11-10T00:25:34.542+0700][6.336s][19752][19855][trace] Restored java.text.SimpleDateFormat archived mirror 0x00000007fef06ea0
[2025-11-10T00:25:34.542+0700][6.336s][19752][19855][trace] Restored java.text.AttributedCharacterIterator$Attribute archived mirror 0x00000007fef06de8
[2025-11-10T00:25:34.542+0700][6.336s][19752][19855][trace] Restored java.text.Format$Field archived mirror 0x00000007fef06d70
[2025-11-10T00:25:34.542+0700][6.336s][19752][19855][trace] Restored java.text.DateFormat$Field archived mirror 0x00000007fef06c40
[2025-11-10T00:25:34.542+0700][6.336s][19752][19855][trace] Restored java.util.Locale$Category archived mirror 0x00000007fef0acf0
[2025-11-10T00:25:34.542+0700][6.336s][19752][19855][trace] Restored java.util.Locale$1 archived mirror 0x00000007fef0ac78
[2025-11-10T00:25:34.542+0700][6.337s][19752][19855][trace] Restored java.util.Calendar archived mirror 0x00000007fef069e0
[2025-11-10T00:25:34.543+0700][6.337s][19752][19855][trace] Restored java.util.TimeZone archived mirror 0x00000007fef068f0
[2025-11-10T00:25:34.543+0700][6.337s][19752][19855][trace] Restored sun.util.calendar.ZoneInfo archived mirror 0x00000007fef06818
[2025-11-10T00:25:34.543+0700][6.337s][19752][19855][trace] Restored sun.util.calendar.ZoneInfoFile archived mirror 0x00000007fef06618
[2025-11-10T00:25:34.543+0700][6.337s][19752][19855][trace] Restored sun.util.calendar.ZoneInfoFile$1 archived mirror 0x00000007fef06590
[2025-11-10T00:25:34.543+0700][6.337s][19752][19855][trace] Restored java.io.DataInputStream archived mirror 0x00000007fef06508
[2025-11-10T00:25:34.546+0700][6.341s][19752][19855][trace] Restored sun.util.calendar.ZoneInfoFile$ZoneOffsetTransitionRule archived mirror 0x00000007fef06498
[2025-11-10T00:25:34.547+0700][6.341s][19752][19855][trace] Restored java.util.spi.LocaleServiceProvider archived mirror 0x00000007fef08648
[2025-11-10T00:25:34.547+0700][6.341s][19752][19855][trace] Restored sun.util.spi.CalendarProvider archived mirror 0x00000007fef06428
[2025-11-10T00:25:34.547+0700][6.341s][19752][19855][trace] Restored sun.util.locale.provider.LocaleProviderAdapter archived mirror 0x00000007fef08520
[2025-11-10T00:25:34.547+0700][6.341s][19752][19855][trace] Restored sun.util.locale.provider.LocaleProviderAdapter$Type archived mirror 0x00000007fef08450
[2025-11-10T00:25:34.547+0700][6.341s][19752][19855][trace] Restored sun.util.locale.provider.ResourceBundleBasedAdapter archived mirror 0x00000007fef083e0
[2025-11-10T00:25:34.547+0700][6.341s][19752][19855][trace] Restored sun.util.locale.provider.JRELocaleProviderAdapter archived mirror 0x00000007fef08210
[2025-11-10T00:25:34.547+0700][6.341s][19752][19855][trace] Restored sun.util.locale.provider.FallbackLocaleProviderAdapter archived mirror 0x00000007fef08198
[2025-11-10T00:25:34.547+0700][6.341s][19752][19855][trace] Restored sun.util.locale.provider.LocaleProviderAdapter$NonExistentAdapter archived mirror 0x00000007fef08128
[2025-11-10T00:25:34.547+0700][6.341s][19752][19855][trace] Restored sun.util.locale.LanguageTag archived mirror 0x00000007fef07f70
[2025-11-10T00:25:34.547+0700][6.342s][19752][19855][trace] Restored sun.util.locale.provider.LocaleResources archived mirror 0x00000007fef07df8
[2025-11-10T00:25:34.548+0700][6.342s][19752][19855][trace] Restored sun.util.resources.LocaleData archived mirror 0x00000007fef07d40
[2025-11-10T00:25:34.548+0700][6.342s][19752][19855][trace] Restored java.util.ResourceBundle$Control archived mirror 0x00000007fef07c58
[2025-11-10T00:25:34.548+0700][6.342s][19752][19855][trace] Restored java.util.ResourceBundle$Control$CandidateListCache archived mirror 0x00000007fef07ba0
[2025-11-10T00:25:34.548+0700][6.342s][19752][19855][trace] Restored java.util.ResourceBundle archived mirror 0x00000007fef07a50
[2025-11-10T00:25:34.548+0700][6.342s][19752][19855][trace] Restored sun.util.locale.provider.LocaleProviderAdapter$1 archived mirror 0x00000007fef079d8
[2025-11-10T00:25:34.548+0700][6.342s][19752][19855][trace] Restored sun.util.cldr.CLDRLocaleProviderAdapter archived mirror 0x00000007fef078f0
[2025-11-10T00:25:34.548+0700][6.342s][19752][19855][trace] Restored sun.util.locale.provider.LocaleDataMetaInfo archived mirror 0x00000007fef07880
[2025-11-10T00:25:34.548+0700][6.342s][19752][19855][trace] Restored sun.util.cldr.CLDRBaseLocaleDataMetaInfo archived mirror 0x00000007fef073d8
[2025-11-10T00:25:34.548+0700][6.342s][19752][19855][trace] Restored sun.util.locale.ParseStatus archived mirror 0x00000007fef07368
[2025-11-10T00:25:34.548+0700][6.342s][19752][19855][trace] Restored sun.util.locale.StringTokenIterator archived mirror 0x00000007fef072f8
[2025-11-10T00:25:34.548+0700][6.343s][19752][19855][trace] Restored sun.util.cldr.CLDRLocaleProviderAdapter$1 archived mirror 0x00000007fef07288
[2025-11-10T00:25:34.550+0700][6.344s][19752][19855][trace] Restored sun.util.locale.provider.AvailableLanguageTags archived mirror 0x00000007fef07190
[2025-11-10T00:25:34.550+0700][6.344s][19752][19855][trace] Restored sun.util.locale.provider.CalendarProviderImpl archived mirror 0x00000007fef063b8
[2025-11-10T00:25:34.551+0700][6.345s][19752][19855][trace] Restored java.util.Calendar$Builder archived mirror 0x00000007fef062f8
[2025-11-10T00:25:34.551+0700][6.345s][19752][19855][trace] Restored java.util.GregorianCalendar archived mirror 0x00000007fef061d8
[2025-11-10T00:25:34.551+0700][6.346s][19752][19855][trace] Restored sun.util.locale.provider.CalendarDataUtility archived mirror 0x00000007fef06f88
[2025-11-10T00:25:34.551+0700][6.346s][19752][19855][trace] Restored java.util.spi.CalendarDataProvider archived mirror 0x00000007fef05e20
[2025-11-10T00:25:34.552+0700][6.346s][19752][19855][trace] Restored sun.util.locale.provider.LocaleServiceProviderPool archived mirror 0x00000007fef05d78
[2025-11-10T00:25:34.552+0700][6.346s][19752][19855][trace] Restored java.text.spi.BreakIteratorProvider archived mirror 0x00000007fef05d08
[2025-11-10T00:25:34.552+0700][6.346s][19752][19855][trace] Restored java.text.spi.CollatorProvider archived mirror 0x00000007fef05c98
[2025-11-10T00:25:34.552+0700][6.346s][19752][19855][trace] Restored java.text.spi.DateFormatProvider archived mirror 0x00000007fef085d8
[2025-11-10T00:25:34.552+0700][6.346s][19752][19855][trace] Restored java.text.spi.DateFormatSymbolsProvider archived mirror 0x00000007fef05c28
[2025-11-10T00:25:34.552+0700][6.346s][19752][19855][trace] Restored java.text.spi.DecimalFormatSymbolsProvider archived mirror 0x00000007fef05bb8
[2025-11-10T00:25:34.552+0700][6.346s][19752][19855][trace] Restored java.text.spi.NumberFormatProvider archived mirror 0x00000007fef05b48
[2025-11-10T00:25:34.552+0700][6.346s][19752][19855][trace] Restored java.util.spi.CurrencyNameProvider archived mirror 0x00000007fef05ab8
[2025-11-10T00:25:34.552+0700][6.346s][19752][19855][trace] Restored java.util.spi.LocaleNameProvider archived mirror 0x00000007fef05a48
[2025-11-10T00:25:34.552+0700][6.346s][19752][19855][trace] Restored java.util.spi.TimeZoneNameProvider archived mirror 0x00000007fef059d8
[2025-11-10T00:25:34.552+0700][6.346s][19752][19855][trace] Restored sun.util.locale.provider.LocaleServiceProviderPool$LocalizedObjectGetter archived mirror 0x00000007fef05968
[2025-11-10T00:25:34.552+0700][6.346s][19752][19855][trace] Restored sun.util.locale.provider.CalendarDataUtility$CalendarWeekParameterGetter archived mirror 0x00000007fef058d0
[2025-11-10T00:25:34.552+0700][6.346s][19752][19855][trace] Restored java.util.ResourceBundle$SingleFormatControl archived mirror 0x00000007fef05858
[2025-11-10T00:25:34.552+0700][6.346s][19752][19855][trace] Restored java.util.ResourceBundle$NoFallbackControl archived mirror 0x00000007fef057d8
[2025-11-10T00:25:34.553+0700][6.347s][19752][19855][trace] Restored sun.util.locale.provider.CalendarDataProviderImpl archived mirror 0x00000007fef055c8
[2025-11-10T00:25:34.553+0700][6.347s][19752][19855][trace] Restored sun.util.cldr.CLDRCalendarDataProviderImpl archived mirror 0x00000007fef05530
[2025-11-10T00:25:34.566+0700][6.360s][19752][19855][trace] Restored sun.util.resources.LocaleData$1 archived mirror 0x00000007fef054c0
[2025-11-10T00:25:34.566+0700][6.360s][19752][19855][trace] Restored sun.util.resources.Bundles$Strategy archived mirror 0x00000007fef05450
[2025-11-10T00:25:34.566+0700][6.360s][19752][19855][trace] Restored sun.util.resources.LocaleData$LocaleDataStrategy archived mirror 0x00000007fef053a8
[2025-11-10T00:25:34.566+0700][6.360s][19752][19855][trace] Restored sun.util.resources.Bundles archived mirror 0x00000007fef05300
[2025-11-10T00:25:34.566+0700][6.360s][19752][19855][trace] Restored sun.util.resources.Bundles$1 archived mirror 0x00000007fef05278
[2025-11-10T00:25:34.566+0700][6.360s][19752][19855][trace] Restored jdk.internal.misc.JavaUtilResourceBundleAccess archived mirror 0x00000007fef05208
[2025-11-10T00:25:34.566+0700][6.360s][19752][19855][trace] Restored java.util.ResourceBundle$1 archived mirror 0x00000007fef05198
[2025-11-10T00:25:34.566+0700][6.360s][19752][19855][trace] Restored java.util.ResourceBundle$2 archived mirror 0x00000007fef05110
[2025-11-10T00:25:34.567+0700][6.361s][19752][19855][trace] Restored sun.util.resources.Bundles$CacheKey archived mirror 0x00000007fef05078
[2025-11-10T00:25:34.567+0700][6.361s][19752][19855][trace] Restored java.util.ListResourceBundle archived mirror 0x00000007fef05008
[2025-11-10T00:25:34.567+0700][6.361s][19752][19855][trace] Restored sun.util.resources.cldr.CalendarData archived mirror 0x00000007fef04f78
[2025-11-10T00:25:34.567+0700][6.361s][19752][19855][trace] Restored java.util.ResourceBundle$ResourceBundleProviderHelper archived mirror 0x00000007fef04ea0
[2025-11-10T00:25:34.567+0700][6.361s][19752][19855][trace] Restored sun.util.resources.Bundles$CacheKeyReference archived mirror 0x00000007fef04e30
[2025-11-10T00:25:34.567+0700][6.361s][19752][19855][trace] Restored sun.util.resources.Bundles$BundleReference archived mirror 0x00000007fef04dc0
[2025-11-10T00:25:34.567+0700][6.362s][19752][19855][trace] Restored sun.util.locale.provider.LocaleResources$ResourceReference archived mirror 0x00000007fef04d50
[2025-11-10T00:25:34.568+0700][6.362s][19752][19855][trace] Restored sun.util.calendar.CalendarDate archived mirror 0x00000007fef04cb8
[2025-11-10T00:25:34.568+0700][6.362s][19752][19855][trace] Restored sun.util.calendar.BaseCalendar$Date archived mirror 0x00000007fef04c48
[2025-11-10T00:25:34.568+0700][6.362s][19752][19855][trace] Restored sun.util.calendar.Gregorian$Date archived mirror 0x00000007fef04bd8
[2025-11-10T00:25:34.568+0700][6.362s][19752][19855][trace] Restored sun.util.calendar.CalendarUtils archived mirror 0x00000007fef04b68
[2025-11-10T00:25:34.568+0700][6.362s][19752][19855][trace] Restored java.text.DateFormatSymbols archived mirror 0x00000007fef04a40
[2025-11-10T00:25:34.568+0700][6.362s][19752][19855][trace] Restored sun.util.locale.provider.DateFormatSymbolsProviderImpl archived mirror 0x00000007fef049d0
[2025-11-10T00:25:34.569+0700][6.363s][19752][19855][trace] Restored sun.text.resources.cldr.FormatData archived mirror 0x00000007fef043f0
[2025-11-10T00:25:34.569+0700][6.363s][19752][19855][trace] Restored sun.text.resources.cldr.FormatData_en archived mirror 0x00000007fef004e8
[2025-11-10T00:25:34.569+0700][6.364s][19752][19855][trace] Restored java.text.NumberFormat archived mirror 0x00000007fef04338
[2025-11-10T00:25:34.570+0700][6.364s][19752][19855][trace] Restored sun.util.locale.provider.NumberFormatProviderImpl archived mirror 0x00000007fef04298
[2025-11-10T00:25:34.570+0700][6.364s][19752][19855][trace] Restored java.text.DecimalFormatSymbols archived mirror 0x00000007fef041f8
[2025-11-10T00:25:34.571+0700][6.365s][19752][19855][trace] Restored sun.util.locale.provider.DecimalFormatSymbolsProviderImpl archived mirror 0x00000007fef04188
[2025-11-10T00:25:34.571+0700][6.365s][19752][19855][trace] Restored java.text.DecimalFormat archived mirror 0x00000007fef04068
[2025-11-10T00:25:34.571+0700][6.365s][19752][19855][trace] Restored java.text.FieldPosition archived mirror 0x00000007fef03fd8
[2025-11-10T00:25:34.571+0700][6.365s][19752][19855][trace] Restored java.text.DigitList archived mirror 0x00000007fef03f30
[2025-11-10T00:25:34.571+0700][6.365s][19752][19855][trace] Restored java.math.RoundingMode archived mirror 0x00000007fef08860
[2025-11-10T00:25:34.575+0700][6.369s][19752][19855][trace] Restored java.text.DontCareFieldPosition archived mirror 0x00000007fef03d88
[2025-11-10T00:25:34.575+0700][6.369s][19752][19855][trace] Restored java.text.Format$FieldDelegate archived mirror 0x00000007fef03d18
[2025-11-10T00:25:34.575+0700][6.369s][19752][19855][trace] Restored java.text.DontCareFieldPosition$1 archived mirror 0x00000007fef03ca8
[2025-11-10T00:25:34.585+0700][6.379s][19752][19855][trace] Restored java.time.ZoneId archived mirror 0x00000007fef0c210
[2025-11-10T00:25:34.585+0700][6.379s][19752][19855][trace] Restored java.time.ZoneRegion archived mirror 0x00000007fef09b78
[2025-11-10T00:25:34.585+0700][6.379s][19752][19855][trace] Restored java.time.zone.ZoneRulesProvider archived mirror 0x00000007fef019f0
[2025-11-10T00:25:34.585+0700][6.379s][19752][19855][trace] Restored java.time.zone.ZoneRulesProvider$1 archived mirror 0x00000007fef01968
[2025-11-10T00:25:34.585+0700][6.379s][19752][19855][trace] Restored java.time.zone.TzdbZoneRulesProvider archived mirror 0x00000007fef018c0
[2025-11-10T00:25:34.588+0700][6.382s][19752][19855][trace] Restored java.io.Externalizable archived mirror 0x00000007fef01850
[2025-11-10T00:25:34.588+0700][6.382s][19752][19855][trace] Restored java.time.zone.Ser archived mirror 0x00000007fef017b8
[2025-11-10T00:25:34.588+0700][6.382s][19752][19855][trace] Restored java.time.zone.ZoneRules archived mirror 0x00000007fef09aa8
[2025-11-10T00:25:34.588+0700][6.382s][19752][19855][trace] Restored java.time.zone.ZoneOffsetTransitionRule archived mirror 0x00000007fef099b8
[2025-11-10T00:25:34.588+0700][6.382s][19752][19855][trace] Restored java.time.temporal.TemporalAccessor archived mirror 0x00000007fef193a0
[2025-11-10T00:25:34.588+0700][6.383s][19752][19855][trace] Restored java.time.temporal.Temporal archived mirror 0x00000007fef09930
[2025-11-10T00:25:34.588+0700][6.383s][19752][19855][trace] Restored java.time.temporal.TemporalAdjuster archived mirror 0x00000007fef09d20
[2025-11-10T00:25:34.588+0700][6.383s][19752][19855][trace] Restored java.time.chrono.ChronoLocalDateTime archived mirror 0x00000007fef09858
[2025-11-10T00:25:34.588+0700][6.383s][19752][19855][trace] Restored java.time.LocalDateTime archived mirror 0x00000007fef09780
[2025-11-10T00:25:34.589+0700][6.383s][19752][19855][trace] Restored java.time.ZoneOffset archived mirror 0x00000007fef09c10
[2025-11-10T00:25:34.589+0700][6.383s][19752][19855][trace] Restored java.time.chrono.ChronoLocalDate archived mirror 0x00000007fef096a8
[2025-11-10T00:25:34.589+0700][6.383s][19752][19855][trace] Restored java.time.LocalDate archived mirror 0x00000007fef09548
[2025-11-10T00:25:34.589+0700][6.383s][19752][19855][trace] Restored java.time.temporal.TemporalField archived mirror 0x00000007fef0c0a0
[2025-11-10T00:25:34.589+0700][6.383s][19752][19855][trace] Restored java.time.temporal.ChronoField archived mirror 0x00000007fef0be80
[2025-11-10T00:25:34.589+0700][6.384s][19752][19855][trace] Restored java.time.temporal.ValueRange archived mirror 0x00000007fef0b900
[2025-11-10T00:25:34.590+0700][6.384s][19752][19855][trace] Restored java.time.LocalTime archived mirror 0x00000007fef093f0
[2025-11-10T00:25:34.590+0700][6.384s][19752][19855][trace] Restored java.time.chrono.Chronology archived mirror 0x00000007fef0af70
[2025-11-10T00:25:34.590+0700][6.384s][19752][19855][trace] Restored java.time.chrono.AbstractChronology archived mirror 0x00000007fef0ae78
[2025-11-10T00:25:34.590+0700][6.384s][19752][19855][trace] Restored java.time.chrono.IsoChronology archived mirror 0x00000007fef0adb0
[2025-11-10T00:25:34.650+0700][6.444s][19752][19855][trace] Restored java.util.logging.Logger$SystemLoggerHelper archived mirror 0x00000007fef0f228
[2025-11-10T00:25:34.650+0700][6.444s][19752][19855][trace] Restored java.util.logging.Logger$SystemLoggerHelper$1 archived mirror 0x00000007fef0f1b8
[2025-11-10T00:25:34.730+0700][6.524s][19752][19855][trace] Restored java.text.NumberFormat$Field archived mirror 0x00000007fef03bb8
[2025-11-10T00:25:34.751+0700][6.546s][19752][19855][trace] Restored java.nio.charset.StandardCharsets archived mirror 0x00000007fef22c00
[2025-11-10T00:25:34.752+0700][6.546s][19752][19855][trace] Restored sun.nio.cs.UTF_16BE archived mirror 0x00000007fef22b78
[2025-11-10T00:25:34.752+0700][6.546s][19752][19855][trace] Restored sun.nio.cs.UTF_16LE archived mirror 0x00000007fef22af0
[2025-11-10T00:25:34.752+0700][6.546s][19752][19855][trace] Restored sun.nio.cs.UTF_16 archived mirror 0x00000007fef22a68
[2025-11-10T00:25:34.789+0700][6.584s][19752][19893][info ] Application time: 0.5075283 seconds
[2025-11-10T00:25:34.789+0700][6.584s][19752][19893][info ] Entering safepoint region: ICBufferFull
[2025-11-10T00:25:34.790+0700][6.584s][19752][19893][info ] Leaving safepoint region
[2025-11-10T00:25:34.790+0700][6.584s][19752][19893][info ] Total time for which application threads were stopped: 0.0003271 seconds, Stopping threads took: 0.0000161 seconds
[2025-11-10T00:25:34.819+0700][6.614s][19752][19855][trace] Restored jdk.internal.module.Checks archived mirror 0x00000007fef00a38
[2025-11-10T00:25:34.822+0700][6.616s][19752][19855][trace] Restored java.net.InetAddress archived mirror 0x00000007fef0f000
[2025-11-10T00:25:34.822+0700][6.616s][19752][19855][trace] Restored java.net.InetAddress$InetAddressHolder archived mirror 0x00000007fef0ee28
[2025-11-10T00:25:34.822+0700][6.616s][19752][19855][trace] Restored java.net.InetAddress$NameService archived mirror 0x00000007fef0e478
[2025-11-10T00:25:34.822+0700][6.616s][19752][19855][trace] Restored java.net.InetAddressImpl archived mirror 0x00000007fef0e570
[2025-11-10T00:25:34.824+0700][6.618s][19752][19893][info ] Application time: 0.0336766 seconds
[2025-11-10T00:25:34.824+0700][6.618s][19752][19893][info ] Entering safepoint region: Deoptimize
[2025-11-10T00:25:34.824+0700][6.618s][19752][19893][info ] Leaving safepoint region
[2025-11-10T00:25:34.824+0700][6.618s][19752][19893][info ] Total time for which application threads were stopped: 0.0002633 seconds, Stopping threads took: 0.0000263 seconds
[2025-11-10T00:25:34.835+0700][6.629s][19752][19855][trace] Restored java.lang.Character$CharacterCache archived mirror 0x00000007fef0c128
[2025-11-10T00:25:34.837+0700][6.631s][19752][19893][info ] Application time: 0.0127766 seconds
[2025-11-10T00:25:34.837+0700][6.631s][19752][19893][info ] Entering safepoint region: Deoptimize
[2025-11-10T00:25:34.837+0700][6.631s][19752][19893][info ] Leaving safepoint region
[2025-11-10T00:25:34.837+0700][6.631s][19752][19893][info ] Total time for which application threads were stopped: 0.0002746 seconds, Stopping threads took: 0.0000177 seconds
[2025-11-10T00:25:35.075+0700][6.869s][19752][19893][info ] Application time: 0.2376127 seconds
[2025-11-10T00:25:35.075+0700][6.869s][19752][19893][info ] Entering safepoint region: Deoptimize
[2025-11-10T00:25:35.075+0700][6.869s][19752][19893][info ] Leaving safepoint region
[2025-11-10T00:25:35.075+0700][6.869s][19752][19893][info ] Total time for which application threads were stopped: 0.0003934 seconds, Stopping threads took: 0.0000166 seconds
[2025-11-10T00:25:35.075+0700][6.870s][19752][19893][info ] Application time: 0.0004939 seconds
[2025-11-10T00:25:35.076+0700][6.870s][19752][19893][info ] Entering safepoint region: Deoptimize
[2025-11-10T00:25:35.076+0700][6.870s][19752][19893][info ] Leaving safepoint region
[2025-11-10T00:25:35.076+0700][6.870s][19752][19893][info ] Total time for which application threads were stopped: 0.0002301 seconds, Stopping threads took: 0.0000160 seconds
[2025-11-10T00:25:35.123+0700][6.918s][19752][19893][info ] Application time: 0.0477118 seconds
[2025-11-10T00:25:35.124+0700][6.918s][19752][19893][info ] Entering safepoint region: Deoptimize
[2025-11-10T00:25:35.124+0700][6.918s][19752][19893][info ] Leaving safepoint region
[2025-11-10T00:25:35.124+0700][6.918s][19752][19893][info ] Total time for which application threads were stopped: 0.0003736 seconds, Stopping threads took: 0.0000166 seconds
[2025-11-10T00:25:35.138+0700][6.932s][19752][19893][info ] Application time: 0.0143026 seconds
[2025-11-10T00:25:35.138+0700][6.932s][19752][19893][info ] Entering safepoint region: Deoptimize
[2025-11-10T00:25:35.139+0700][6.933s][19752][19893][info ] Leaving safepoint region
[2025-11-10T00:25:35.139+0700][6.933s][19752][19893][info ] Total time for which application threads were stopped: 0.0003162 seconds, Stopping threads took: 0.0000163 seconds
[2025-11-10T00:25:35.142+0700][6.936s][19752][19893][info ] Application time: 0.0033179 seconds
[2025-11-10T00:25:35.142+0700][6.936s][19752][19893][info ] Entering safepoint region: Deoptimize
[2025-11-10T00:25:35.142+0700][6.936s][19752][19893][info ] Leaving safepoint region
[2025-11-10T00:25:35.142+0700][6.936s][19752][19893][info ] Total time for which application threads were stopped: 0.0003412 seconds, Stopping threads took: 0.0000161 seconds
[2025-11-10T00:25:35.165+0700][6.959s][19752][19855][trace] Restored java.time.chrono.ChronoZonedDateTime archived mirror 0x00000007fef016e8
[2025-11-10T00:25:35.165+0700][6.959s][19752][19855][trace] Restored java.time.ZonedDateTime archived mirror 0x00000007fef015f8
[2025-11-10T00:25:35.165+0700][6.959s][19752][19855][trace] Restored java.time.Instant archived mirror 0x00000007fef091c0
[2025-11-10T00:25:35.169+0700][6.963s][19752][19855][trace] Restored sun.util.PreHashedMap archived mirror 0x00000007fef235e0
[2025-11-10T00:25:35.169+0700][6.963s][19752][19855][trace] Restored sun.nio.cs.StandardCharsets$Aliases archived mirror 0x00000007fef22f50
[2025-11-10T00:25:35.169+0700][6.963s][19752][19855][trace] Restored sun.nio.cs.StandardCharsets$Cache archived mirror 0x00000007fef22dc0
[2025-11-10T00:25:35.218+0700][7.012s][19752][19893][info ] Application time: 0.0753940 seconds
[2025-11-10T00:25:35.218+0700][7.012s][19752][19893][info ] Entering safepoint region: Deoptimize
[2025-11-10T00:25:35.218+0700][7.012s][19752][19893][info ] Leaving safepoint region
[2025-11-10T00:25:35.218+0700][7.012s][19752][19893][info ] Total time for which application threads were stopped: 0.0003552 seconds, Stopping threads took: 0.0000233 seconds
[2025-11-10T00:25:35.333+0700][7.127s][19752][19855][trace] Restored java.util.Formatter archived mirror 0x00000007fef03b10
[2025-11-10T00:25:35.333+0700][7.128s][19752][19855][trace] Restored java.util.Formatter$FormatString archived mirror 0x00000007fef026d8
[2025-11-10T00:25:35.333+0700][7.128s][19752][19855][trace] Restored java.util.Formatter$FormatSpecifier archived mirror 0x00000007fef02618
[2025-11-10T00:25:35.334+0700][7.128s][19752][19855][trace] Restored java.util.Formatter$Flags archived mirror 0x00000007fef02580
[2025-11-10T00:25:35.334+0700][7.128s][19752][19855][trace] Restored java.util.Formatter$Conversion archived mirror 0x00000007fef024e0
[2025-11-10T00:25:35.334+0700][7.128s][19752][19855][trace] Restored java.util.Formatter$FixedString archived mirror 0x00000007fef00918
[2025-11-10T00:25:35.334+0700][7.128s][19752][19855][trace] Restored java.util.Formattable archived mirror 0x00000007fef02470
[2025-11-10T00:25:35.345+0700][7.139s][19752][19855][trace] Restored java.util.concurrent.ForkJoinPool archived mirror 0x00000007fef0cfc8
[2025-11-10T00:25:35.345+0700][7.139s][19752][19855][trace] Restored java.lang.invoke.VarHandleLongs$FieldInstanceReadOnly archived mirror 0x00000007fef0cf50
[2025-11-10T00:25:35.345+0700][7.139s][19752][19855][trace] Restored java.lang.invoke.VarHandleLongs$FieldInstanceReadWrite archived mirror 0x00000007fef0ced8
[2025-11-10T00:25:35.345+0700][7.139s][19752][19855][trace] Restored java.util.concurrent.ForkJoinTask archived mirror 0x00000007fef0d4f8
[2025-11-10T00:25:35.345+0700][7.139s][19752][19855][trace] Restored java.lang.invoke.VarHandleObjects$Array archived mirror 0x00000007fef0ce60
[2025-11-10T00:25:35.345+0700][7.140s][19752][19855][trace] Restored java.util.concurrent.ForkJoinPool$ForkJoinWorkerThreadFactory archived mirror 0x00000007fef0cdf0
[2025-11-10T00:25:35.345+0700][7.140s][19752][19855][trace] Restored java.util.concurrent.ForkJoinPool$DefaultForkJoinWorkerThreadFactory archived mirror 0x00000007fef0cd60
[2025-11-10T00:25:35.346+0700][7.140s][19752][19855][trace] Restored java.util.concurrent.ForkJoinPool$1 archived mirror 0x00000007fef0ccf0
[2025-11-10T00:25:35.346+0700][7.140s][19752][19855][trace] Restored java.util.concurrent.ForkJoinPool$WorkQueue archived mirror 0x00000007fef0cbf8
[2025-11-10T00:25:35.347+0700][7.141s][19752][19855][trace] Restored java.util.concurrent.ForkJoinTask$ExceptionNode archived mirror 0x00000007fef0d2f0
[2025-11-10T00:25:35.347+0700][7.141s][19752][19855][trace] Restored java.util.concurrent.ForkJoinWorkerThread archived mirror 0x00000007fef0cb68
[2025-11-10T00:25:35.347+0700][7.141s][19752][19855][trace] Restored java.util.Random archived mirror 0x00000007fef0ca80
[2025-11-10T00:25:35.347+0700][7.141s][19752][19855][trace] Restored java.util.concurrent.ThreadLocalRandom archived mirror 0x00000007fef0c950
[2025-11-10T00:25:35.347+0700][7.141s][19752][19855][trace] Restored java.util.concurrent.ForkJoinPool$DefaultForkJoinWorkerThreadFactory$1 archived mirror 0x00000007fef0c8e0
[2025-11-10T00:25:35.365+0700][7.159s][19752][19893][info ] Application time: 0.1465215 seconds
[2025-11-10T00:25:35.365+0700][7.159s][19752][19893][info ] Entering safepoint region: Deoptimize
[2025-11-10T00:25:35.365+0700][7.159s][19752][19893][info ] Leaving safepoint region
[2025-11-10T00:25:35.365+0700][7.159s][19752][19893][info ] Total time for which application threads were stopped: 0.0003341 seconds, Stopping threads took: 0.0000147 seconds
[2025-11-10T00:25:35.550+0700][7.344s][19752][19855][trace] Restored java.net.InetAddress$1 archived mirror 0x00000007fef0ef78
[2025-11-10T00:25:35.550+0700][7.345s][19752][19855][trace] Restored jdk.internal.misc.JavaNetInetAddressAccess archived mirror 0x00000007fef0ef08
[2025-11-10T00:25:35.550+0700][7.345s][19752][19855][trace] Restored java.net.InetAddress$2 archived mirror 0x00000007fef0ee98
[2025-11-10T00:25:35.551+0700][7.345s][19752][19855][trace] Restored java.util.concurrent.ConcurrentSkipListSet archived mirror 0x00000007fef0ec08
[2025-11-10T00:25:35.551+0700][7.345s][19752][19855][trace] Restored java.util.concurrent.ConcurrentNavigableMap archived mirror 0x00000007fef0e9a8
[2025-11-10T00:25:35.551+0700][7.345s][19752][19855][trace] Restored java.util.concurrent.ConcurrentSkipListMap archived mirror 0x00000007fef0e8a0
[2025-11-10T00:25:35.551+0700][7.345s][19752][19855][trace] Restored java.util.concurrent.ConcurrentSkipListMap$Index archived mirror 0x00000007fef0e830
[2025-11-10T00:25:35.551+0700][7.345s][19752][19855][trace] Restored java.util.concurrent.atomic.Striped64 archived mirror 0x00000007fef0e768
[2025-11-10T00:25:35.551+0700][7.345s][19752][19855][trace] Restored java.util.concurrent.atomic.LongAdder archived mirror 0x00000007fef0e6d8
[2025-11-10T00:25:35.551+0700][7.345s][19752][19855][trace] Restored java.util.concurrent.ConcurrentSkipListMap$Node archived mirror 0x00000007fef0e668
[2025-11-10T00:25:35.551+0700][7.345s][19752][19855][trace] Restored java.net.InetAddressImplFactory archived mirror 0x00000007fef0e5e0
[2025-11-10T00:25:35.551+0700][7.345s][19752][19855][trace] Restored java.net.Inet4AddressImpl archived mirror 0x00000007fef0e380
[2025-11-10T00:25:35.551+0700][7.345s][19752][19855][trace] Restored java.net.InetAddress$PlatformNameService archived mirror 0x00000007fef0e408
[2025-11-10T00:25:35.551+0700][7.345s][19752][19855][trace] Restored java.net.Inet4Address archived mirror 0x00000007fef0e2e8
[2025-11-10T00:25:35.616+0700][7.410s][19752][19893][info ] Application time: 0.2505883 seconds
[2025-11-10T00:25:35.616+0700][7.410s][19752][19893][info ] Entering safepoint region: Deoptimize
[2025-11-10T00:25:35.616+0700][7.410s][19752][19893][info ] Leaving safepoint region
[2025-11-10T00:25:35.616+0700][7.410s][19752][19893][info ] Total time for which application threads were stopped: 0.0004949 seconds, Stopping threads took: 0.0000233 seconds
[2025-11-10T00:25:35.672+0700][7.466s][19752][19893][info ] Application time: 0.0562066 seconds
[2025-11-10T00:25:35.672+0700][7.467s][19752][19893][info ] Entering safepoint region: Deoptimize
[2025-11-10T00:25:35.673+0700][7.467s][19752][19893][info ] Leaving safepoint region
[2025-11-10T00:25:35.673+0700][7.467s][19752][19893][info ] Total time for which application threads were stopped: 0.0004596 seconds, Stopping threads took: 0.0000224 seconds
[2025-11-10T00:25:35.686+0700][7.480s][19752][19893][info ] Application time: 0.0131774 seconds
[2025-11-10T00:25:35.686+0700][7.480s][19752][19893][info ] Entering safepoint region: CollectForMetadataAllocation
[2025-11-10T00:25:35.686+0700][7.480s][19752][19893][debug] GC(0) Heap before GC invocations=0 (full 0): garbage-first heap   total 3768320K, used 163536K [0x000000071a000000, 0x0000000800000000)
[2025-11-10T00:25:35.686+0700][7.480s][19752][19893][debug] GC(0)   region size 16384K, 10 young (163840K), 0 survivors (0K)
[2025-11-10T00:25:35.686+0700][7.481s][19752][19893][debug] GC(0)  Metaspace       used 20413K, capacity 21224K, committed 21248K, reserved 1067008K
[2025-11-10T00:25:35.686+0700][7.481s][19752][19893][debug] GC(0)   class space    used 2415K, capacity 2795K, committed 2816K, reserved 1048576K
[2025-11-10T00:25:35.686+0700][7.481s][19752][19893][trace] GC(0) Heap Regions: E=young(eden), S=young(survivor), O=old, HS=humongous(starts), HC=humongous(continues), CS=collection set, F=free, A=archive, TAMS=top-at-mark-start (previous, next)
[2025-11-10T00:25:35.686+0700][7.481s][19752][19893][trace] GC(0) |   0|0x000000071a000000, 0x000000071a000000, 0x000000071b000000|  0%| F|  |TAMS 0x000000071a000000, 0x000000071a000000| Untracked 
[2025-11-10T00:25:35.686+0700][7.481s][19752][19893][trace] GC(0) |   1|0x000000071b000000, 0x000000071b000000, 0x000000071c000000|  0%| F|  |TAMS 0x000000071b000000, 0x000000071b000000| Untracked 
[2025-11-10T00:25:35.687+0700][7.481s][19752][19893][trace] GC(0) |   2|0x000000071c000000, 0x000000071c000000, 0x000000071d000000|  0%| F|  |TAMS 0x000000071c000000, 0x000000071c000000| Untracked 
[2025-11-10T00:25:35.687+0700][7.481s][19752][19893][trace] GC(0) |   3|0x000000071d000000, 0x000000071d000000, 0x000000071e000000|  0%| F|  |TAMS 0x000000071d000000, 0x000000071d000000| Untracked 
[2025-11-10T00:25:35.687+0700][7.481s][19752][19893][trace] GC(0) |   4|0x000000071e000000, 0x000000071e000000, 0x000000071f000000|  0%| F|  |TAMS 0x000000071e000000, 0x000000071e000000| Untracked 
[2025-11-10T00:25:35.687+0700][7.481s][19752][19893][trace] GC(0) |   5|0x000000071f000000, 0x000000071f000000, 0x0000000720000000|  0%| F|  |TAMS 0x000000071f000000, 0x000000071f000000| Untracked 
[2025-11-10T00:25:35.687+0700][7.481s][19752][19893][trace] GC(0) |   6|0x0000000720000000, 0x0000000720000000, 0x0000000721000000|  0%| F|  |TAMS 0x0000000720000000, 0x0000000720000000| Untracked 
[2025-11-10T00:25:35.687+0700][7.481s][19752][19893][trace] GC(0) |   7|0x0000000721000000, 0x0000000721000000, 0x0000000722000000|  0%| F|  |TAMS 0x0000000721000000, 0x0000000721000000| Untracked 
[2025-11-10T00:25:35.687+0700][7.481s][19752][19893][trace] GC(0) |   8|0x0000000722000000, 0x0000000722000000, 0x0000000723000000|  0%| F|  |TAMS 0x0000000722000000, 0x0000000722000000| Untracked 
[2025-11-10T00:25:35.687+0700][7.481s][19752][19893][trace] GC(0) |   9|0x0000000723000000, 0x0000000723000000, 0x0000000724000000|  0%| F|  |TAMS 0x0000000723000000, 0x0000000723000000| Untracked 
[2025-11-10T00:25:35.687+0700][7.481s][19752][19893][trace] GC(0) |  10|0x0000000724000000, 0x0000000724000000, 0x0000000725000000|  0%| F|  |TAMS 0x0000000724000000, 0x0000000724000000| Untracked 
[2025-11-10T00:25:35.687+0700][7.481s][19752][19893][trace] GC(0) |  11|0x0000000725000000, 0x0000000725000000, 0x0000000726000000|  0%| F|  |TAMS 0x0000000725000000, 0x0000000725000000| Untracked 
[2025-11-10T00:25:35.687+0700][7.481s][19752][19893][trace] GC(0) |  12|0x0000000726000000, 0x0000000726000000, 0x0000000727000000|  0%| F|  |TAMS 0x0000000726000000, 0x0000000726000000| Untracked 
[2025-11-10T00:25:35.687+0700][7.481s][19752][19893][trace] GC(0) |  13|0x0000000727000000, 0x0000000727000000, 0x0000000728000000|  0%| F|  |TAMS 0x0000000727000000, 0x0000000727000000| Untracked 
[2025-11-10T00:25:35.687+0700][7.481s][19752][19893][trace] GC(0) |  14|0x0000000728000000, 0x0000000728000000, 0x0000000729000000|  0%| F|  |TAMS 0x0000000728000000, 0x0000000728000000| Untracked 
[2025-11-10T00:25:35.687+0700][7.481s][19752][19893][trace] GC(0) |  15|0x0000000729000000, 0x0000000729000000, 0x000000072a000000|  0%| F|  |TAMS 0x0000000729000000, 0x0000000729000000| Untracked 
[2025-11-10T00:25:35.687+0700][7.481s][19752][19893][trace] GC(0) |  16|0x000000072a000000, 0x000000072a000000, 0x000000072b000000|  0%| F|  |TAMS 0x000000072a000000, 0x000000072a000000| Untracked 
[2025-11-10T00:25:35.687+0700][7.481s][19752][19893][trace] GC(0) |  17|0x000000072b000000, 0x000000072b000000, 0x000000072c000000|  0%| F|  |TAMS 0x000000072b000000, 0x000000072b000000| Untracked 
[2025-11-10T00:25:35.687+0700][7.481s][19752][19893][trace] GC(0) |  18|0x000000072c000000, 0x000000072c000000, 0x000000072d000000|  0%| F|  |TAMS 0x000000072c000000, 0x000000072c000000| Untracked 
[2025-11-10T00:25:35.687+0700][7.481s][19752][19893][trace] GC(0) |  19|0x000000072d000000, 0x000000072d000000, 0x000000072e000000|  0%| F|  |TAMS 0x000000072d000000, 0x000000072d000000| Untracked 
[2025-11-10T00:25:35.687+0700][7.481s][19752][19893][trace] GC(0) |  20|0x000000072e000000, 0x000000072e000000, 0x000000072f000000|  0%| F|  |TAMS 0x000000072e000000, 0x000000072e000000| Untracked 
[2025-11-10T00:25:35.687+0700][7.481s][19752][19893][trace] GC(0) |  21|0x000000072f000000, 0x000000072f000000, 0x0000000730000000|  0%| F|  |TAMS 0x000000072f000000, 0x000000072f000000| Untracked 
[2025-11-10T00:25:35.687+0700][7.481s][19752][19893][trace] GC(0) |  22|0x0000000730000000, 0x0000000730000000, 0x0000000731000000|  0%| F|  |TAMS 0x0000000730000000, 0x0000000730000000| Untracked 
[2025-11-10T00:25:35.687+0700][7.481s][19752][19893][trace] GC(0) |  23|0x0000000731000000, 0x0000000731000000, 0x0000000732000000|  0%| F|  |TAMS 0x0000000731000000, 0x0000000731000000| Untracked 
[2025-11-10T00:25:35.687+0700][7.481s][19752][19893][trace] GC(0) |  24|0x0000000732000000, 0x0000000732000000, 0x0000000733000000|  0%| F|  |TAMS 0x0000000732000000, 0x0000000732000000| Untracked 
[2025-11-10T00:25:35.687+0700][7.481s][19752][19893][trace] GC(0) |  25|0x0000000733000000, 0x0000000733000000, 0x0000000734000000|  0%| F|  |TAMS 0x0000000733000000, 0x0000000733000000| Untracked 
[2025-11-10T00:25:35.687+0700][7.481s][19752][19893][trace] GC(0) |  26|0x0000000734000000, 0x0000000734000000, 0x0000000735000000|  0%| F|  |TAMS 0x0000000734000000, 0x0000000734000000| Untracked 
[2025-11-10T00:25:35.687+0700][7.481s][19752][19893][trace] GC(0) |  27|0x0000000735000000, 0x0000000735000000, 0x0000000736000000|  0%| F|  |TAMS 0x0000000735000000, 0x0000000735000000| Untracked 
[2025-11-10T00:25:35.687+0700][7.481s][19752][19893][trace] GC(0) |  28|0x0000000736000000, 0x0000000736000000, 0x0000000737000000|  0%| F|  |TAMS 0x0000000736000000, 0x0000000736000000| Untracked 
[2025-11-10T00:25:35.687+0700][7.481s][19752][19893][trace] GC(0) |  29|0x0000000737000000, 0x0000000737000000, 0x0000000738000000|  0%| F|  |TAMS 0x0000000737000000, 0x0000000737000000| Untracked 
[2025-11-10T00:25:35.687+0700][7.481s][19752][19893][trace] GC(0) |  30|0x0000000738000000, 0x0000000738000000, 0x0000000739000000|  0%| F|  |TAMS 0x0000000738000000, 0x0000000738000000| Untracked 
[2025-11-10T00:25:35.687+0700][7.481s][19752][19893][trace] GC(0) |  31|0x0000000739000000, 0x0000000739000000, 0x000000073a000000|  0%| F|  |TAMS 0x0000000739000000, 0x0000000739000000| Untracked 
[2025-11-10T00:25:35.687+0700][7.481s][19752][19893][trace] GC(0) |  32|0x000000073a000000, 0x000000073a000000, 0x000000073b000000|  0%| F|  |TAMS 0x000000073a000000, 0x000000073a000000| Untracked 
[2025-11-10T00:25:35.687+0700][7.481s][19752][19893][trace] GC(0) |  33|0x000000073b000000, 0x000000073b000000, 0x000000073c000000|  0%| F|  |TAMS 0x000000073b000000, 0x000000073b000000| Untracked 
[2025-11-10T00:25:35.687+0700][7.481s][19752][19893][trace] GC(0) |  34|0x000000073c000000, 0x000000073c000000, 0x000000073d000000|  0%| F|  |TAMS 0x000000073c000000, 0x000000073c000000| Untracked 
[2025-11-10T00:25:35.687+0700][7.481s][19752][19893][trace] GC(0) |  35|0x000000073d000000, 0x000000073d000000, 0x000000073e000000|  0%| F|  |TAMS 0x000000073d000000, 0x000000073d000000| Untracked 
[2025-11-10T00:25:35.687+0700][7.481s][19752][19893][trace] GC(0) |  36|0x000000073e000000, 0x000000073e000000, 0x000000073f000000|  0%| F|  |TAMS 0x000000073e000000, 0x000000073e000000| Untracked 
[2025-11-10T00:25:35.687+0700][7.481s][19752][19893][trace] GC(0) |  37|0x000000073f000000, 0x000000073f000000, 0x0000000740000000|  0%| F|  |TAMS 0x000000073f000000, 0x000000073f000000| Untracked 
[2025-11-10T00:25:35.687+0700][7.481s][19752][19893][trace] GC(0) |  38|0x0000000740000000, 0x0000000740000000, 0x0000000741000000|  0%| F|  |TAMS 0x0000000740000000, 0x0000000740000000| Untracked 
[2025-11-10T00:25:35.687+0700][7.481s][19752][19893][trace] GC(0) |  39|0x0000000741000000, 0x0000000741000000, 0x0000000742000000|  0%| F|  |TAMS 0x0000000741000000, 0x0000000741000000| Untracked 
[2025-11-10T00:25:35.687+0700][7.481s][19752][19893][trace] GC(0) |  40|0x0000000742000000, 0x0000000742000000, 0x0000000743000000|  0%| F|  |TAMS 0x0000000742000000, 0x0000000742000000| Untracked 
[2025-11-10T00:25:35.687+0700][7.481s][19752][19893][trace] GC(0) |  41|0x0000000743000000, 0x0000000743000000, 0x0000000744000000|  0%| F|  |TAMS 0x0000000743000000, 0x0000000743000000| Untracked 
[2025-11-10T00:25:35.687+0700][7.481s][19752][19893][trace] GC(0) |  42|0x0000000744000000, 0x0000000744000000, 0x0000000745000000|  0%| F|  |TAMS 0x0000000744000000, 0x0000000744000000| Untracked 
[2025-11-10T00:25:35.687+0700][7.481s][19752][19893][trace] GC(0) |  43|0x0000000745000000, 0x0000000745000000, 0x0000000746000000|  0%| F|  |TAMS 0x0000000745000000, 0x0000000745000000| Untracked 
[2025-11-10T00:25:35.687+0700][7.481s][19752][19893][trace] GC(0) |  44|0x0000000746000000, 0x0000000746000000, 0x0000000747000000|  0%| F|  |TAMS 0x0000000746000000, 0x0000000746000000| Untracked 
[2025-11-10T00:25:35.687+0700][7.481s][19752][19893][trace] GC(0) |  45|0x0000000747000000, 0x0000000747000000, 0x0000000748000000|  0%| F|  |TAMS 0x0000000747000000, 0x0000000747000000| Untracked 
[2025-11-10T00:25:35.687+0700][7.481s][19752][19893][trace] GC(0) |  46|0x0000000748000000, 0x0000000748000000, 0x0000000749000000|  0%| F|  |TAMS 0x0000000748000000, 0x0000000748000000| Untracked 
[2025-11-10T00:25:35.687+0700][7.481s][19752][19893][trace] GC(0) |  47|0x0000000749000000, 0x0000000749000000, 0x000000074a000000|  0%| F|  |TAMS 0x0000000749000000, 0x0000000749000000| Untracked 
[2025-11-10T00:25:35.687+0700][7.481s][19752][19893][trace] GC(0) |  48|0x000000074a000000, 0x000000074a000000, 0x000000074b000000|  0%| F|  |TAMS 0x000000074a000000, 0x000000074a000000| Untracked 
[2025-11-10T00:25:35.687+0700][7.481s][19752][19893][trace] GC(0) |  49|0x000000074b000000, 0x000000074b000000, 0x000000074c000000|  0%| F|  |TAMS 0x000000074b000000, 0x000000074b000000| Untracked 
[2025-11-10T00:25:35.687+0700][7.481s][19752][19893][trace] GC(0) |  50|0x000000074c000000, 0x000000074c000000, 0x000000074d000000|  0%| F|  |TAMS 0x000000074c000000, 0x000000074c000000| Untracked 
[2025-11-10T00:25:35.687+0700][7.481s][19752][19893][trace] GC(0) |  51|0x000000074d000000, 0x000000074d000000, 0x000000074e000000|  0%| F|  |TAMS 0x000000074d000000, 0x000000074d000000| Untracked 
[2025-11-10T00:25:35.687+0700][7.481s][19752][19893][trace] GC(0) |  52|0x000000074e000000, 0x000000074e000000, 0x000000074f000000|  0%| F|  |TAMS 0x000000074e000000, 0x000000074e000000| Untracked 
[2025-11-10T00:25:35.687+0700][7.481s][19752][19893][trace] GC(0) |  53|0x000000074f000000, 0x000000074f000000, 0x0000000750000000|  0%| F|  |TAMS 0x000000074f000000, 0x000000074f000000| Untracked 
[2025-11-10T00:25:35.687+0700][7.481s][19752][19893][trace] GC(0) |  54|0x0000000750000000, 0x0000000750000000, 0x0000000751000000|  0%| F|  |TAMS 0x0000000750000000, 0x0000000750000000| Untracked 
[2025-11-10T00:25:35.687+0700][7.481s][19752][19893][trace] GC(0) |  55|0x0000000751000000, 0x0000000751000000, 0x0000000752000000|  0%| F|  |TAMS 0x0000000751000000, 0x0000000751000000| Untracked 
[2025-11-10T00:25:35.687+0700][7.481s][19752][19893][trace] GC(0) |  56|0x0000000752000000, 0x0000000752000000, 0x0000000753000000|  0%| F|  |TAMS 0x0000000752000000, 0x0000000752000000| Untracked 
[2025-11-10T00:25:35.687+0700][7.481s][19752][19893][trace] GC(0) |  57|0x0000000753000000, 0x0000000753000000, 0x0000000754000000|  0%| F|  |TAMS 0x0000000753000000, 0x0000000753000000| Untracked 
[2025-11-10T00:25:35.687+0700][7.481s][19752][19893][trace] GC(0) |  58|0x0000000754000000, 0x0000000754000000, 0x0000000755000000|  0%| F|  |TAMS 0x0000000754000000, 0x0000000754000000| Untracked 
[2025-11-10T00:25:35.687+0700][7.481s][19752][19893][trace] GC(0) |  59|0x0000000755000000, 0x0000000755000000, 0x0000000756000000|  0%| F|  |TAMS 0x0000000755000000, 0x0000000755000000| Untracked 
[2025-11-10T00:25:35.687+0700][7.481s][19752][19893][trace] GC(0) |  60|0x0000000756000000, 0x0000000756000000, 0x0000000757000000|  0%| F|  |TAMS 0x0000000756000000, 0x0000000756000000| Untracked 
[2025-11-10T00:25:35.687+0700][7.481s][19752][19893][trace] GC(0) |  61|0x0000000757000000, 0x0000000757000000, 0x0000000758000000|  0%| F|  |TAMS 0x0000000757000000, 0x0000000757000000| Untracked 
[2025-11-10T00:25:35.687+0700][7.481s][19752][19893][trace] GC(0) |  62|0x0000000758000000, 0x0000000758000000, 0x0000000759000000|  0%| F|  |TAMS 0x0000000758000000, 0x0000000758000000| Untracked 
[2025-11-10T00:25:35.687+0700][7.481s][19752][19893][trace] GC(0) |  63|0x0000000759000000, 0x0000000759000000, 0x000000075a000000|  0%| F|  |TAMS 0x0000000759000000, 0x0000000759000000| Untracked 
[2025-11-10T00:25:35.687+0700][7.481s][19752][19893][trace] GC(0) |  64|0x000000075a000000, 0x000000075a000000, 0x000000075b000000|  0%| F|  |TAMS 0x000000075a000000, 0x000000075a000000| Untracked 
[2025-11-10T00:25:35.687+0700][7.481s][19752][19893][trace] GC(0) |  65|0x000000075b000000, 0x000000075b000000, 0x000000075c000000|  0%| F|  |TAMS 0x000000075b000000, 0x000000075b000000| Untracked 
[2025-11-10T00:25:35.687+0700][7.481s][19752][19893][trace] GC(0) |  66|0x000000075c000000, 0x000000075c000000, 0x000000075d000000|  0%| F|  |TAMS 0x000000075c000000, 0x000000075c000000| Untracked 
[2025-11-10T00:25:35.687+0700][7.481s][19752][19893][trace] GC(0) |  67|0x000000075d000000, 0x000000075d000000, 0x000000075e000000|  0%| F|  |TAMS 0x000000075d000000, 0x000000075d000000| Untracked 
[2025-11-10T00:25:35.687+0700][7.481s][19752][19893][trace] GC(0) |  68|0x000000075e000000, 0x000000075e000000, 0x000000075f000000|  0%| F|  |TAMS 0x000000075e000000, 0x000000075e000000| Untracked 
[2025-11-10T00:25:35.687+0700][7.481s][19752][19893][trace] GC(0) |  69|0x000000075f000000, 0x000000075f000000, 0x0000000760000000|  0%| F|  |TAMS 0x000000075f000000, 0x000000075f000000| Untracked 
[2025-11-10T00:25:35.687+0700][7.481s][19752][19893][trace] GC(0) |  70|0x0000000760000000, 0x0000000760000000, 0x0000000761000000|  0%| F|  |TAMS 0x0000000760000000, 0x0000000760000000| Untracked 
[2025-11-10T00:25:35.687+0700][7.481s][19752][19893][trace] GC(0) |  71|0x0000000761000000, 0x0000000761000000, 0x0000000762000000|  0%| F|  |TAMS 0x0000000761000000, 0x0000000761000000| Untracked 
[2025-11-10T00:25:35.687+0700][7.481s][19752][19893][trace] GC(0) |  72|0x0000000762000000, 0x0000000762000000, 0x0000000763000000|  0%| F|  |TAMS 0x0000000762000000, 0x0000000762000000| Untracked 
[2025-11-10T00:25:35.687+0700][7.481s][19752][19893][trace] GC(0) |  73|0x0000000763000000, 0x0000000763000000, 0x0000000764000000|  0%| F|  |TAMS 0x0000000763000000, 0x0000000763000000| Untracked 
[2025-11-10T00:25:35.687+0700][7.481s][19752][19893][trace] GC(0) |  74|0x0000000764000000, 0x0000000764000000, 0x0000000765000000|  0%| F|  |TAMS 0x0000000764000000, 0x0000000764000000| Untracked 
[2025-11-10T00:25:35.687+0700][7.481s][19752][19893][trace] GC(0) |  75|0x0000000765000000, 0x0000000765000000, 0x0000000766000000|  0%| F|  |TAMS 0x0000000765000000, 0x0000000765000000| Untracked 
[2025-11-10T00:25:35.687+0700][7.481s][19752][19893][trace] GC(0) |  76|0x0000000766000000, 0x0000000766000000, 0x0000000767000000|  0%| F|  |TAMS 0x0000000766000000, 0x0000000766000000| Untracked 
[2025-11-10T00:25:35.687+0700][7.481s][19752][19893][trace] GC(0) |  77|0x0000000767000000, 0x0000000767000000, 0x0000000768000000|  0%| F|  |TAMS 0x0000000767000000, 0x0000000767000000| Untracked 
[2025-11-10T00:25:35.687+0700][7.481s][19752][19893][trace] GC(0) |  78|0x0000000768000000, 0x0000000768000000, 0x0000000769000000|  0%| F|  |TAMS 0x0000000768000000, 0x0000000768000000| Untracked 
[2025-11-10T00:25:35.687+0700][7.481s][19752][19893][trace] GC(0) |  79|0x0000000769000000, 0x0000000769000000, 0x000000076a000000|  0%| F|  |TAMS 0x0000000769000000, 0x0000000769000000| Untracked 
[2025-11-10T00:25:35.687+0700][7.481s][19752][19893][trace] GC(0) |  80|0x000000076a000000, 0x000000076a000000, 0x000000076b000000|  0%| F|  |TAMS 0x000000076a000000, 0x000000076a000000| Untracked 
[2025-11-10T00:25:35.687+0700][7.481s][19752][19893][trace] GC(0) |  81|0x000000076b000000, 0x000000076b000000, 0x000000076c000000|  0%| F|  |TAMS 0x000000076b000000, 0x000000076b000000| Untracked 
[2025-11-10T00:25:35.687+0700][7.481s][19752][19893][trace] GC(0) |  82|0x000000076c000000, 0x000000076c000000, 0x000000076d000000|  0%| F|  |TAMS 0x000000076c000000, 0x000000076c000000| Untracked 
[2025-11-10T00:25:35.687+0700][7.481s][19752][19893][trace] GC(0) |  83|0x000000076d000000, 0x000000076d000000, 0x000000076e000000|  0%| F|  |TAMS 0x000000076d000000, 0x000000076d000000| Untracked 
[2025-11-10T00:25:35.687+0700][7.481s][19752][19893][trace] GC(0) |  84|0x000000076e000000, 0x000000076e000000, 0x000000076f000000|  0%| F|  |TAMS 0x000000076e000000, 0x000000076e000000| Untracked 
[2025-11-10T00:25:35.687+0700][7.481s][19752][19893][trace] GC(0) |  85|0x000000076f000000, 0x000000076f000000, 0x0000000770000000|  0%| F|  |TAMS 0x000000076f000000, 0x000000076f000000| Untracked 
[2025-11-10T00:25:35.687+0700][7.481s][19752][19893][trace] GC(0) |  86|0x0000000770000000, 0x0000000770000000, 0x0000000771000000|  0%| F|  |TAMS 0x0000000770000000, 0x0000000770000000| Untracked 
[2025-11-10T00:25:35.687+0700][7.481s][19752][19893][trace] GC(0) |  87|0x0000000771000000, 0x0000000771000000, 0x0000000772000000|  0%| F|  |TAMS 0x0000000771000000, 0x0000000771000000| Untracked 
[2025-11-10T00:25:35.687+0700][7.481s][19752][19893][trace] GC(0) |  88|0x0000000772000000, 0x0000000772000000, 0x0000000773000000|  0%| F|  |TAMS 0x0000000772000000, 0x0000000772000000| Untracked 
[2025-11-10T00:25:35.687+0700][7.481s][19752][19893][trace] GC(0) |  89|0x0000000773000000, 0x0000000773000000, 0x0000000774000000|  0%| F|  |TAMS 0x0000000773000000, 0x0000000773000000| Untracked 
[2025-11-10T00:25:35.687+0700][7.481s][19752][19893][trace] GC(0) |  90|0x0000000774000000, 0x0000000774000000, 0x0000000775000000|  0%| F|  |TAMS 0x0000000774000000, 0x0000000774000000| Untracked 
[2025-11-10T00:25:35.687+0700][7.482s][19752][19893][trace] GC(0) |  91|0x0000000775000000, 0x0000000775000000, 0x0000000776000000|  0%| F|  |TAMS 0x0000000775000000, 0x0000000775000000| Untracked 
[2025-11-10T00:25:35.687+0700][7.482s][19752][19893][trace] GC(0) |  92|0x0000000776000000, 0x0000000776000000, 0x0000000777000000|  0%| F|  |TAMS 0x0000000776000000, 0x0000000776000000| Untracked 
[2025-11-10T00:25:35.687+0700][7.482s][19752][19893][trace] GC(0) |  93|0x0000000777000000, 0x0000000777000000, 0x0000000778000000|  0%| F|  |TAMS 0x0000000777000000, 0x0000000777000000| Untracked 
[2025-11-10T00:25:35.687+0700][7.482s][19752][19893][trace] GC(0) |  94|0x0000000778000000, 0x0000000778000000, 0x0000000779000000|  0%| F|  |TAMS 0x0000000778000000, 0x0000000778000000| Untracked 
[2025-11-10T00:25:35.687+0700][7.482s][19752][19893][trace] GC(0) |  95|0x0000000779000000, 0x0000000779000000, 0x000000077a000000|  0%| F|  |TAMS 0x0000000779000000, 0x0000000779000000| Untracked 
[2025-11-10T00:25:35.687+0700][7.482s][19752][19893][trace] GC(0) |  96|0x000000077a000000, 0x000000077a000000, 0x000000077b000000|  0%| F|  |TAMS 0x000000077a000000, 0x000000077a000000| Untracked 
[2025-11-10T00:25:35.687+0700][7.482s][19752][19893][trace] GC(0) |  97|0x000000077b000000, 0x000000077b000000, 0x000000077c000000|  0%| F|  |TAMS 0x000000077b000000, 0x000000077b000000| Untracked 
[2025-11-10T00:25:35.687+0700][7.482s][19752][19893][trace] GC(0) |  98|0x000000077c000000, 0x000000077c000000, 0x000000077d000000|  0%| F|  |TAMS 0x000000077c000000, 0x000000077c000000| Untracked 
[2025-11-10T00:25:35.687+0700][7.482s][19752][19893][trace] GC(0) |  99|0x000000077d000000, 0x000000077d000000, 0x000000077e000000|  0%| F|  |TAMS 0x000000077d000000, 0x000000077d000000| Untracked 
[2025-11-10T00:25:35.687+0700][7.482s][19752][19893][trace] GC(0) | 100|0x000000077e000000, 0x000000077e000000, 0x000000077f000000|  0%| F|  |TAMS 0x000000077e000000, 0x000000077e000000| Untracked 
[2025-11-10T00:25:35.687+0700][7.482s][19752][19893][trace] GC(0) | 101|0x000000077f000000, 0x000000077f000000, 0x0000000780000000|  0%| F|  |TAMS 0x000000077f000000, 0x000000077f000000| Untracked 
[2025-11-10T00:25:35.687+0700][7.482s][19752][19893][trace] GC(0) | 102|0x0000000780000000, 0x0000000780000000, 0x0000000781000000|  0%| F|  |TAMS 0x0000000780000000, 0x0000000780000000| Untracked 
[2025-11-10T00:25:35.688+0700][7.482s][19752][19893][trace] GC(0) | 103|0x0000000781000000, 0x0000000781000000, 0x0000000782000000|  0%| F|  |TAMS 0x0000000781000000, 0x0000000781000000| Untracked 
[2025-11-10T00:25:35.688+0700][7.482s][19752][19893][trace] GC(0) | 104|0x0000000782000000, 0x0000000782000000, 0x0000000783000000|  0%| F|  |TAMS 0x0000000782000000, 0x0000000782000000| Untracked 
[2025-11-10T00:25:35.688+0700][7.482s][19752][19893][trace] GC(0) | 105|0x0000000783000000, 0x0000000783000000, 0x0000000784000000|  0%| F|  |TAMS 0x0000000783000000, 0x0000000783000000| Untracked 
[2025-11-10T00:25:35.688+0700][7.482s][19752][19893][trace] GC(0) | 106|0x0000000784000000, 0x0000000784000000, 0x0000000785000000|  0%| F|  |TAMS 0x0000000784000000, 0x0000000784000000| Untracked 
[2025-11-10T00:25:35.688+0700][7.482s][19752][19893][trace] GC(0) | 107|0x0000000785000000, 0x0000000785000000, 0x0000000786000000|  0%| F|  |TAMS 0x0000000785000000, 0x0000000785000000| Untracked 
[2025-11-10T00:25:35.688+0700][7.482s][19752][19893][trace] GC(0) | 108|0x0000000786000000, 0x0000000786000000, 0x0000000787000000|  0%| F|  |TAMS 0x0000000786000000, 0x0000000786000000| Untracked 
[2025-11-10T00:25:35.688+0700][7.482s][19752][19893][trace] GC(0) | 109|0x0000000787000000, 0x0000000787000000, 0x0000000788000000|  0%| F|  |TAMS 0x0000000787000000, 0x0000000787000000| Untracked 
[2025-11-10T00:25:35.688+0700][7.482s][19752][19893][trace] GC(0) | 110|0x0000000788000000, 0x0000000788000000, 0x0000000789000000|  0%| F|  |TAMS 0x0000000788000000, 0x0000000788000000| Untracked 
[2025-11-10T00:25:35.688+0700][7.482s][19752][19893][trace] GC(0) | 111|0x0000000789000000, 0x0000000789000000, 0x000000078a000000|  0%| F|  |TAMS 0x0000000789000000, 0x0000000789000000| Untracked 
[2025-11-10T00:25:35.688+0700][7.482s][19752][19893][trace] GC(0) | 112|0x000000078a000000, 0x000000078a000000, 0x000000078b000000|  0%| F|  |TAMS 0x000000078a000000, 0x000000078a000000| Untracked 
[2025-11-10T00:25:35.688+0700][7.482s][19752][19893][trace] GC(0) | 113|0x000000078b000000, 0x000000078b000000, 0x000000078c000000|  0%| F|  |TAMS 0x000000078b000000, 0x000000078b000000| Untracked 
[2025-11-10T00:25:35.688+0700][7.482s][19752][19893][trace] GC(0) | 114|0x000000078c000000, 0x000000078c000000, 0x000000078d000000|  0%| F|  |TAMS 0x000000078c000000, 0x000000078c000000| Untracked 
[2025-11-10T00:25:35.688+0700][7.482s][19752][19893][trace] GC(0) | 115|0x000000078d000000, 0x000000078d000000, 0x000000078e000000|  0%| F|  |TAMS 0x000000078d000000, 0x000000078d000000| Untracked 
[2025-11-10T00:25:35.688+0700][7.482s][19752][19893][trace] GC(0) | 116|0x000000078e000000, 0x000000078e000000, 0x000000078f000000|  0%| F|  |TAMS 0x000000078e000000, 0x000000078e000000| Untracked 
[2025-11-10T00:25:35.688+0700][7.482s][19752][19893][trace] GC(0) | 117|0x000000078f000000, 0x000000078f000000, 0x0000000790000000|  0%| F|  |TAMS 0x000000078f000000, 0x000000078f000000| Untracked 
[2025-11-10T00:25:35.688+0700][7.482s][19752][19893][trace] GC(0) | 118|0x0000000790000000, 0x0000000790000000, 0x0000000791000000|  0%| F|  |TAMS 0x0000000790000000, 0x0000000790000000| Untracked 
[2025-11-10T00:25:35.688+0700][7.482s][19752][19893][trace] GC(0) | 119|0x0000000791000000, 0x0000000791000000, 0x0000000792000000|  0%| F|  |TAMS 0x0000000791000000, 0x0000000791000000| Untracked 
[2025-11-10T00:25:35.688+0700][7.482s][19752][19893][trace] GC(0) | 120|0x0000000792000000, 0x0000000792000000, 0x0000000793000000|  0%| F|  |TAMS 0x0000000792000000, 0x0000000792000000| Untracked 
[2025-11-10T00:25:35.688+0700][7.482s][19752][19893][trace] GC(0) | 121|0x0000000793000000, 0x0000000793000000, 0x0000000794000000|  0%| F|  |TAMS 0x0000000793000000, 0x0000000793000000| Untracked 
[2025-11-10T00:25:35.688+0700][7.482s][19752][19893][trace] GC(0) | 122|0x0000000794000000, 0x0000000794000000, 0x0000000795000000|  0%| F|  |TAMS 0x0000000794000000, 0x0000000794000000| Untracked 
[2025-11-10T00:25:35.688+0700][7.482s][19752][19893][trace] GC(0) | 123|0x0000000795000000, 0x0000000795000000, 0x0000000796000000|  0%| F|  |TAMS 0x0000000795000000, 0x0000000795000000| Untracked 
[2025-11-10T00:25:35.688+0700][7.482s][19752][19893][trace] GC(0) | 124|0x0000000796000000, 0x0000000796000000, 0x0000000797000000|  0%| F|  |TAMS 0x0000000796000000, 0x0000000796000000| Untracked 
[2025-11-10T00:25:35.688+0700][7.482s][19752][19893][trace] GC(0) | 125|0x0000000797000000, 0x0000000797000000, 0x0000000798000000|  0%| F|  |TAMS 0x0000000797000000, 0x0000000797000000| Untracked 
[2025-11-10T00:25:35.688+0700][7.482s][19752][19893][trace] GC(0) | 126|0x0000000798000000, 0x0000000798000000, 0x0000000799000000|  0%| F|  |TAMS 0x0000000798000000, 0x0000000798000000| Untracked 
[2025-11-10T00:25:35.688+0700][7.482s][19752][19893][trace] GC(0) | 127|0x0000000799000000, 0x0000000799000000, 0x000000079a000000|  0%| F|  |TAMS 0x0000000799000000, 0x0000000799000000| Untracked 
[2025-11-10T00:25:35.688+0700][7.482s][19752][19893][trace] GC(0) | 128|0x000000079a000000, 0x000000079a000000, 0x000000079b000000|  0%| F|  |TAMS 0x000000079a000000, 0x000000079a000000| Untracked 
[2025-11-10T00:25:35.688+0700][7.482s][19752][19893][trace] GC(0) | 129|0x000000079b000000, 0x000000079b000000, 0x000000079c000000|  0%| F|  |TAMS 0x000000079b000000, 0x000000079b000000| Untracked 
[2025-11-10T00:25:35.688+0700][7.482s][19752][19893][trace] GC(0) | 130|0x000000079c000000, 0x000000079c000000, 0x000000079d000000|  0%| F|  |TAMS 0x000000079c000000, 0x000000079c000000| Untracked 
[2025-11-10T00:25:35.688+0700][7.482s][19752][19893][trace] GC(0) | 131|0x000000079d000000, 0x000000079d000000, 0x000000079e000000|  0%| F|  |TAMS 0x000000079d000000, 0x000000079d000000| Untracked 
[2025-11-10T00:25:35.688+0700][7.482s][19752][19893][trace] GC(0) | 132|0x000000079e000000, 0x000000079e000000, 0x000000079f000000|  0%| F|  |TAMS 0x000000079e000000, 0x000000079e000000| Untracked 
[2025-11-10T00:25:35.688+0700][7.482s][19752][19893][trace] GC(0) | 133|0x000000079f000000, 0x000000079f000000, 0x00000007a0000000|  0%| F|  |TAMS 0x000000079f000000, 0x000000079f000000| Untracked 
[2025-11-10T00:25:35.688+0700][7.482s][19752][19893][trace] GC(0) | 134|0x00000007a0000000, 0x00000007a0000000, 0x00000007a1000000|  0%| F|  |TAMS 0x00000007a0000000, 0x00000007a0000000| Untracked 
[2025-11-10T00:25:35.688+0700][7.482s][19752][19893][trace] GC(0) | 135|0x00000007a1000000, 0x00000007a1000000, 0x00000007a2000000|  0%| F|  |TAMS 0x00000007a1000000, 0x00000007a1000000| Untracked 
[2025-11-10T00:25:35.688+0700][7.482s][19752][19893][trace] GC(0) | 136|0x00000007a2000000, 0x00000007a2000000, 0x00000007a3000000|  0%| F|  |TAMS 0x00000007a2000000, 0x00000007a2000000| Untracked 
[2025-11-10T00:25:35.688+0700][7.482s][19752][19893][trace] GC(0) | 137|0x00000007a3000000, 0x00000007a3000000, 0x00000007a4000000|  0%| F|  |TAMS 0x00000007a3000000, 0x00000007a3000000| Untracked 
[2025-11-10T00:25:35.688+0700][7.482s][19752][19893][trace] GC(0) | 138|0x00000007a4000000, 0x00000007a4000000, 0x00000007a5000000|  0%| F|  |TAMS 0x00000007a4000000, 0x00000007a4000000| Untracked 
[2025-11-10T00:25:35.688+0700][7.482s][19752][19893][trace] GC(0) | 139|0x00000007a5000000, 0x00000007a5000000, 0x00000007a6000000|  0%| F|  |TAMS 0x00000007a5000000, 0x00000007a5000000| Untracked 
[2025-11-10T00:25:35.688+0700][7.482s][19752][19893][trace] GC(0) | 140|0x00000007a6000000, 0x00000007a6000000, 0x00000007a7000000|  0%| F|  |TAMS 0x00000007a6000000, 0x00000007a6000000| Untracked 
[2025-11-10T00:25:35.688+0700][7.482s][19752][19893][trace] GC(0) | 141|0x00000007a7000000, 0x00000007a7000000, 0x00000007a8000000|  0%| F|  |TAMS 0x00000007a7000000, 0x00000007a7000000| Untracked 
[2025-11-10T00:25:35.688+0700][7.482s][19752][19893][trace] GC(0) | 142|0x00000007a8000000, 0x00000007a8000000, 0x00000007a9000000|  0%| F|  |TAMS 0x00000007a8000000, 0x00000007a8000000| Untracked 
[2025-11-10T00:25:35.688+0700][7.482s][19752][19893][trace] GC(0) | 143|0x00000007a9000000, 0x00000007a9000000, 0x00000007aa000000|  0%| F|  |TAMS 0x00000007a9000000, 0x00000007a9000000| Untracked 
[2025-11-10T00:25:35.688+0700][7.482s][19752][19893][trace] GC(0) | 144|0x00000007aa000000, 0x00000007aa000000, 0x00000007ab000000|  0%| F|  |TAMS 0x00000007aa000000, 0x00000007aa000000| Untracked 
[2025-11-10T00:25:35.688+0700][7.482s][19752][19893][trace] GC(0) | 145|0x00000007ab000000, 0x00000007ab000000, 0x00000007ac000000|  0%| F|  |TAMS 0x00000007ab000000, 0x00000007ab000000| Untracked 
[2025-11-10T00:25:35.688+0700][7.482s][19752][19893][trace] GC(0) | 146|0x00000007ac000000, 0x00000007ac000000, 0x00000007ad000000|  0%| F|  |TAMS 0x00000007ac000000, 0x00000007ac000000| Untracked 
[2025-11-10T00:25:35.688+0700][7.482s][19752][19893][trace] GC(0) | 147|0x00000007ad000000, 0x00000007ad000000, 0x00000007ae000000|  0%| F|  |TAMS 0x00000007ad000000, 0x00000007ad000000| Untracked 
[2025-11-10T00:25:35.688+0700][7.482s][19752][19893][trace] GC(0) | 148|0x00000007ae000000, 0x00000007ae000000, 0x00000007af000000|  0%| F|  |TAMS 0x00000007ae000000, 0x00000007ae000000| Untracked 
[2025-11-10T00:25:35.688+0700][7.482s][19752][19893][trace] GC(0) | 149|0x00000007af000000, 0x00000007af000000, 0x00000007b0000000|  0%| F|  |TAMS 0x00000007af000000, 0x00000007af000000| Untracked 
[2025-11-10T00:25:35.688+0700][7.482s][19752][19893][trace] GC(0) | 150|0x00000007b0000000, 0x00000007b0000000, 0x00000007b1000000|  0%| F|  |TAMS 0x00000007b0000000, 0x00000007b0000000| Untracked 
[2025-11-10T00:25:35.688+0700][7.482s][19752][19893][trace] GC(0) | 151|0x00000007b1000000, 0x00000007b1000000, 0x00000007b2000000|  0%| F|  |TAMS 0x00000007b1000000, 0x00000007b1000000| Untracked 
[2025-11-10T00:25:35.688+0700][7.482s][19752][19893][trace] GC(0) | 152|0x00000007b2000000, 0x00000007b2000000, 0x00000007b3000000|  0%| F|  |TAMS 0x00000007b2000000, 0x00000007b2000000| Untracked 
[2025-11-10T00:25:35.688+0700][7.482s][19752][19893][trace] GC(0) | 153|0x00000007b3000000, 0x00000007b3000000, 0x00000007b4000000|  0%| F|  |TAMS 0x00000007b3000000, 0x00000007b3000000| Untracked 
[2025-11-10T00:25:35.688+0700][7.482s][19752][19893][trace] GC(0) | 154|0x00000007b4000000, 0x00000007b4000000, 0x00000007b5000000|  0%| F|  |TAMS 0x00000007b4000000, 0x00000007b4000000| Untracked 
[2025-11-10T00:25:35.688+0700][7.482s][19752][19893][trace] GC(0) | 155|0x00000007b5000000, 0x00000007b5000000, 0x00000007b6000000|  0%| F|  |TAMS 0x00000007b5000000, 0x00000007b5000000| Untracked 
[2025-11-10T00:25:35.688+0700][7.482s][19752][19893][trace] GC(0) | 156|0x00000007b6000000, 0x00000007b6000000, 0x00000007b7000000|  0%| F|  |TAMS 0x00000007b6000000, 0x00000007b6000000| Untracked 
[2025-11-10T00:25:35.688+0700][7.482s][19752][19893][trace] GC(0) | 157|0x00000007b7000000, 0x00000007b7000000, 0x00000007b8000000|  0%| F|  |TAMS 0x00000007b7000000, 0x00000007b7000000| Untracked 
[2025-11-10T00:25:35.688+0700][7.482s][19752][19893][trace] GC(0) | 158|0x00000007b8000000, 0x00000007b8000000, 0x00000007b9000000|  0%| F|  |TAMS 0x00000007b8000000, 0x00000007b8000000| Untracked 
[2025-11-10T00:25:35.688+0700][7.482s][19752][19893][trace] GC(0) | 159|0x00000007b9000000, 0x00000007b9000000, 0x00000007ba000000|  0%| F|  |TAMS 0x00000007b9000000, 0x00000007b9000000| Untracked 
[2025-11-10T00:25:35.688+0700][7.482s][19752][19893][trace] GC(0) | 160|0x00000007ba000000, 0x00000007ba000000, 0x00000007bb000000|  0%| F|  |TAMS 0x00000007ba000000, 0x00000007ba000000| Untracked 
[2025-11-10T00:25:35.688+0700][7.482s][19752][19893][trace] GC(0) | 161|0x00000007bb000000, 0x00000007bb000000, 0x00000007bc000000|  0%| F|  |TAMS 0x00000007bb000000, 0x00000007bb000000| Untracked 
[2025-11-10T00:25:35.688+0700][7.482s][19752][19893][trace] GC(0) | 162|0x00000007bc000000, 0x00000007bc000000, 0x00000007bd000000|  0%| F|  |TAMS 0x00000007bc000000, 0x00000007bc000000| Untracked 
[2025-11-10T00:25:35.688+0700][7.482s][19752][19893][trace] GC(0) | 163|0x00000007bd000000, 0x00000007bd000000, 0x00000007be000000|  0%| F|  |TAMS 0x00000007bd000000, 0x00000007bd000000| Untracked 
[2025-11-10T00:25:35.688+0700][7.482s][19752][19893][trace] GC(0) | 164|0x00000007be000000, 0x00000007be000000, 0x00000007bf000000|  0%| F|  |TAMS 0x00000007be000000, 0x00000007be000000| Untracked 
[2025-11-10T00:25:35.688+0700][7.482s][19752][19893][trace] GC(0) | 165|0x00000007bf000000, 0x00000007bf000000, 0x00000007c0000000|  0%| F|  |TAMS 0x00000007bf000000, 0x00000007bf000000| Untracked 
[2025-11-10T00:25:35.688+0700][7.482s][19752][19893][trace] GC(0) | 166|0x00000007c0000000, 0x00000007c0000000, 0x00000007c1000000|  0%| F|  |TAMS 0x00000007c0000000, 0x00000007c0000000| Untracked 
[2025-11-10T00:25:35.688+0700][7.482s][19752][19893][trace] GC(0) | 167|0x00000007c1000000, 0x00000007c1000000, 0x00000007c2000000|  0%| F|  |TAMS 0x00000007c1000000, 0x00000007c1000000| Untracked 
[2025-11-10T00:25:35.688+0700][7.482s][19752][19893][trace] GC(0) | 168|0x00000007c2000000, 0x00000007c2000000, 0x00000007c3000000|  0%| F|  |TAMS 0x00000007c2000000, 0x00000007c2000000| Untracked 
[2025-11-10T00:25:35.688+0700][7.482s][19752][19893][trace] GC(0) | 169|0x00000007c3000000, 0x00000007c3000000, 0x00000007c4000000|  0%| F|  |TAMS 0x00000007c3000000, 0x00000007c3000000| Untracked 
[2025-11-10T00:25:35.688+0700][7.482s][19752][19893][trace] GC(0) | 170|0x00000007c4000000, 0x00000007c4000000, 0x00000007c5000000|  0%| F|  |TAMS 0x00000007c4000000, 0x00000007c4000000| Untracked 
[2025-11-10T00:25:35.688+0700][7.482s][19752][19893][trace] GC(0) | 171|0x00000007c5000000, 0x00000007c5000000, 0x00000007c6000000|  0%| F|  |TAMS 0x00000007c5000000, 0x00000007c5000000| Untracked 
[2025-11-10T00:25:35.688+0700][7.482s][19752][19893][trace] GC(0) | 172|0x00000007c6000000, 0x00000007c6000000, 0x00000007c7000000|  0%| F|  |TAMS 0x00000007c6000000, 0x00000007c6000000| Untracked 
[2025-11-10T00:25:35.688+0700][7.482s][19752][19893][trace] GC(0) | 173|0x00000007c7000000, 0x00000007c7000000, 0x00000007c8000000|  0%| F|  |TAMS 0x00000007c7000000, 0x00000007c7000000| Untracked 
[2025-11-10T00:25:35.688+0700][7.482s][19752][19893][trace] GC(0) | 174|0x00000007c8000000, 0x00000007c8000000, 0x00000007c9000000|  0%| F|  |TAMS 0x00000007c8000000, 0x00000007c8000000| Untracked 
[2025-11-10T00:25:35.688+0700][7.482s][19752][19893][trace] GC(0) | 175|0x00000007c9000000, 0x00000007c9000000, 0x00000007ca000000|  0%| F|  |TAMS 0x00000007c9000000, 0x00000007c9000000| Untracked 
[2025-11-10T00:25:35.688+0700][7.482s][19752][19893][trace] GC(0) | 176|0x00000007ca000000, 0x00000007ca000000, 0x00000007cb000000|  0%| F|  |TAMS 0x00000007ca000000, 0x00000007ca000000| Untracked 
[2025-11-10T00:25:35.688+0700][7.482s][19752][19893][trace] GC(0) | 177|0x00000007cb000000, 0x00000007cb000000, 0x00000007cc000000|  0%| F|  |TAMS 0x00000007cb000000, 0x00000007cb000000| Untracked 
[2025-11-10T00:25:35.688+0700][7.482s][19752][19893][trace] GC(0) | 178|0x00000007cc000000, 0x00000007cc000000, 0x00000007cd000000|  0%| F|  |TAMS 0x00000007cc000000, 0x00000007cc000000| Untracked 
[2025-11-10T00:25:35.688+0700][7.482s][19752][19893][trace] GC(0) | 179|0x00000007cd000000, 0x00000007cd000000, 0x00000007ce000000|  0%| F|  |TAMS 0x00000007cd000000, 0x00000007cd000000| Untracked 
[2025-11-10T00:25:35.688+0700][7.482s][19752][19893][trace] GC(0) | 180|0x00000007ce000000, 0x00000007ce000000, 0x00000007cf000000|  0%| F|  |TAMS 0x00000007ce000000, 0x00000007ce000000| Untracked 
[2025-11-10T00:25:35.688+0700][7.482s][19752][19893][trace] GC(0) | 181|0x00000007cf000000, 0x00000007cf000000, 0x00000007d0000000|  0%| F|  |TAMS 0x00000007cf000000, 0x00000007cf000000| Untracked 
[2025-11-10T00:25:35.688+0700][7.482s][19752][19893][trace] GC(0) | 182|0x00000007d0000000, 0x00000007d0000000, 0x00000007d1000000|  0%| F|  |TAMS 0x00000007d0000000, 0x00000007d0000000| Untracked 
[2025-11-10T00:25:35.688+0700][7.482s][19752][19893][trace] GC(0) | 183|0x00000007d1000000, 0x00000007d1000000, 0x00000007d2000000|  0%| F|  |TAMS 0x00000007d1000000, 0x00000007d1000000| Untracked 
[2025-11-10T00:25:35.688+0700][7.482s][19752][19893][trace] GC(0) | 184|0x00000007d2000000, 0x00000007d2000000, 0x00000007d3000000|  0%| F|  |TAMS 0x00000007d2000000, 0x00000007d2000000| Untracked 
[2025-11-10T00:25:35.688+0700][7.482s][19752][19893][trace] GC(0) | 185|0x00000007d3000000, 0x00000007d3000000, 0x00000007d4000000|  0%| F|  |TAMS 0x00000007d3000000, 0x00000007d3000000| Untracked 
[2025-11-10T00:25:35.688+0700][7.482s][19752][19893][trace] GC(0) | 186|0x00000007d4000000, 0x00000007d4000000, 0x00000007d5000000|  0%| F|  |TAMS 0x00000007d4000000, 0x00000007d4000000| Untracked 
[2025-11-10T00:25:35.688+0700][7.482s][19752][19893][trace] GC(0) | 187|0x00000007d5000000, 0x00000007d5000000, 0x00000007d6000000|  0%| F|  |TAMS 0x00000007d5000000, 0x00000007d5000000| Untracked 
[2025-11-10T00:25:35.688+0700][7.482s][19752][19893][trace] GC(0) | 188|0x00000007d6000000, 0x00000007d6000000, 0x00000007d7000000|  0%| F|  |TAMS 0x00000007d6000000, 0x00000007d6000000| Untracked 
[2025-11-10T00:25:35.688+0700][7.482s][19752][19893][trace] GC(0) | 189|0x00000007d7000000, 0x00000007d7000000, 0x00000007d8000000|  0%| F|  |TAMS 0x00000007d7000000, 0x00000007d7000000| Untracked 
[2025-11-10T00:25:35.688+0700][7.482s][19752][19893][trace] GC(0) | 190|0x00000007d8000000, 0x00000007d8000000, 0x00000007d9000000|  0%| F|  |TAMS 0x00000007d8000000, 0x00000007d8000000| Untracked 
[2025-11-10T00:25:35.688+0700][7.482s][19752][19893][trace] GC(0) | 191|0x00000007d9000000, 0x00000007d9000000, 0x00000007da000000|  0%| F|  |TAMS 0x00000007d9000000, 0x00000007d9000000| Untracked 
[2025-11-10T00:25:35.688+0700][7.482s][19752][19893][trace] GC(0) | 192|0x00000007da000000, 0x00000007da000000, 0x00000007db000000|  0%| F|  |TAMS 0x00000007da000000, 0x00000007da000000| Untracked 
[2025-11-10T00:25:35.688+0700][7.482s][19752][19893][trace] GC(0) | 193|0x00000007db000000, 0x00000007db000000, 0x00000007dc000000|  0%| F|  |TAMS 0x00000007db000000, 0x00000007db000000| Untracked 
[2025-11-10T00:25:35.688+0700][7.482s][19752][19893][trace] GC(0) | 194|0x00000007dc000000, 0x00000007dc000000, 0x00000007dd000000|  0%| F|  |TAMS 0x00000007dc000000, 0x00000007dc000000| Untracked 
[2025-11-10T00:25:35.688+0700][7.482s][19752][19893][trace] GC(0) | 195|0x00000007dd000000, 0x00000007dd000000, 0x00000007de000000|  0%| F|  |TAMS 0x00000007dd000000, 0x00000007dd000000| Untracked 
[2025-11-10T00:25:35.688+0700][7.482s][19752][19893][trace] GC(0) | 196|0x00000007de000000, 0x00000007de000000, 0x00000007df000000|  0%| F|  |TAMS 0x00000007de000000, 0x00000007de000000| Untracked 
[2025-11-10T00:25:35.688+0700][7.482s][19752][19893][trace] GC(0) | 197|0x00000007df000000, 0x00000007df000000, 0x00000007e0000000|  0%| F|  |TAMS 0x00000007df000000, 0x00000007df000000| Untracked 
[2025-11-10T00:25:35.688+0700][7.482s][19752][19893][trace] GC(0) | 198|0x00000007e0000000, 0x00000007e0000000, 0x00000007e1000000|  0%| F|  |TAMS 0x00000007e0000000, 0x00000007e0000000| Untracked 
[2025-11-10T00:25:35.688+0700][7.482s][19752][19893][trace] GC(0) | 199|0x00000007e1000000, 0x00000007e1000000, 0x00000007e2000000|  0%| F|  |TAMS 0x00000007e1000000, 0x00000007e1000000| Untracked 
[2025-11-10T00:25:35.688+0700][7.483s][19752][19893][trace] GC(0) | 200|0x00000007e2000000, 0x00000007e2000000, 0x00000007e3000000|  0%| F|  |TAMS 0x00000007e2000000, 0x00000007e2000000| Untracked 
[2025-11-10T00:25:35.688+0700][7.483s][19752][19893][trace] GC(0) | 201|0x00000007e3000000, 0x00000007e3000000, 0x00000007e4000000|  0%| F|  |TAMS 0x00000007e3000000, 0x00000007e3000000| Untracked 
[2025-11-10T00:25:35.688+0700][7.483s][19752][19893][trace] GC(0) | 202|0x00000007e4000000, 0x00000007e4000000, 0x00000007e5000000|  0%| F|  |TAMS 0x00000007e4000000, 0x00000007e4000000| Untracked 
[2025-11-10T00:25:35.688+0700][7.483s][19752][19893][trace] GC(0) | 203|0x00000007e5000000, 0x00000007e5000000, 0x00000007e6000000|  0%| F|  |TAMS 0x00000007e5000000, 0x00000007e5000000| Untracked 
[2025-11-10T00:25:35.688+0700][7.483s][19752][19893][trace] GC(0) | 204|0x00000007e6000000, 0x00000007e6000000, 0x00000007e7000000|  0%| F|  |TAMS 0x00000007e6000000, 0x00000007e6000000| Untracked 
[2025-11-10T00:25:35.688+0700][7.483s][19752][19893][trace] GC(0) | 205|0x00000007e7000000, 0x00000007e7000000, 0x00000007e8000000|  0%| F|  |TAMS 0x00000007e7000000, 0x00000007e7000000| Untracked 
[2025-11-10T00:25:35.688+0700][7.483s][19752][19893][trace] GC(0) | 206|0x00000007e8000000, 0x00000007e8000000, 0x00000007e9000000|  0%| F|  |TAMS 0x00000007e8000000, 0x00000007e8000000| Untracked 
[2025-11-10T00:25:35.688+0700][7.483s][19752][19893][trace] GC(0) | 207|0x00000007e9000000, 0x00000007e9000000, 0x00000007ea000000|  0%| F|  |TAMS 0x00000007e9000000, 0x00000007e9000000| Untracked 
[2025-11-10T00:25:35.688+0700][7.483s][19752][19893][trace] GC(0) | 208|0x00000007ea000000, 0x00000007ea000000, 0x00000007eb000000|  0%| F|  |TAMS 0x00000007ea000000, 0x00000007ea000000| Untracked 
[2025-11-10T00:25:35.688+0700][7.483s][19752][19893][trace] GC(0) | 209|0x00000007eb000000, 0x00000007eb000000, 0x00000007ec000000|  0%| F|  |TAMS 0x00000007eb000000, 0x00000007eb000000| Untracked 
[2025-11-10T00:25:35.688+0700][7.483s][19752][19893][trace] GC(0) | 210|0x00000007ec000000, 0x00000007ec000000, 0x00000007ed000000|  0%| F|  |TAMS 0x00000007ec000000, 0x00000007ec000000| Untracked 
[2025-11-10T00:25:35.688+0700][7.483s][19752][19893][trace] GC(0) | 211|0x00000007ed000000, 0x00000007ed000000, 0x00000007ee000000|  0%| F|  |TAMS 0x00000007ed000000, 0x00000007ed000000| Untracked 
[2025-11-10T00:25:35.689+0700][7.483s][19752][19893][trace] GC(0) | 212|0x00000007ee000000, 0x00000007ee000000, 0x00000007ef000000|  0%| F|  |TAMS 0x00000007ee000000, 0x00000007ee000000| Untracked 
[2025-11-10T00:25:35.689+0700][7.483s][19752][19893][trace] GC(0) | 213|0x00000007ef000000, 0x00000007ef000000, 0x00000007f0000000|  0%| F|  |TAMS 0x00000007ef000000, 0x00000007ef000000| Untracked 
[2025-11-10T00:25:35.689+0700][7.483s][19752][19893][trace] GC(0) | 214|0x00000007f0000000, 0x00000007f0000000, 0x00000007f1000000|  0%| F|  |TAMS 0x00000007f0000000, 0x00000007f0000000| Untracked 
[2025-11-10T00:25:35.689+0700][7.483s][19752][19893][trace] GC(0) | 215|0x00000007f1000000, 0x00000007f1000000, 0x00000007f2000000|  0%| F|  |TAMS 0x00000007f1000000, 0x00000007f1000000| Untracked 
[2025-11-10T00:25:35.689+0700][7.483s][19752][19893][trace] GC(0) | 216|0x00000007f2000000, 0x00000007f2000000, 0x00000007f3000000|  0%| F|  |TAMS 0x00000007f2000000, 0x00000007f2000000| Untracked 
[2025-11-10T00:25:35.689+0700][7.483s][19752][19893][trace] GC(0) | 217|0x00000007f3000000, 0x00000007f3000000, 0x00000007f4000000|  0%| F|  |TAMS 0x00000007f3000000, 0x00000007f3000000| Untracked 
[2025-11-10T00:25:35.689+0700][7.483s][19752][19893][trace] GC(0) | 218|0x00000007f4000000, 0x00000007f4800800, 0x00000007f5000000| 50%| E|  |TAMS 0x00000007f4000000, 0x00000007f4000000| Complete 
[2025-11-10T00:25:35.689+0700][7.483s][19752][19893][trace] GC(0) | 219|0x00000007f5000000, 0x00000007f6000000, 0x00000007f6000000|100%| E|CS|TAMS 0x00000007f5000000, 0x00000007f5000000| Complete 
[2025-11-10T00:25:35.689+0700][7.483s][19752][19893][trace] GC(0) | 220|0x00000007f6000000, 0x00000007f7000000, 0x00000007f7000000|100%| E|CS|TAMS 0x00000007f6000000, 0x00000007f6000000| Complete 
[2025-11-10T00:25:35.689+0700][7.483s][19752][19893][trace] GC(0) | 221|0x00000007f7000000, 0x00000007f8000000, 0x00000007f8000000|100%| E|CS|TAMS 0x00000007f7000000, 0x00000007f7000000| Complete 
[2025-11-10T00:25:35.689+0700][7.483s][19752][19893][trace] GC(0) | 222|0x00000007f8000000, 0x00000007f9000000, 0x00000007f9000000|100%| E|CS|TAMS 0x00000007f8000000, 0x00000007f8000000| Complete 
[2025-11-10T00:25:35.689+0700][7.483s][19752][19893][trace] GC(0) | 223|0x00000007f9000000, 0x00000007fa000000, 0x00000007fa000000|100%| E|CS|TAMS 0x00000007f9000000, 0x00000007f9000000| Complete 
[2025-11-10T00:25:35.689+0700][7.483s][19752][19893][trace] GC(0) | 224|0x00000007fa000000, 0x00000007fb000000, 0x00000007fb000000|100%| E|CS|TAMS 0x00000007fa000000, 0x00000007fa000000| Complete 
[2025-11-10T00:25:35.689+0700][7.483s][19752][19893][trace] GC(0) | 225|0x00000007fb000000, 0x00000007fc000000, 0x00000007fc000000|100%| E|CS|TAMS 0x00000007fb000000, 0x00000007fb000000| Complete 
[2025-11-10T00:25:35.689+0700][7.483s][19752][19893][trace] GC(0) | 226|0x00000007fc000000, 0x00000007fd000000, 0x00000007fd000000|100%| E|CS|TAMS 0x00000007fc000000, 0x00000007fc000000| Complete 
[2025-11-10T00:25:35.689+0700][7.483s][19752][19893][trace] GC(0) | 227|0x00000007fd000000, 0x00000007fe000000, 0x00000007fe000000|100%| E|CS|TAMS 0x00000007fd000000, 0x00000007fd000000| Complete 
[2025-11-10T00:25:35.689+0700][7.483s][19752][19893][trace] GC(0) | 228|0x00000007fe000000, 0x00000007fef48000, 0x00000007ff000000| 95%|OA|  |TAMS 0x00000007fe000000, 0x00000007fe000000| Untracked 
[2025-11-10T00:25:35.689+0700][7.483s][19752][19893][trace] GC(0) | 229|0x00000007ff000000, 0x00000007ff06c000, 0x0000000800000000|  2%|CA|  |TAMS 0x00000007ff000000, 0x00000007ff000000| Untracked 
[2025-11-10T00:25:35.689+0700][7.483s][19752][19893][debug] GC(0) Desired survivor size 125829120 bytes, new threshold 2 (max threshold 2)
[2025-11-10T00:25:35.705+0700][7.499s][19752][19893][info ] GC(0) Eden regions: 10->0(114)
[2025-11-10T00:25:35.705+0700][7.499s][19752][19893][trace] GC(0)  Used: 0K, Waste: 0K
[2025-11-10T00:25:35.705+0700][7.499s][19752][19893][info ] GC(0) Survivor regions: 0->1(15)
[2025-11-10T00:25:35.705+0700][7.499s][19752][19893][trace] GC(0)  Used: 11980K, Waste: 4403K
[2025-11-10T00:25:35.705+0700][7.499s][19752][19893][info ] GC(0) Old regions: 2->2
[2025-11-10T00:25:35.705+0700][7.499s][19752][19893][trace] GC(0)  Used: 16080K, Waste: 16688K
[2025-11-10T00:25:35.705+0700][7.499s][19752][19893][info ] GC(0) Humongous regions: 0->0
[2025-11-10T00:25:35.705+0700][7.499s][19752][19893][trace] GC(0)  Used: 0K, Waste: 0K
[2025-11-10T00:25:35.705+0700][7.499s][19752][19893][debug] GC(0) Heap after GC invocations=1 (full 0): garbage-first heap   total 3768320K, used 28060K [0x000000071a000000, 0x0000000800000000)
[2025-11-10T00:25:35.705+0700][7.499s][19752][19893][debug] GC(0)   region size 16384K, 1 young (16384K), 1 survivors (16384K)
[2025-11-10T00:25:35.705+0700][7.499s][19752][19893][debug] GC(0)  Metaspace       used 20413K, capacity 21224K, committed 21248K, reserved 1067008K
[2025-11-10T00:25:35.705+0700][7.499s][19752][19893][debug] GC(0)   class space    used 2415K, capacity 2795K, committed 2816K, reserved 1048576K
[2025-11-10T00:25:35.705+0700][7.499s][19752][19893][trace] GC(0) Heap Regions: E=young(eden), S=young(survivor), O=old, HS=humongous(starts), HC=humongous(continues), CS=collection set, F=free, A=archive, TAMS=top-at-mark-start (previous, next)
[2025-11-10T00:25:35.705+0700][7.499s][19752][19893][trace] GC(0) |   0|0x000000071a000000, 0x000000071a000000, 0x000000071b000000|  0%| F|  |TAMS 0x000000071a000000, 0x000000071a000000| Untracked 
[2025-11-10T00:25:35.705+0700][7.499s][19752][19893][trace] GC(0) |   1|0x000000071b000000, 0x000000071b000000, 0x000000071c000000|  0%| F|  |TAMS 0x000000071b000000, 0x000000071b000000| Untracked 
[2025-11-10T00:25:35.705+0700][7.499s][19752][19893][trace] GC(0) |   2|0x000000071c000000, 0x000000071c000000, 0x000000071d000000|  0%| F|  |TAMS 0x000000071c000000, 0x000000071c000000| Untracked 
[2025-11-10T00:25:35.705+0700][7.499s][19752][19893][trace] GC(0) |   3|0x000000071d000000, 0x000000071d000000, 0x000000071e000000|  0%| F|  |TAMS 0x000000071d000000, 0x000000071d000000| Untracked 
[2025-11-10T00:25:35.705+0700][7.499s][19752][19893][trace] GC(0) |   4|0x000000071e000000, 0x000000071e000000, 0x000000071f000000|  0%| F|  |TAMS 0x000000071e000000, 0x000000071e000000| Untracked 
[2025-11-10T00:25:35.705+0700][7.499s][19752][19893][trace] GC(0) |   5|0x000000071f000000, 0x000000071f000000, 0x0000000720000000|  0%| F|  |TAMS 0x000000071f000000, 0x000000071f000000| Untracked 
[2025-11-10T00:25:35.705+0700][7.499s][19752][19893][trace] GC(0) |   6|0x0000000720000000, 0x0000000720000000, 0x0000000721000000|  0%| F|  |TAMS 0x0000000720000000, 0x0000000720000000| Untracked 
[2025-11-10T00:25:35.705+0700][7.499s][19752][19893][trace] GC(0) |   7|0x0000000721000000, 0x0000000721000000, 0x0000000722000000|  0%| F|  |TAMS 0x0000000721000000, 0x0000000721000000| Untracked 
[2025-11-10T00:25:35.705+0700][7.499s][19752][19893][trace] GC(0) |   8|0x0000000722000000, 0x0000000722000000, 0x0000000723000000|  0%| F|  |TAMS 0x0000000722000000, 0x0000000722000000| Untracked 
[2025-11-10T00:25:35.705+0700][7.499s][19752][19893][trace] GC(0) |   9|0x0000000723000000, 0x0000000723000000, 0x0000000724000000|  0%| F|  |TAMS 0x0000000723000000, 0x0000000723000000| Untracked 
[2025-11-10T00:25:35.705+0700][7.499s][19752][19893][trace] GC(0) |  10|0x0000000724000000, 0x0000000724000000, 0x0000000725000000|  0%| F|  |TAMS 0x0000000724000000, 0x0000000724000000| Untracked 
[2025-11-10T00:25:35.705+0700][7.499s][19752][19893][trace] GC(0) |  11|0x0000000725000000, 0x0000000725000000, 0x0000000726000000|  0%| F|  |TAMS 0x0000000725000000, 0x0000000725000000| Untracked 
[2025-11-10T00:25:35.705+0700][7.499s][19752][19893][trace] GC(0) |  12|0x0000000726000000, 0x0000000726000000, 0x0000000727000000|  0%| F|  |TAMS 0x0000000726000000, 0x0000000726000000| Untracked 
[2025-11-10T00:25:35.705+0700][7.499s][19752][19893][trace] GC(0) |  13|0x0000000727000000, 0x0000000727000000, 0x0000000728000000|  0%| F|  |TAMS 0x0000000727000000, 0x0000000727000000| Untracked 
[2025-11-10T00:25:35.705+0700][7.499s][19752][19893][trace] GC(0) |  14|0x0000000728000000, 0x0000000728000000, 0x0000000729000000|  0%| F|  |TAMS 0x0000000728000000, 0x0000000728000000| Untracked 
[2025-11-10T00:25:35.705+0700][7.499s][19752][19893][trace] GC(0) |  15|0x0000000729000000, 0x0000000729000000, 0x000000072a000000|  0%| F|  |TAMS 0x0000000729000000, 0x0000000729000000| Untracked 
[2025-11-10T00:25:35.705+0700][7.499s][19752][19893][trace] GC(0) |  16|0x000000072a000000, 0x000000072a000000, 0x000000072b000000|  0%| F|  |TAMS 0x000000072a000000, 0x000000072a000000| Untracked 
[2025-11-10T00:25:35.705+0700][7.499s][19752][19893][trace] GC(0) |  17|0x000000072b000000, 0x000000072b000000, 0x000000072c000000|  0%| F|  |TAMS 0x000000072b000000, 0x000000072b000000| Untracked 
[2025-11-10T00:25:35.705+0700][7.499s][19752][19893][trace] GC(0) |  18|0x000000072c000000, 0x000000072c000000, 0x000000072d000000|  0%| F|  |TAMS 0x000000072c000000, 0x000000072c000000| Untracked 
[2025-11-10T00:25:35.705+0700][7.499s][19752][19893][trace] GC(0) |  19|0x000000072d000000, 0x000000072d000000, 0x000000072e000000|  0%| F|  |TAMS 0x000000072d000000, 0x000000072d000000| Untracked 
[2025-11-10T00:25:35.705+0700][7.499s][19752][19893][trace] GC(0) |  20|0x000000072e000000, 0x000000072e000000, 0x000000072f000000|  0%| F|  |TAMS 0x000000072e000000, 0x000000072e000000| Untracked 
[2025-11-10T00:25:35.705+0700][7.500s][19752][19893][trace] GC(0) |  21|0x000000072f000000, 0x000000072f000000, 0x0000000730000000|  0%| F|  |TAMS 0x000000072f000000, 0x000000072f000000| Untracked 
[2025-11-10T00:25:35.705+0700][7.500s][19752][19893][trace] GC(0) |  22|0x0000000730000000, 0x0000000730000000, 0x0000000731000000|  0%| F|  |TAMS 0x0000000730000000, 0x0000000730000000| Untracked 
[2025-11-10T00:25:35.705+0700][7.500s][19752][19893][trace] GC(0) |  23|0x0000000731000000, 0x0000000731000000, 0x0000000732000000|  0%| F|  |TAMS 0x0000000731000000, 0x0000000731000000| Untracked 
[2025-11-10T00:25:35.705+0700][7.500s][19752][19893][trace] GC(0) |  24|0x0000000732000000, 0x0000000732000000, 0x0000000733000000|  0%| F|  |TAMS 0x0000000732000000, 0x0000000732000000| Untracked 
[2025-11-10T00:25:35.705+0700][7.500s][19752][19893][trace] GC(0) |  25|0x0000000733000000, 0x0000000733000000, 0x0000000734000000|  0%| F|  |TAMS 0x0000000733000000, 0x0000000733000000| Untracked 
[2025-11-10T00:25:35.705+0700][7.500s][19752][19893][trace] GC(0) |  26|0x0000000734000000, 0x0000000734000000, 0x0000000735000000|  0%| F|  |TAMS 0x0000000734000000, 0x0000000734000000| Untracked 
[2025-11-10T00:25:35.705+0700][7.500s][19752][19893][trace] GC(0) |  27|0x0000000735000000, 0x0000000735000000, 0x0000000736000000|  0%| F|  |TAMS 0x0000000735000000, 0x0000000735000000| Untracked 
[2025-11-10T00:25:35.705+0700][7.500s][19752][19893][trace] GC(0) |  28|0x0000000736000000, 0x0000000736000000, 0x0000000737000000|  0%| F|  |TAMS 0x0000000736000000, 0x0000000736000000| Untracked 
[2025-11-10T00:25:35.705+0700][7.500s][19752][19893][trace] GC(0) |  29|0x0000000737000000, 0x0000000737000000, 0x0000000738000000|  0%| F|  |TAMS 0x0000000737000000, 0x0000000737000000| Untracked 
[2025-11-10T00:25:35.705+0700][7.500s][19752][19893][trace] GC(0) |  30|0x0000000738000000, 0x0000000738000000, 0x0000000739000000|  0%| F|  |TAMS 0x0000000738000000, 0x0000000738000000| Untracked 
[2025-11-10T00:25:35.705+0700][7.500s][19752][19893][trace] GC(0) |  31|0x0000000739000000, 0x0000000739000000, 0x000000073a000000|  0%| F|  |TAMS 0x0000000739000000, 0x0000000739000000| Untracked 
[2025-11-10T00:25:35.705+0700][7.500s][19752][19893][trace] GC(0) |  32|0x000000073a000000, 0x000000073a000000, 0x000000073b000000|  0%| F|  |TAMS 0x000000073a000000, 0x000000073a000000| Untracked 
[2025-11-10T00:25:35.706+0700][7.500s][19752][19893][trace] GC(0) |  33|0x000000073b000000, 0x000000073b000000, 0x000000073c000000|  0%| F|  |TAMS 0x000000073b000000, 0x000000073b000000| Untracked 
[2025-11-10T00:25:35.706+0700][7.500s][19752][19893][trace] GC(0) |  34|0x000000073c000000, 0x000000073c000000, 0x000000073d000000|  0%| F|  |TAMS 0x000000073c000000, 0x000000073c000000| Untracked 
[2025-11-10T00:25:35.706+0700][7.500s][19752][19893][trace] GC(0) |  35|0x000000073d000000, 0x000000073d000000, 0x000000073e000000|  0%| F|  |TAMS 0x000000073d000000, 0x000000073d000000| Untracked 
[2025-11-10T00:25:35.706+0700][7.500s][19752][19893][trace] GC(0) |  36|0x000000073e000000, 0x000000073e000000, 0x000000073f000000|  0%| F|  |TAMS 0x000000073e000000, 0x000000073e000000| Untracked 
[2025-11-10T00:25:35.706+0700][7.500s][19752][19893][trace] GC(0) |  37|0x000000073f000000, 0x000000073f000000, 0x0000000740000000|  0%| F|  |TAMS 0x000000073f000000, 0x000000073f000000| Untracked 
[2025-11-10T00:25:35.706+0700][7.500s][19752][19893][trace] GC(0) |  38|0x0000000740000000, 0x0000000740000000, 0x0000000741000000|  0%| F|  |TAMS 0x0000000740000000, 0x0000000740000000| Untracked 
[2025-11-10T00:25:35.706+0700][7.500s][19752][19893][trace] GC(0) |  39|0x0000000741000000, 0x0000000741000000, 0x0000000742000000|  0%| F|  |TAMS 0x0000000741000000, 0x0000000741000000| Untracked 
[2025-11-10T00:25:35.706+0700][7.500s][19752][19893][trace] GC(0) |  40|0x0000000742000000, 0x0000000742000000, 0x0000000743000000|  0%| F|  |TAMS 0x0000000742000000, 0x0000000742000000| Untracked 
[2025-11-10T00:25:35.706+0700][7.500s][19752][19893][trace] GC(0) |  41|0x0000000743000000, 0x0000000743000000, 0x0000000744000000|  0%| F|  |TAMS 0x0000000743000000, 0x0000000743000000| Untracked 
[2025-11-10T00:25:35.706+0700][7.500s][19752][19893][trace] GC(0) |  42|0x0000000744000000, 0x0000000744000000, 0x0000000745000000|  0%| F|  |TAMS 0x0000000744000000, 0x0000000744000000| Untracked 
[2025-11-10T00:25:35.706+0700][7.500s][19752][19893][trace] GC(0) |  43|0x0000000745000000, 0x0000000745000000, 0x0000000746000000|  0%| F|  |TAMS 0x0000000745000000, 0x0000000745000000| Untracked 
[2025-11-10T00:25:35.706+0700][7.500s][19752][19893][trace] GC(0) |  44|0x0000000746000000, 0x0000000746000000, 0x0000000747000000|  0%| F|  |TAMS 0x0000000746000000, 0x0000000746000000| Untracked 
[2025-11-10T00:25:35.706+0700][7.500s][19752][19893][trace] GC(0) |  45|0x0000000747000000, 0x0000000747000000, 0x0000000748000000|  0%| F|  |TAMS 0x0000000747000000, 0x0000000747000000| Untracked 
[2025-11-10T00:25:35.706+0700][7.500s][19752][19893][trace] GC(0) |  46|0x0000000748000000, 0x0000000748000000, 0x0000000749000000|  0%| F|  |TAMS 0x0000000748000000, 0x0000000748000000| Untracked 
[2025-11-10T00:25:35.706+0700][7.500s][19752][19893][trace] GC(0) |  47|0x0000000749000000, 0x0000000749000000, 0x000000074a000000|  0%| F|  |TAMS 0x0000000749000000, 0x0000000749000000| Untracked 
[2025-11-10T00:25:35.706+0700][7.500s][19752][19893][trace] GC(0) |  48|0x000000074a000000, 0x000000074a000000, 0x000000074b000000|  0%| F|  |TAMS 0x000000074a000000, 0x000000074a000000| Untracked 
[2025-11-10T00:25:35.706+0700][7.500s][19752][19893][trace] GC(0) |  49|0x000000074b000000, 0x000000074b000000, 0x000000074c000000|  0%| F|  |TAMS 0x000000074b000000, 0x000000074b000000| Untracked 
[2025-11-10T00:25:35.706+0700][7.500s][19752][19893][trace] GC(0) |  50|0x000000074c000000, 0x000000074c000000, 0x000000074d000000|  0%| F|  |TAMS 0x000000074c000000, 0x000000074c000000| Untracked 
[2025-11-10T00:25:35.706+0700][7.500s][19752][19893][trace] GC(0) |  51|0x000000074d000000, 0x000000074d000000, 0x000000074e000000|  0%| F|  |TAMS 0x000000074d000000, 0x000000074d000000| Untracked 
[2025-11-10T00:25:35.706+0700][7.500s][19752][19893][trace] GC(0) |  52|0x000000074e000000, 0x000000074e000000, 0x000000074f000000|  0%| F|  |TAMS 0x000000074e000000, 0x000000074e000000| Untracked 
[2025-11-10T00:25:35.706+0700][7.500s][19752][19893][trace] GC(0) |  53|0x000000074f000000, 0x000000074f000000, 0x0000000750000000|  0%| F|  |TAMS 0x000000074f000000, 0x000000074f000000| Untracked 
[2025-11-10T00:25:35.706+0700][7.500s][19752][19893][trace] GC(0) |  54|0x0000000750000000, 0x0000000750000000, 0x0000000751000000|  0%| F|  |TAMS 0x0000000750000000, 0x0000000750000000| Untracked 
[2025-11-10T00:25:35.706+0700][7.500s][19752][19893][trace] GC(0) |  55|0x0000000751000000, 0x0000000751000000, 0x0000000752000000|  0%| F|  |TAMS 0x0000000751000000, 0x0000000751000000| Untracked 
[2025-11-10T00:25:35.706+0700][7.500s][19752][19893][trace] GC(0) |  56|0x0000000752000000, 0x0000000752000000, 0x0000000753000000|  0%| F|  |TAMS 0x0000000752000000, 0x0000000752000000| Untracked 
[2025-11-10T00:25:35.706+0700][7.500s][19752][19893][trace] GC(0) |  57|0x0000000753000000, 0x0000000753000000, 0x0000000754000000|  0%| F|  |TAMS 0x0000000753000000, 0x0000000753000000| Untracked 
[2025-11-10T00:25:35.706+0700][7.500s][19752][19893][trace] GC(0) |  58|0x0000000754000000, 0x0000000754000000, 0x0000000755000000|  0%| F|  |TAMS 0x0000000754000000, 0x0000000754000000| Untracked 
[2025-11-10T00:25:35.706+0700][7.500s][19752][19893][trace] GC(0) |  59|0x0000000755000000, 0x0000000755000000, 0x0000000756000000|  0%| F|  |TAMS 0x0000000755000000, 0x0000000755000000| Untracked 
[2025-11-10T00:25:35.706+0700][7.500s][19752][19893][trace] GC(0) |  60|0x0000000756000000, 0x0000000756000000, 0x0000000757000000|  0%| F|  |TAMS 0x0000000756000000, 0x0000000756000000| Untracked 
[2025-11-10T00:25:35.706+0700][7.500s][19752][19893][trace] GC(0) |  61|0x0000000757000000, 0x0000000757000000, 0x0000000758000000|  0%| F|  |TAMS 0x0000000757000000, 0x0000000757000000| Untracked 
[2025-11-10T00:25:35.706+0700][7.500s][19752][19893][trace] GC(0) |  62|0x0000000758000000, 0x0000000758000000, 0x0000000759000000|  0%| F|  |TAMS 0x0000000758000000, 0x0000000758000000| Untracked 
[2025-11-10T00:25:35.706+0700][7.500s][19752][19893][trace] GC(0) |  63|0x0000000759000000, 0x0000000759000000, 0x000000075a000000|  0%| F|  |TAMS 0x0000000759000000, 0x0000000759000000| Untracked 
[2025-11-10T00:25:35.706+0700][7.500s][19752][19893][trace] GC(0) |  64|0x000000075a000000, 0x000000075a000000, 0x000000075b000000|  0%| F|  |TAMS 0x000000075a000000, 0x000000075a000000| Untracked 
[2025-11-10T00:25:35.706+0700][7.500s][19752][19893][trace] GC(0) |  65|0x000000075b000000, 0x000000075b000000, 0x000000075c000000|  0%| F|  |TAMS 0x000000075b000000, 0x000000075b000000| Untracked 
[2025-11-10T00:25:35.706+0700][7.500s][19752][19893][trace] GC(0) |  66|0x000000075c000000, 0x000000075c000000, 0x000000075d000000|  0%| F|  |TAMS 0x000000075c000000, 0x000000075c000000| Untracked 
[2025-11-10T00:25:35.706+0700][7.500s][19752][19893][trace] GC(0) |  67|0x000000075d000000, 0x000000075d000000, 0x000000075e000000|  0%| F|  |TAMS 0x000000075d000000, 0x000000075d000000| Untracked 
[2025-11-10T00:25:35.706+0700][7.500s][19752][19893][trace] GC(0) |  68|0x000000075e000000, 0x000000075e000000, 0x000000075f000000|  0%| F|  |TAMS 0x000000075e000000, 0x000000075e000000| Untracked 
[2025-11-10T00:25:35.706+0700][7.500s][19752][19893][trace] GC(0) |  69|0x000000075f000000, 0x000000075f000000, 0x0000000760000000|  0%| F|  |TAMS 0x000000075f000000, 0x000000075f000000| Untracked 
[2025-11-10T00:25:35.706+0700][7.500s][19752][19893][trace] GC(0) |  70|0x0000000760000000, 0x0000000760000000, 0x0000000761000000|  0%| F|  |TAMS 0x0000000760000000, 0x0000000760000000| Untracked 
[2025-11-10T00:25:35.706+0700][7.500s][19752][19893][trace] GC(0) |  71|0x0000000761000000, 0x0000000761000000, 0x0000000762000000|  0%| F|  |TAMS 0x0000000761000000, 0x0000000761000000| Untracked 
[2025-11-10T00:25:35.706+0700][7.500s][19752][19893][trace] GC(0) |  72|0x0000000762000000, 0x0000000762000000, 0x0000000763000000|  0%| F|  |TAMS 0x0000000762000000, 0x0000000762000000| Untracked 
[2025-11-10T00:25:35.706+0700][7.500s][19752][19893][trace] GC(0) |  73|0x0000000763000000, 0x0000000763000000, 0x0000000764000000|  0%| F|  |TAMS 0x0000000763000000, 0x0000000763000000| Untracked 
[2025-11-10T00:25:35.706+0700][7.500s][19752][19893][trace] GC(0) |  74|0x0000000764000000, 0x0000000764000000, 0x0000000765000000|  0%| F|  |TAMS 0x0000000764000000, 0x0000000764000000| Untracked 
[2025-11-10T00:25:35.706+0700][7.500s][19752][19893][trace] GC(0) |  75|0x0000000765000000, 0x0000000765000000, 0x0000000766000000|  0%| F|  |TAMS 0x0000000765000000, 0x0000000765000000| Untracked 
[2025-11-10T00:25:35.706+0700][7.500s][19752][19893][trace] GC(0) |  76|0x0000000766000000, 0x0000000766000000, 0x0000000767000000|  0%| F|  |TAMS 0x0000000766000000, 0x0000000766000000| Untracked 
[2025-11-10T00:25:35.706+0700][7.500s][19752][19893][trace] GC(0) |  77|0x0000000767000000, 0x0000000767000000, 0x0000000768000000|  0%| F|  |TAMS 0x0000000767000000, 0x0000000767000000| Untracked 
[2025-11-10T00:25:35.706+0700][7.500s][19752][19893][trace] GC(0) |  78|0x0000000768000000, 0x0000000768000000, 0x0000000769000000|  0%| F|  |TAMS 0x0000000768000000, 0x0000000768000000| Untracked 
[2025-11-10T00:25:35.706+0700][7.500s][19752][19893][trace] GC(0) |  79|0x0000000769000000, 0x0000000769000000, 0x000000076a000000|  0%| F|  |TAMS 0x0000000769000000, 0x0000000769000000| Untracked 
[2025-11-10T00:25:35.706+0700][7.500s][19752][19893][trace] GC(0) |  80|0x000000076a000000, 0x000000076a000000, 0x000000076b000000|  0%| F|  |TAMS 0x000000076a000000, 0x000000076a000000| Untracked 
[2025-11-10T00:25:35.706+0700][7.500s][19752][19893][trace] GC(0) |  81|0x000000076b000000, 0x000000076b000000, 0x000000076c000000|  0%| F|  |TAMS 0x000000076b000000, 0x000000076b000000| Untracked 
[2025-11-10T00:25:35.706+0700][7.500s][19752][19893][trace] GC(0) |  82|0x000000076c000000, 0x000000076c000000, 0x000000076d000000|  0%| F|  |TAMS 0x000000076c000000, 0x000000076c000000| Untracked 
[2025-11-10T00:25:35.706+0700][7.500s][19752][19893][trace] GC(0) |  83|0x000000076d000000, 0x000000076d000000, 0x000000076e000000|  0%| F|  |TAMS 0x000000076d000000, 0x000000076d000000| Untracked 
[2025-11-10T00:25:35.706+0700][7.500s][19752][19893][trace] GC(0) |  84|0x000000076e000000, 0x000000076e000000, 0x000000076f000000|  0%| F|  |TAMS 0x000000076e000000, 0x000000076e000000| Untracked 
[2025-11-10T00:25:35.706+0700][7.500s][19752][19893][trace] GC(0) |  85|0x000000076f000000, 0x000000076f000000, 0x0000000770000000|  0%| F|  |TAMS 0x000000076f000000, 0x000000076f000000| Untracked 
[2025-11-10T00:25:35.706+0700][7.500s][19752][19893][trace] GC(0) |  86|0x0000000770000000, 0x0000000770000000, 0x0000000771000000|  0%| F|  |TAMS 0x0000000770000000, 0x0000000770000000| Untracked 
[2025-11-10T00:25:35.706+0700][7.500s][19752][19893][trace] GC(0) |  87|0x0000000771000000, 0x0000000771000000, 0x0000000772000000|  0%| F|  |TAMS 0x0000000771000000, 0x0000000771000000| Untracked 
[2025-11-10T00:25:35.706+0700][7.500s][19752][19893][trace] GC(0) |  88|0x0000000772000000, 0x0000000772000000, 0x0000000773000000|  0%| F|  |TAMS 0x0000000772000000, 0x0000000772000000| Untracked 
[2025-11-10T00:25:35.706+0700][7.500s][19752][19893][trace] GC(0) |  89|0x0000000773000000, 0x0000000773000000, 0x0000000774000000|  0%| F|  |TAMS 0x0000000773000000, 0x0000000773000000| Untracked 
[2025-11-10T00:25:35.706+0700][7.500s][19752][19893][trace] GC(0) |  90|0x0000000774000000, 0x0000000774000000, 0x0000000775000000|  0%| F|  |TAMS 0x0000000774000000, 0x0000000774000000| Untracked 
[2025-11-10T00:25:35.706+0700][7.500s][19752][19893][trace] GC(0) |  91|0x0000000775000000, 0x0000000775000000, 0x0000000776000000|  0%| F|  |TAMS 0x0000000775000000, 0x0000000775000000| Untracked 
[2025-11-10T00:25:35.706+0700][7.500s][19752][19893][trace] GC(0) |  92|0x0000000776000000, 0x0000000776000000, 0x0000000777000000|  0%| F|  |TAMS 0x0000000776000000, 0x0000000776000000| Untracked 
[2025-11-10T00:25:35.706+0700][7.500s][19752][19893][trace] GC(0) |  93|0x0000000777000000, 0x0000000777000000, 0x0000000778000000|  0%| F|  |TAMS 0x0000000777000000, 0x0000000777000000| Untracked 
[2025-11-10T00:25:35.706+0700][7.500s][19752][19893][trace] GC(0) |  94|0x0000000778000000, 0x0000000778000000, 0x0000000779000000|  0%| F|  |TAMS 0x0000000778000000, 0x0000000778000000| Untracked 
[2025-11-10T00:25:35.706+0700][7.500s][19752][19893][trace] GC(0) |  95|0x0000000779000000, 0x0000000779000000, 0x000000077a000000|  0%| F|  |TAMS 0x0000000779000000, 0x0000000779000000| Untracked 
[2025-11-10T00:25:35.706+0700][7.500s][19752][19893][trace] GC(0) |  96|0x000000077a000000, 0x000000077a000000, 0x000000077b000000|  0%| F|  |TAMS 0x000000077a000000, 0x000000077a000000| Untracked 
[2025-11-10T00:25:35.706+0700][7.500s][19752][19893][trace] GC(0) |  97|0x000000077b000000, 0x000000077b000000, 0x000000077c000000|  0%| F|  |TAMS 0x000000077b000000, 0x000000077b000000| Untracked 
[2025-11-10T00:25:35.706+0700][7.500s][19752][19893][trace] GC(0) |  98|0x000000077c000000, 0x000000077c000000, 0x000000077d000000|  0%| F|  |TAMS 0x000000077c000000, 0x000000077c000000| Untracked 
[2025-11-10T00:25:35.706+0700][7.500s][19752][19893][trace] GC(0) |  99|0x000000077d000000, 0x000000077d000000, 0x000000077e000000|  0%| F|  |TAMS 0x000000077d000000, 0x000000077d000000| Untracked 
[2025-11-10T00:25:35.706+0700][7.500s][19752][19893][trace] GC(0) | 100|0x000000077e000000, 0x000000077e000000, 0x000000077f000000|  0%| F|  |TAMS 0x000000077e000000, 0x000000077e000000| Untracked 
[2025-11-10T00:25:35.706+0700][7.500s][19752][19893][trace] GC(0) | 101|0x000000077f000000, 0x000000077f000000, 0x0000000780000000|  0%| F|  |TAMS 0x000000077f000000, 0x000000077f000000| Untracked 
[2025-11-10T00:25:35.706+0700][7.500s][19752][19893][trace] GC(0) | 102|0x0000000780000000, 0x0000000780000000, 0x0000000781000000|  0%| F|  |TAMS 0x0000000780000000, 0x0000000780000000| Untracked 
[2025-11-10T00:25:35.706+0700][7.500s][19752][19893][trace] GC(0) | 103|0x0000000781000000, 0x0000000781000000, 0x0000000782000000|  0%| F|  |TAMS 0x0000000781000000, 0x0000000781000000| Untracked 
[2025-11-10T00:25:35.706+0700][7.500s][19752][19893][trace] GC(0) | 104|0x0000000782000000, 0x0000000782000000, 0x0000000783000000|  0%| F|  |TAMS 0x0000000782000000, 0x0000000782000000| Untracked 
[2025-11-10T00:25:35.706+0700][7.500s][19752][19893][trace] GC(0) | 105|0x0000000783000000, 0x0000000783000000, 0x0000000784000000|  0%| F|  |TAMS 0x0000000783000000, 0x0000000783000000| Untracked 
[2025-11-10T00:25:35.706+0700][7.500s][19752][19893][trace] GC(0) | 106|0x0000000784000000, 0x0000000784000000, 0x0000000785000000|  0%| F|  |TAMS 0x0000000784000000, 0x0000000784000000| Untracked 
[2025-11-10T00:25:35.706+0700][7.500s][19752][19893][trace] GC(0) | 107|0x0000000785000000, 0x0000000785000000, 0x0000000786000000|  0%| F|  |TAMS 0x0000000785000000, 0x0000000785000000| Untracked 
[2025-11-10T00:25:35.706+0700][7.500s][19752][19893][trace] GC(0) | 108|0x0000000786000000, 0x0000000786000000, 0x0000000787000000|  0%| F|  |TAMS 0x0000000786000000, 0x0000000786000000| Untracked 
[2025-11-10T00:25:35.706+0700][7.500s][19752][19893][trace] GC(0) | 109|0x0000000787000000, 0x0000000787000000, 0x0000000788000000|  0%| F|  |TAMS 0x0000000787000000, 0x0000000787000000| Untracked 
[2025-11-10T00:25:35.706+0700][7.500s][19752][19893][trace] GC(0) | 110|0x0000000788000000, 0x0000000788000000, 0x0000000789000000|  0%| F|  |TAMS 0x0000000788000000, 0x0000000788000000| Untracked 
[2025-11-10T00:25:35.706+0700][7.500s][19752][19893][trace] GC(0) | 111|0x0000000789000000, 0x0000000789000000, 0x000000078a000000|  0%| F|  |TAMS 0x0000000789000000, 0x0000000789000000| Untracked 
[2025-11-10T00:25:35.706+0700][7.500s][19752][19893][trace] GC(0) | 112|0x000000078a000000, 0x000000078a000000, 0x000000078b000000|  0%| F|  |TAMS 0x000000078a000000, 0x000000078a000000| Untracked 
[2025-11-10T00:25:35.706+0700][7.500s][19752][19893][trace] GC(0) | 113|0x000000078b000000, 0x000000078b000000, 0x000000078c000000|  0%| F|  |TAMS 0x000000078b000000, 0x000000078b000000| Untracked 
[2025-11-10T00:25:35.706+0700][7.500s][19752][19893][trace] GC(0) | 114|0x000000078c000000, 0x000000078c000000, 0x000000078d000000|  0%| F|  |TAMS 0x000000078c000000, 0x000000078c000000| Untracked 
[2025-11-10T00:25:35.706+0700][7.500s][19752][19893][trace] GC(0) | 115|0x000000078d000000, 0x000000078d000000, 0x000000078e000000|  0%| F|  |TAMS 0x000000078d000000, 0x000000078d000000| Untracked 
[2025-11-10T00:25:35.706+0700][7.500s][19752][19893][trace] GC(0) | 116|0x000000078e000000, 0x000000078e000000, 0x000000078f000000|  0%| F|  |TAMS 0x000000078e000000, 0x000000078e000000| Untracked 
[2025-11-10T00:25:35.706+0700][7.500s][19752][19893][trace] GC(0) | 117|0x000000078f000000, 0x000000078f000000, 0x0000000790000000|  0%| F|  |TAMS 0x000000078f000000, 0x000000078f000000| Untracked 
[2025-11-10T00:25:35.706+0700][7.500s][19752][19893][trace] GC(0) | 118|0x0000000790000000, 0x0000000790000000, 0x0000000791000000|  0%| F|  |TAMS 0x0000000790000000, 0x0000000790000000| Untracked 
[2025-11-10T00:25:35.706+0700][7.500s][19752][19893][trace] GC(0) | 119|0x0000000791000000, 0x0000000791000000, 0x0000000792000000|  0%| F|  |TAMS 0x0000000791000000, 0x0000000791000000| Untracked 
[2025-11-10T00:25:35.706+0700][7.500s][19752][19893][trace] GC(0) | 120|0x0000000792000000, 0x0000000792000000, 0x0000000793000000|  0%| F|  |TAMS 0x0000000792000000, 0x0000000792000000| Untracked 
[2025-11-10T00:25:35.706+0700][7.500s][19752][19893][trace] GC(0) | 121|0x0000000793000000, 0x0000000793000000, 0x0000000794000000|  0%| F|  |TAMS 0x0000000793000000, 0x0000000793000000| Untracked 
[2025-11-10T00:25:35.706+0700][7.500s][19752][19893][trace] GC(0) | 122|0x0000000794000000, 0x0000000794000000, 0x0000000795000000|  0%| F|  |TAMS 0x0000000794000000, 0x0000000794000000| Untracked 
[2025-11-10T00:25:35.706+0700][7.500s][19752][19893][trace] GC(0) | 123|0x0000000795000000, 0x0000000795000000, 0x0000000796000000|  0%| F|  |TAMS 0x0000000795000000, 0x0000000795000000| Untracked 
[2025-11-10T00:25:35.706+0700][7.500s][19752][19893][trace] GC(0) | 124|0x0000000796000000, 0x0000000796000000, 0x0000000797000000|  0%| F|  |TAMS 0x0000000796000000, 0x0000000796000000| Untracked 
[2025-11-10T00:25:35.706+0700][7.500s][19752][19893][trace] GC(0) | 125|0x0000000797000000, 0x0000000797000000, 0x0000000798000000|  0%| F|  |TAMS 0x0000000797000000, 0x0000000797000000| Untracked 
[2025-11-10T00:25:35.706+0700][7.500s][19752][19893][trace] GC(0) | 126|0x0000000798000000, 0x0000000798000000, 0x0000000799000000|  0%| F|  |TAMS 0x0000000798000000, 0x0000000798000000| Untracked 
[2025-11-10T00:25:35.706+0700][7.500s][19752][19893][trace] GC(0) | 127|0x0000000799000000, 0x0000000799000000, 0x000000079a000000|  0%| F|  |TAMS 0x0000000799000000, 0x0000000799000000| Untracked 
[2025-11-10T00:25:35.706+0700][7.500s][19752][19893][trace] GC(0) | 128|0x000000079a000000, 0x000000079a000000, 0x000000079b000000|  0%| F|  |TAMS 0x000000079a000000, 0x000000079a000000| Untracked 
[2025-11-10T00:25:35.706+0700][7.500s][19752][19893][trace] GC(0) | 129|0x000000079b000000, 0x000000079b000000, 0x000000079c000000|  0%| F|  |TAMS 0x000000079b000000, 0x000000079b000000| Untracked 
[2025-11-10T00:25:35.706+0700][7.500s][19752][19893][trace] GC(0) | 130|0x000000079c000000, 0x000000079c000000, 0x000000079d000000|  0%| F|  |TAMS 0x000000079c000000, 0x000000079c000000| Untracked 
[2025-11-10T00:25:35.706+0700][7.500s][19752][19893][trace] GC(0) | 131|0x000000079d000000, 0x000000079d000000, 0x000000079e000000|  0%| F|  |TAMS 0x000000079d000000, 0x000000079d000000| Untracked 
[2025-11-10T00:25:35.706+0700][7.500s][19752][19893][trace] GC(0) | 132|0x000000079e000000, 0x000000079e000000, 0x000000079f000000|  0%| F|  |TAMS 0x000000079e000000, 0x000000079e000000| Untracked 
[2025-11-10T00:25:35.706+0700][7.500s][19752][19893][trace] GC(0) | 133|0x000000079f000000, 0x000000079f000000, 0x00000007a0000000|  0%| F|  |TAMS 0x000000079f000000, 0x000000079f000000| Untracked 
[2025-11-10T00:25:35.706+0700][7.500s][19752][19893][trace] GC(0) | 134|0x00000007a0000000, 0x00000007a0000000, 0x00000007a1000000|  0%| F|  |TAMS 0x00000007a0000000, 0x00000007a0000000| Untracked 
[2025-11-10T00:25:35.706+0700][7.500s][19752][19893][trace] GC(0) | 135|0x00000007a1000000, 0x00000007a1000000, 0x00000007a2000000|  0%| F|  |TAMS 0x00000007a1000000, 0x00000007a1000000| Untracked 
[2025-11-10T00:25:35.706+0700][7.500s][19752][19893][trace] GC(0) | 136|0x00000007a2000000, 0x00000007a2000000, 0x00000007a3000000|  0%| F|  |TAMS 0x00000007a2000000, 0x00000007a2000000| Untracked 
[2025-11-10T00:25:35.706+0700][7.500s][19752][19893][trace] GC(0) | 137|0x00000007a3000000, 0x00000007a3000000, 0x00000007a4000000|  0%| F|  |TAMS 0x00000007a3000000, 0x00000007a3000000| Untracked 
[2025-11-10T00:25:35.706+0700][7.500s][19752][19893][trace] GC(0) | 138|0x00000007a4000000, 0x00000007a4000000, 0x00000007a5000000|  0%| F|  |TAMS 0x00000007a4000000, 0x00000007a4000000| Untracked 
[2025-11-10T00:25:35.706+0700][7.501s][19752][19893][trace] GC(0) | 139|0x00000007a5000000, 0x00000007a5000000, 0x00000007a6000000|  0%| F|  |TAMS 0x00000007a5000000, 0x00000007a5000000| Untracked 
[2025-11-10T00:25:35.706+0700][7.501s][19752][19893][trace] GC(0) | 140|0x00000007a6000000, 0x00000007a6000000, 0x00000007a7000000|  0%| F|  |TAMS 0x00000007a6000000, 0x00000007a6000000| Untracked 
[2025-11-10T00:25:35.706+0700][7.501s][19752][19893][trace] GC(0) | 141|0x00000007a7000000, 0x00000007a7000000, 0x00000007a8000000|  0%| F|  |TAMS 0x00000007a7000000, 0x00000007a7000000| Untracked 
[2025-11-10T00:25:35.706+0700][7.501s][19752][19893][trace] GC(0) | 142|0x00000007a8000000, 0x00000007a8000000, 0x00000007a9000000|  0%| F|  |TAMS 0x00000007a8000000, 0x00000007a8000000| Untracked 
[2025-11-10T00:25:35.706+0700][7.501s][19752][19893][trace] GC(0) | 143|0x00000007a9000000, 0x00000007a9000000, 0x00000007aa000000|  0%| F|  |TAMS 0x00000007a9000000, 0x00000007a9000000| Untracked 
[2025-11-10T00:25:35.706+0700][7.501s][19752][19893][trace] GC(0) | 144|0x00000007aa000000, 0x00000007aa000000, 0x00000007ab000000|  0%| F|  |TAMS 0x00000007aa000000, 0x00000007aa000000| Untracked 
[2025-11-10T00:25:35.706+0700][7.501s][19752][19893][trace] GC(0) | 145|0x00000007ab000000, 0x00000007ab000000, 0x00000007ac000000|  0%| F|  |TAMS 0x00000007ab000000, 0x00000007ab000000| Untracked 
[2025-11-10T00:25:35.706+0700][7.501s][19752][19893][trace] GC(0) | 146|0x00000007ac000000, 0x00000007ac000000, 0x00000007ad000000|  0%| F|  |TAMS 0x00000007ac000000, 0x00000007ac000000| Untracked 
[2025-11-10T00:25:35.706+0700][7.501s][19752][19893][trace] GC(0) | 147|0x00000007ad000000, 0x00000007ad000000, 0x00000007ae000000|  0%| F|  |TAMS 0x00000007ad000000, 0x00000007ad000000| Untracked 
[2025-11-10T00:25:35.706+0700][7.501s][19752][19893][trace] GC(0) | 148|0x00000007ae000000, 0x00000007ae000000, 0x00000007af000000|  0%| F|  |TAMS 0x00000007ae000000, 0x00000007ae000000| Untracked 
[2025-11-10T00:25:35.706+0700][7.501s][19752][19893][trace] GC(0) | 149|0x00000007af000000, 0x00000007af000000, 0x00000007b0000000|  0%| F|  |TAMS 0x00000007af000000, 0x00000007af000000| Untracked 
[2025-11-10T00:25:35.706+0700][7.501s][19752][19893][trace] GC(0) | 150|0x00000007b0000000, 0x00000007b0000000, 0x00000007b1000000|  0%| F|  |TAMS 0x00000007b0000000, 0x00000007b0000000| Untracked 
[2025-11-10T00:25:35.706+0700][7.501s][19752][19893][trace] GC(0) | 151|0x00000007b1000000, 0x00000007b1000000, 0x00000007b2000000|  0%| F|  |TAMS 0x00000007b1000000, 0x00000007b1000000| Untracked 
[2025-11-10T00:25:35.706+0700][7.501s][19752][19893][trace] GC(0) | 152|0x00000007b2000000, 0x00000007b2000000, 0x00000007b3000000|  0%| F|  |TAMS 0x00000007b2000000, 0x00000007b2000000| Untracked 
[2025-11-10T00:25:35.706+0700][7.501s][19752][19893][trace] GC(0) | 153|0x00000007b3000000, 0x00000007b3000000, 0x00000007b4000000|  0%| F|  |TAMS 0x00000007b3000000, 0x00000007b3000000| Untracked 
[2025-11-10T00:25:35.707+0700][7.501s][19752][19893][trace] GC(0) | 154|0x00000007b4000000, 0x00000007b4000000, 0x00000007b5000000|  0%| F|  |TAMS 0x00000007b4000000, 0x00000007b4000000| Untracked 
[2025-11-10T00:25:35.707+0700][7.501s][19752][19893][trace] GC(0) | 155|0x00000007b5000000, 0x00000007b5000000, 0x00000007b6000000|  0%| F|  |TAMS 0x00000007b5000000, 0x00000007b5000000| Untracked 
[2025-11-10T00:25:35.707+0700][7.501s][19752][19893][trace] GC(0) | 156|0x00000007b6000000, 0x00000007b6000000, 0x00000007b7000000|  0%| F|  |TAMS 0x00000007b6000000, 0x00000007b6000000| Untracked 
[2025-11-10T00:25:35.707+0700][7.501s][19752][19893][trace] GC(0) | 157|0x00000007b7000000, 0x00000007b7000000, 0x00000007b8000000|  0%| F|  |TAMS 0x00000007b7000000, 0x00000007b7000000| Untracked 
[2025-11-10T00:25:35.707+0700][7.501s][19752][19893][trace] GC(0) | 158|0x00000007b8000000, 0x00000007b8000000, 0x00000007b9000000|  0%| F|  |TAMS 0x00000007b8000000, 0x00000007b8000000| Untracked 
[2025-11-10T00:25:35.707+0700][7.501s][19752][19893][trace] GC(0) | 159|0x00000007b9000000, 0x00000007b9000000, 0x00000007ba000000|  0%| F|  |TAMS 0x00000007b9000000, 0x00000007b9000000| Untracked 
[2025-11-10T00:25:35.707+0700][7.501s][19752][19893][trace] GC(0) | 160|0x00000007ba000000, 0x00000007ba000000, 0x00000007bb000000|  0%| F|  |TAMS 0x00000007ba000000, 0x00000007ba000000| Untracked 
[2025-11-10T00:25:35.707+0700][7.501s][19752][19893][trace] GC(0) | 161|0x00000007bb000000, 0x00000007bb000000, 0x00000007bc000000|  0%| F|  |TAMS 0x00000007bb000000, 0x00000007bb000000| Untracked 
[2025-11-10T00:25:35.707+0700][7.501s][19752][19893][trace] GC(0) | 162|0x00000007bc000000, 0x00000007bc000000, 0x00000007bd000000|  0%| F|  |TAMS 0x00000007bc000000, 0x00000007bc000000| Untracked 
[2025-11-10T00:25:35.707+0700][7.501s][19752][19893][trace] GC(0) | 163|0x00000007bd000000, 0x00000007bd000000, 0x00000007be000000|  0%| F|  |TAMS 0x00000007bd000000, 0x00000007bd000000| Untracked 
[2025-11-10T00:25:35.707+0700][7.501s][19752][19893][trace] GC(0) | 164|0x00000007be000000, 0x00000007be000000, 0x00000007bf000000|  0%| F|  |TAMS 0x00000007be000000, 0x00000007be000000| Untracked 
[2025-11-10T00:25:35.707+0700][7.501s][19752][19893][trace] GC(0) | 165|0x00000007bf000000, 0x00000007bf000000, 0x00000007c0000000|  0%| F|  |TAMS 0x00000007bf000000, 0x00000007bf000000| Untracked 
[2025-11-10T00:25:35.707+0700][7.501s][19752][19893][trace] GC(0) | 166|0x00000007c0000000, 0x00000007c0000000, 0x00000007c1000000|  0%| F|  |TAMS 0x00000007c0000000, 0x00000007c0000000| Untracked 
[2025-11-10T00:25:35.707+0700][7.501s][19752][19893][trace] GC(0) | 167|0x00000007c1000000, 0x00000007c1000000, 0x00000007c2000000|  0%| F|  |TAMS 0x00000007c1000000, 0x00000007c1000000| Untracked 
[2025-11-10T00:25:35.707+0700][7.501s][19752][19893][trace] GC(0) | 168|0x00000007c2000000, 0x00000007c2000000, 0x00000007c3000000|  0%| F|  |TAMS 0x00000007c2000000, 0x00000007c2000000| Untracked 
[2025-11-10T00:25:35.707+0700][7.501s][19752][19893][trace] GC(0) | 169|0x00000007c3000000, 0x00000007c3000000, 0x00000007c4000000|  0%| F|  |TAMS 0x00000007c3000000, 0x00000007c3000000| Untracked 
[2025-11-10T00:25:35.707+0700][7.501s][19752][19893][trace] GC(0) | 170|0x00000007c4000000, 0x00000007c4000000, 0x00000007c5000000|  0%| F|  |TAMS 0x00000007c4000000, 0x00000007c4000000| Untracked 
[2025-11-10T00:25:35.707+0700][7.501s][19752][19893][trace] GC(0) | 171|0x00000007c5000000, 0x00000007c5000000, 0x00000007c6000000|  0%| F|  |TAMS 0x00000007c5000000, 0x00000007c5000000| Untracked 
[2025-11-10T00:25:35.707+0700][7.501s][19752][19893][trace] GC(0) | 172|0x00000007c6000000, 0x00000007c6000000, 0x00000007c7000000|  0%| F|  |TAMS 0x00000007c6000000, 0x00000007c6000000| Untracked 
[2025-11-10T00:25:35.707+0700][7.501s][19752][19893][trace] GC(0) | 173|0x00000007c7000000, 0x00000007c7000000, 0x00000007c8000000|  0%| F|  |TAMS 0x00000007c7000000, 0x00000007c7000000| Untracked 
[2025-11-10T00:25:35.707+0700][7.501s][19752][19893][trace] GC(0) | 174|0x00000007c8000000, 0x00000007c8000000, 0x00000007c9000000|  0%| F|  |TAMS 0x00000007c8000000, 0x00000007c8000000| Untracked 
[2025-11-10T00:25:35.707+0700][7.501s][19752][19893][trace] GC(0) | 175|0x00000007c9000000, 0x00000007c9000000, 0x00000007ca000000|  0%| F|  |TAMS 0x00000007c9000000, 0x00000007c9000000| Untracked 
[2025-11-10T00:25:35.707+0700][7.501s][19752][19893][trace] GC(0) | 176|0x00000007ca000000, 0x00000007ca000000, 0x00000007cb000000|  0%| F|  |TAMS 0x00000007ca000000, 0x00000007ca000000| Untracked 
[2025-11-10T00:25:35.707+0700][7.501s][19752][19893][trace] GC(0) | 177|0x00000007cb000000, 0x00000007cb000000, 0x00000007cc000000|  0%| F|  |TAMS 0x00000007cb000000, 0x00000007cb000000| Untracked 
[2025-11-10T00:25:35.707+0700][7.501s][19752][19893][trace] GC(0) | 178|0x00000007cc000000, 0x00000007cc000000, 0x00000007cd000000|  0%| F|  |TAMS 0x00000007cc000000, 0x00000007cc000000| Untracked 
[2025-11-10T00:25:35.707+0700][7.501s][19752][19893][trace] GC(0) | 179|0x00000007cd000000, 0x00000007cd000000, 0x00000007ce000000|  0%| F|  |TAMS 0x00000007cd000000, 0x00000007cd000000| Untracked 
[2025-11-10T00:25:35.707+0700][7.501s][19752][19893][trace] GC(0) | 180|0x00000007ce000000, 0x00000007ce000000, 0x00000007cf000000|  0%| F|  |TAMS 0x00000007ce000000, 0x00000007ce000000| Untracked 
[2025-11-10T00:25:35.707+0700][7.501s][19752][19893][trace] GC(0) | 181|0x00000007cf000000, 0x00000007cf000000, 0x00000007d0000000|  0%| F|  |TAMS 0x00000007cf000000, 0x00000007cf000000| Untracked 
[2025-11-10T00:25:35.707+0700][7.501s][19752][19893][trace] GC(0) | 182|0x00000007d0000000, 0x00000007d0000000, 0x00000007d1000000|  0%| F|  |TAMS 0x00000007d0000000, 0x00000007d0000000| Untracked 
[2025-11-10T00:25:35.707+0700][7.501s][19752][19893][trace] GC(0) | 183|0x00000007d1000000, 0x00000007d1000000, 0x00000007d2000000|  0%| F|  |TAMS 0x00000007d1000000, 0x00000007d1000000| Untracked 
[2025-11-10T00:25:35.707+0700][7.501s][19752][19893][trace] GC(0) | 184|0x00000007d2000000, 0x00000007d2000000, 0x00000007d3000000|  0%| F|  |TAMS 0x00000007d2000000, 0x00000007d2000000| Untracked 
[2025-11-10T00:25:35.707+0700][7.501s][19752][19893][trace] GC(0) | 185|0x00000007d3000000, 0x00000007d3000000, 0x00000007d4000000|  0%| F|  |TAMS 0x00000007d3000000, 0x00000007d3000000| Untracked 
[2025-11-10T00:25:35.707+0700][7.501s][19752][19893][trace] GC(0) | 186|0x00000007d4000000, 0x00000007d4000000, 0x00000007d5000000|  0%| F|  |TAMS 0x00000007d4000000, 0x00000007d4000000| Untracked 
[2025-11-10T00:25:35.707+0700][7.501s][19752][19893][trace] GC(0) | 187|0x00000007d5000000, 0x00000007d5000000, 0x00000007d6000000|  0%| F|  |TAMS 0x00000007d5000000, 0x00000007d5000000| Untracked 
[2025-11-10T00:25:35.707+0700][7.501s][19752][19893][trace] GC(0) | 188|0x00000007d6000000, 0x00000007d6000000, 0x00000007d7000000|  0%| F|  |TAMS 0x00000007d6000000, 0x00000007d6000000| Untracked 
[2025-11-10T00:25:35.707+0700][7.501s][19752][19893][trace] GC(0) | 189|0x00000007d7000000, 0x00000007d7000000, 0x00000007d8000000|  0%| F|  |TAMS 0x00000007d7000000, 0x00000007d7000000| Untracked 
[2025-11-10T00:25:35.707+0700][7.501s][19752][19893][trace] GC(0) | 190|0x00000007d8000000, 0x00000007d8000000, 0x00000007d9000000|  0%| F|  |TAMS 0x00000007d8000000, 0x00000007d8000000| Untracked 
[2025-11-10T00:25:35.707+0700][7.501s][19752][19893][trace] GC(0) | 191|0x00000007d9000000, 0x00000007d9000000, 0x00000007da000000|  0%| F|  |TAMS 0x00000007d9000000, 0x00000007d9000000| Untracked 
[2025-11-10T00:25:35.707+0700][7.501s][19752][19893][trace] GC(0) | 192|0x00000007da000000, 0x00000007da000000, 0x00000007db000000|  0%| F|  |TAMS 0x00000007da000000, 0x00000007da000000| Untracked 
[2025-11-10T00:25:35.707+0700][7.501s][19752][19893][trace] GC(0) | 193|0x00000007db000000, 0x00000007db000000, 0x00000007dc000000|  0%| F|  |TAMS 0x00000007db000000, 0x00000007db000000| Untracked 
[2025-11-10T00:25:35.707+0700][7.501s][19752][19893][trace] GC(0) | 194|0x00000007dc000000, 0x00000007dc000000, 0x00000007dd000000|  0%| F|  |TAMS 0x00000007dc000000, 0x00000007dc000000| Untracked 
[2025-11-10T00:25:35.707+0700][7.501s][19752][19893][trace] GC(0) | 195|0x00000007dd000000, 0x00000007dd000000, 0x00000007de000000|  0%| F|  |TAMS 0x00000007dd000000, 0x00000007dd000000| Untracked 
[2025-11-10T00:25:35.707+0700][7.501s][19752][19893][trace] GC(0) | 196|0x00000007de000000, 0x00000007de000000, 0x00000007df000000|  0%| F|  |TAMS 0x00000007de000000, 0x00000007de000000| Untracked 
[2025-11-10T00:25:35.707+0700][7.501s][19752][19893][trace] GC(0) | 197|0x00000007df000000, 0x00000007df000000, 0x00000007e0000000|  0%| F|  |TAMS 0x00000007df000000, 0x00000007df000000| Untracked 
[2025-11-10T00:25:35.707+0700][7.501s][19752][19893][trace] GC(0) | 198|0x00000007e0000000, 0x00000007e0000000, 0x00000007e1000000|  0%| F|  |TAMS 0x00000007e0000000, 0x00000007e0000000| Untracked 
[2025-11-10T00:25:35.707+0700][7.501s][19752][19893][trace] GC(0) | 199|0x00000007e1000000, 0x00000007e1000000, 0x00000007e2000000|  0%| F|  |TAMS 0x00000007e1000000, 0x00000007e1000000| Untracked 
[2025-11-10T00:25:35.707+0700][7.501s][19752][19893][trace] GC(0) | 200|0x00000007e2000000, 0x00000007e2000000, 0x00000007e3000000|  0%| F|  |TAMS 0x00000007e2000000, 0x00000007e2000000| Untracked 
[2025-11-10T00:25:35.707+0700][7.501s][19752][19893][trace] GC(0) | 201|0x00000007e3000000, 0x00000007e3000000, 0x00000007e4000000|  0%| F|  |TAMS 0x00000007e3000000, 0x00000007e3000000| Untracked 
[2025-11-10T00:25:35.707+0700][7.501s][19752][19893][trace] GC(0) | 202|0x00000007e4000000, 0x00000007e4000000, 0x00000007e5000000|  0%| F|  |TAMS 0x00000007e4000000, 0x00000007e4000000| Untracked 
[2025-11-10T00:25:35.707+0700][7.501s][19752][19893][trace] GC(0) | 203|0x00000007e5000000, 0x00000007e5000000, 0x00000007e6000000|  0%| F|  |TAMS 0x00000007e5000000, 0x00000007e5000000| Untracked 
[2025-11-10T00:25:35.707+0700][7.501s][19752][19893][trace] GC(0) | 204|0x00000007e6000000, 0x00000007e6000000, 0x00000007e7000000|  0%| F|  |TAMS 0x00000007e6000000, 0x00000007e6000000| Untracked 
[2025-11-10T00:25:35.707+0700][7.501s][19752][19893][trace] GC(0) | 205|0x00000007e7000000, 0x00000007e7000000, 0x00000007e8000000|  0%| F|  |TAMS 0x00000007e7000000, 0x00000007e7000000| Untracked 
[2025-11-10T00:25:35.707+0700][7.501s][19752][19893][trace] GC(0) | 206|0x00000007e8000000, 0x00000007e8000000, 0x00000007e9000000|  0%| F|  |TAMS 0x00000007e8000000, 0x00000007e8000000| Untracked 
[2025-11-10T00:25:35.707+0700][7.501s][19752][19893][trace] GC(0) | 207|0x00000007e9000000, 0x00000007e9000000, 0x00000007ea000000|  0%| F|  |TAMS 0x00000007e9000000, 0x00000007e9000000| Untracked 
[2025-11-10T00:25:35.707+0700][7.501s][19752][19893][trace] GC(0) | 208|0x00000007ea000000, 0x00000007ea000000, 0x00000007eb000000|  0%| F|  |TAMS 0x00000007ea000000, 0x00000007ea000000| Untracked 
[2025-11-10T00:25:35.707+0700][7.501s][19752][19893][trace] GC(0) | 209|0x00000007eb000000, 0x00000007eb000000, 0x00000007ec000000|  0%| F|  |TAMS 0x00000007eb000000, 0x00000007eb000000| Untracked 
[2025-11-10T00:25:35.707+0700][7.501s][19752][19893][trace] GC(0) | 210|0x00000007ec000000, 0x00000007ec000000, 0x00000007ed000000|  0%| F|  |TAMS 0x00000007ec000000, 0x00000007ec000000| Untracked 
[2025-11-10T00:25:35.707+0700][7.501s][19752][19893][trace] GC(0) | 211|0x00000007ed000000, 0x00000007ed000000, 0x00000007ee000000|  0%| F|  |TAMS 0x00000007ed000000, 0x00000007ed000000| Untracked 
[2025-11-10T00:25:35.707+0700][7.501s][19752][19893][trace] GC(0) | 212|0x00000007ee000000, 0x00000007ee000000, 0x00000007ef000000|  0%| F|  |TAMS 0x00000007ee000000, 0x00000007ee000000| Untracked 
[2025-11-10T00:25:35.707+0700][7.501s][19752][19893][trace] GC(0) | 213|0x00000007ef000000, 0x00000007ef000000, 0x00000007f0000000|  0%| F|  |TAMS 0x00000007ef000000, 0x00000007ef000000| Untracked 
[2025-11-10T00:25:35.707+0700][7.501s][19752][19893][trace] GC(0) | 214|0x00000007f0000000, 0x00000007f0000000, 0x00000007f1000000|  0%| F|  |TAMS 0x00000007f0000000, 0x00000007f0000000| Untracked 
[2025-11-10T00:25:35.707+0700][7.501s][19752][19893][trace] GC(0) | 215|0x00000007f1000000, 0x00000007f1000000, 0x00000007f2000000|  0%| F|  |TAMS 0x00000007f1000000, 0x00000007f1000000| Untracked 
[2025-11-10T00:25:35.707+0700][7.501s][19752][19893][trace] GC(0) | 216|0x00000007f2000000, 0x00000007f2000000, 0x00000007f3000000|  0%| F|  |TAMS 0x00000007f2000000, 0x00000007f2000000| Untracked 
[2025-11-10T00:25:35.707+0700][7.501s][19752][19893][trace] GC(0) | 217|0x00000007f3000000, 0x00000007f3bb3350, 0x00000007f4000000| 73%| S|CS|TAMS 0x00000007f3000000, 0x00000007f3000000| Complete 
[2025-11-10T00:25:35.707+0700][7.501s][19752][19893][trace] GC(0) | 218|0x00000007f4000000, 0x00000007f4000000, 0x00000007f5000000|  0%| F|  |TAMS 0x00000007f4000000, 0x00000007f4000000| Untracked 
[2025-11-10T00:25:35.707+0700][7.501s][19752][19893][trace] GC(0) | 219|0x00000007f5000000, 0x00000007f5000000, 0x00000007f6000000|  0%| F|  |TAMS 0x00000007f5000000, 0x00000007f5000000| Untracked 
[2025-11-10T00:25:35.707+0700][7.501s][19752][19893][trace] GC(0) | 220|0x00000007f6000000, 0x00000007f6000000, 0x00000007f7000000|  0%| F|  |TAMS 0x00000007f6000000, 0x00000007f6000000| Untracked 
[2025-11-10T00:25:35.707+0700][7.501s][19752][19893][trace] GC(0) | 221|0x00000007f7000000, 0x00000007f7000000, 0x00000007f8000000|  0%| F|  |TAMS 0x00000007f7000000, 0x00000007f7000000| Untracked 
[2025-11-10T00:25:35.707+0700][7.501s][19752][19893][trace] GC(0) | 222|0x00000007f8000000, 0x00000007f8000000, 0x00000007f9000000|  0%| F|  |TAMS 0x00000007f8000000, 0x00000007f8000000| Untracked 
[2025-11-10T00:25:35.707+0700][7.501s][19752][19893][trace] GC(0) | 223|0x00000007f9000000, 0x00000007f9000000, 0x00000007fa000000|  0%| F|  |TAMS 0x00000007f9000000, 0x00000007f9000000| Untracked 
[2025-11-10T00:25:35.707+0700][7.501s][19752][19893][trace] GC(0) | 224|0x00000007fa000000, 0x00000007fa000000, 0x00000007fb000000|  0%| F|  |TAMS 0x00000007fa000000, 0x00000007fa000000| Untracked 
[2025-11-10T00:25:35.707+0700][7.501s][19752][19893][trace] GC(0) | 225|0x00000007fb000000, 0x00000007fb000000, 0x00000007fc000000|  0%| F|  |TAMS 0x00000007fb000000, 0x00000007fb000000| Untracked 
[2025-11-10T00:25:35.707+0700][7.501s][19752][19893][trace] GC(0) | 226|0x00000007fc000000, 0x00000007fc000000, 0x00000007fd000000|  0%| F|  |TAMS 0x00000007fc000000, 0x00000007fc000000| Untracked 
[2025-11-10T00:25:35.707+0700][7.501s][19752][19893][trace] GC(0) | 227|0x00000007fd000000, 0x00000007fd000000, 0x00000007fe000000|  0%| F|  |TAMS 0x00000007fd000000, 0x00000007fd000000| Untracked 
[2025-11-10T00:25:35.707+0700][7.501s][19752][19893][trace] GC(0) | 228|0x00000007fe000000, 0x00000007fef48000, 0x00000007ff000000| 95%|OA|  |TAMS 0x00000007fe000000, 0x00000007fef48000| Untracked 
[2025-11-10T00:25:35.707+0700][7.501s][19752][19893][trace] GC(0) | 229|0x00000007ff000000, 0x00000007ff06c000, 0x0000000800000000|  2%|CA|  |TAMS 0x00000007ff000000, 0x00000007ff06c000| Untracked 
[2025-11-10T00:25:35.707+0700][7.501s][19752][19893][info ] GC(0) Pause Young (Concurrent Start) (Metadata GC Threshold) 167M->27M(3680M) 18.447ms
[2025-11-10T00:25:35.707+0700][7.501s][19752][19857][info ] GC(1) Concurrent Cycle
[2025-11-10T00:25:35.707+0700][7.501s][19752][19893][info ] Leaving safepoint region
[2025-11-10T00:25:35.707+0700][7.501s][19752][19893][info ] Total time for which application threads were stopped: 0.0212045 seconds, Stopping threads took: 0.0000230 seconds
[2025-11-10T00:25:35.715+0700][7.509s][19752][19893][info ] Application time: 0.0074198 seconds
[2025-11-10T00:25:35.715+0700][7.509s][19752][19893][info ] Entering safepoint region: CGC_Operation
[2025-11-10T00:25:35.717+0700][7.511s][19752][19893][info ] GC(1) Pause Remark 35M->35M(3680M) 2.368ms
[2025-11-10T00:25:35.717+0700][7.511s][19752][19893][info ] Leaving safepoint region
[2025-11-10T00:25:35.717+0700][7.511s][19752][19893][info ] Total time for which application threads were stopped: 0.0025218 seconds, Stopping threads took: 0.0000339 seconds
[2025-11-10T00:25:35.718+0700][7.512s][19752][19893][info ] Application time: 0.0008017 seconds
[2025-11-10T00:25:35.718+0700][7.512s][19752][19893][info ] Entering safepoint region: CGC_Operation
[2025-11-10T00:25:35.718+0700][7.512s][19752][19893][info ] GC(1) Pause Cleanup 35M->35M(3680M) 0.113ms
[2025-11-10T00:25:35.718+0700][7.512s][19752][19893][info ] Leaving safepoint region
[2025-11-10T00:25:35.718+0700][7.512s][19752][19893][info ] Total time for which application threads were stopped: 0.0001983 seconds, Stopping threads took: 0.0000126 seconds
[2025-11-10T00:25:35.732+0700][7.526s][19752][19857][info ] GC(1) Concurrent Cycle 25.094ms
[2025-11-10T00:25:35.919+0700][7.713s][19752][19855][trace] Restored java.util.logging.StreamHandler archived mirror 0x00000007fef022e8
[2025-11-10T00:25:35.919+0700][7.713s][19752][19855][trace] Restored java.util.logging.Formatter archived mirror 0x00000007fef021f0
[2025-11-10T00:25:35.919+0700][7.713s][19752][19855][trace] Restored java.util.logging.SimpleFormatter archived mirror 0x00000007fef02140
[2025-11-10T00:25:35.919+0700][7.714s][19752][19855][trace] Restored jdk.internal.logger.SimpleConsoleLogger$Formatting archived mirror 0x00000007fef01ca0
[2025-11-10T00:25:35.920+0700][7.714s][19752][19855][trace] Restored java.util.logging.ErrorManager archived mirror 0x00000007fef01be8
[2025-11-10T00:25:35.920+0700][7.714s][19752][19855][trace] Restored java.util.logging.Handler$1 archived mirror 0x00000007fef01b78
[2025-11-10T00:25:35.920+0700][7.714s][19752][19855][trace] Restored java.util.logging.StreamHandler$1 archived mirror 0x00000007fef01b08
[2025-11-10T00:25:35.933+0700][7.728s][19752][19893][info ] Application time: 0.2150836 seconds
[2025-11-10T00:25:35.934+0700][7.728s][19752][19893][info ] Entering safepoint region: Deoptimize
[2025-11-10T00:25:35.934+0700][7.728s][19752][19893][info ] Leaving safepoint region
[2025-11-10T00:25:35.934+0700][7.728s][19752][19893][info ] Total time for which application threads were stopped: 0.0004518 seconds, Stopping threads took: 0.0000240 seconds
[2025-11-10T00:25:35.947+0700][7.741s][19752][19893][info ] Application time: 0.0132417 seconds
[2025-11-10T00:25:35.947+0700][7.741s][19752][19893][info ] Entering safepoint region: Deoptimize
[2025-11-10T00:25:35.948+0700][7.742s][19752][19893][info ] Leaving safepoint region
[2025-11-10T00:25:35.948+0700][7.742s][19752][19893][info ] Total time for which application threads were stopped: 0.0003838 seconds, Stopping threads took: 0.0000231 seconds
[2025-11-10T00:25:36.016+0700][7.810s][19752][19893][info ] Application time: 0.0685875 seconds
[2025-11-10T00:25:36.016+0700][7.810s][19752][19893][info ] Entering safepoint region: Deoptimize
[2025-11-10T00:25:36.017+0700][7.811s][19752][19893][info ] Leaving safepoint region
[2025-11-10T00:25:36.017+0700][7.811s][19752][19893][info ] Total time for which application threads were stopped: 0.0005006 seconds, Stopping threads took: 0.0000261 seconds
[2025-11-10T00:25:36.040+0700][7.834s][19752][19855][trace] Restored java.time.format.DateTimeFormatter archived mirror 0x00000007fef0c520
[2025-11-10T00:25:36.040+0700][7.834s][19752][19855][trace] Restored java.time.format.DateTimeFormatterBuilder archived mirror 0x00000007fef0c3c0
[2025-11-10T00:25:36.040+0700][7.834s][19752][19855][trace] Restored java.time.temporal.TemporalQuery archived mirror 0x00000007fef0c1a0
[2025-11-10T00:25:36.040+0700][7.834s][19752][19855][trace] Restored java.time.temporal.IsoFields archived mirror 0x00000007fef0b860
[2025-11-10T00:25:36.040+0700][7.834s][19752][19855][trace] Restored java.time.temporal.IsoFields$Field archived mirror 0x00000007fef0b798
[2025-11-10T00:25:36.040+0700][7.834s][19752][19855][trace] Restored java.time.temporal.IsoFields$Field$1 archived mirror 0x00000007fef0b710
[2025-11-10T00:25:36.040+0700][7.834s][19752][19855][trace] Restored java.time.temporal.IsoFields$Field$2 archived mirror 0x00000007fef0b688
[2025-11-10T00:25:36.040+0700][7.834s][19752][19855][trace] Restored java.time.temporal.IsoFields$Field$3 archived mirror 0x00000007fef0b5f8
[2025-11-10T00:25:36.040+0700][7.835s][19752][19855][trace] Restored java.time.temporal.IsoFields$Field$4 archived mirror 0x00000007fef0b570
[2025-11-10T00:25:36.040+0700][7.835s][19752][19855][trace] Restored java.time.temporal.IsoFields$Unit archived mirror 0x00000007fef0b4c8
[2025-11-10T00:25:36.041+0700][7.835s][19752][19855][trace] Restored java.time.temporal.JulianFields archived mirror 0x00000007fef0b428
[2025-11-10T00:25:36.041+0700][7.835s][19752][19855][trace] Restored java.time.temporal.JulianFields$Field archived mirror 0x00000007fef0b368
[2025-11-10T00:25:36.041+0700][7.835s][19752][19855][trace] Restored java.time.format.DateTimeFormatterBuilder$2 archived mirror 0x00000007fef0b2f8
[2025-11-10T00:25:36.041+0700][7.835s][19752][19855][trace] Restored java.time.format.SignStyle archived mirror 0x00000007fef0b248
[2025-11-10T00:25:36.041+0700][7.835s][19752][19855][trace] Restored java.time.format.DateTimeFormatterBuilder$DateTimePrinterParser archived mirror 0x00000007fef0b1d8
[2025-11-10T00:25:36.041+0700][7.835s][19752][19855][trace] Restored java.time.format.DateTimeFormatterBuilder$NumberPrinterParser archived mirror 0x00000007fef0b130
[2025-11-10T00:25:36.041+0700][7.835s][19752][19855][trace] Restored java.time.format.DateTimeFormatterBuilder$CharLiteralPrinterParser archived mirror 0x00000007fef0b0a8
[2025-11-10T00:25:36.041+0700][7.835s][19752][19855][trace] Restored java.time.format.ResolverStyle archived mirror 0x00000007fef0b008
[2025-11-10T00:25:36.041+0700][7.835s][19752][19855][trace] Restored java.time.format.DateTimeFormatterBuilder$CompositePrinterParser archived mirror 0x00000007fef0abe8
[2025-11-10T00:25:36.041+0700][7.835s][19752][19855][trace] Restored java.time.format.DecimalStyle archived mirror 0x00000007fef0ab50
[2025-11-10T00:25:36.041+0700][7.835s][19752][19855][trace] Restored java.time.format.DateTimeFormatterBuilder$SettingsParser archived mirror 0x00000007fef0aa90
[2025-11-10T00:25:36.041+0700][7.835s][19752][19855][trace] Restored java.time.format.DateTimeFormatterBuilder$OffsetIdPrinterParser archived mirror 0x00000007fef0a968
[2025-11-10T00:25:36.041+0700][7.835s][19752][19855][trace] Restored java.time.format.DateTimeFormatterBuilder$FractionPrinterParser archived mirror 0x00000007fef0a8b8
[2025-11-10T00:25:36.041+0700][7.835s][19752][19855][trace] Restored java.time.format.DateTimeFormatterBuilder$ZoneIdPrinterParser archived mirror 0x00000007fef0a828
[2025-11-10T00:25:36.041+0700][7.836s][19752][19855][trace] Restored java.time.format.DateTimeFormatterBuilder$StringLiteralPrinterParser archived mirror 0x00000007fef0a7a0
[2025-11-10T00:25:36.041+0700][7.836s][19752][19855][trace] Restored java.time.format.DateTimeFormatterBuilder$InstantPrinterParser archived mirror 0x00000007fef0a708
[2025-11-10T00:25:36.042+0700][7.836s][19752][19855][trace] Restored java.time.format.TextStyle archived mirror 0x00000007fef0a5d8
[2025-11-10T00:25:36.042+0700][7.836s][19752][19855][trace] Restored java.time.format.DateTimeTextProvider$LocaleStore archived mirror 0x00000007fef0a4f0
[2025-11-10T00:25:36.042+0700][7.836s][19752][19855][trace] Restored java.time.format.DateTimeTextProvider archived mirror 0x00000007fef0a178
[2025-11-10T00:25:36.042+0700][7.836s][19752][19855][trace] Restored java.time.format.DateTimeTextProvider$1 archived mirror 0x00000007fef0a108
[2025-11-10T00:25:36.042+0700][7.836s][19752][19855][trace] Restored java.time.format.DateTimeFormatterBuilder$1 archived mirror 0x00000007fef09f70
[2025-11-10T00:25:36.042+0700][7.836s][19752][19855][trace] Restored java.time.format.DateTimeFormatterBuilder$TextPrinterParser archived mirror 0x00000007fef09ee0
[2025-11-10T00:25:36.042+0700][7.836s][19752][19855][trace] Restored java.time.chrono.ChronoPeriod archived mirror 0x00000007fef09e58
[2025-11-10T00:25:36.042+0700][7.836s][19752][19855][trace] Restored java.time.Period archived mirror 0x00000007fef09d90
[2025-11-10T00:25:36.277+0700][8.071s][19752][19893][info ] Application time: 0.2599145 seconds
[2025-11-10T00:25:36.277+0700][8.071s][19752][19893][info ] Entering safepoint region: Deoptimize
[2025-11-10T00:25:36.277+0700][8.071s][19752][19893][info ] Leaving safepoint region
[2025-11-10T00:25:36.277+0700][8.071s][19752][19893][info ] Total time for which application threads were stopped: 0.0005306 seconds, Stopping threads took: 0.0000252 seconds
[2025-11-10T00:25:36.408+0700][8.202s][19752][19855][trace] Restored java.math.BigDecimal$1 archived mirror 0x00000007fef08930
[2025-11-10T00:25:36.417+0700][8.211s][19752][19855][trace] Restored java.time.temporal.TemporalQueries archived mirror 0x00000007fef09098
[2025-11-10T00:25:36.417+0700][8.211s][19752][19855][trace] Restored java.time.temporal.TemporalQueries$1 archived mirror 0x00000007fef09010
[2025-11-10T00:25:36.417+0700][8.211s][19752][19855][trace] Restored java.time.temporal.TemporalQueries$2 archived mirror 0x00000007fef08f88
[2025-11-10T00:25:36.417+0700][8.211s][19752][19855][trace] Restored java.time.temporal.TemporalQueries$3 archived mirror 0x00000007fef08f00
[2025-11-10T00:25:36.417+0700][8.211s][19752][19855][trace] Restored java.time.temporal.TemporalQueries$4 archived mirror 0x00000007fef08e78
[2025-11-10T00:25:36.417+0700][8.211s][19752][19855][trace] Restored java.time.temporal.TemporalQueries$5 archived mirror 0x00000007fef08df0
[2025-11-10T00:25:36.417+0700][8.211s][19752][19855][trace] Restored java.time.temporal.TemporalQueries$6 archived mirror 0x00000007fef08d68
[2025-11-10T00:25:36.417+0700][8.211s][19752][19855][trace] Restored java.time.temporal.TemporalQueries$7 archived mirror 0x00000007fef08ce0
[2025-11-10T00:25:37.277+0700][9.072s][19752][19893][info ] Application time: 1.0001177 seconds
[2025-11-10T00:25:37.278+0700][9.072s][19752][19893][info ] Entering safepoint region: Cleanup
[2025-11-10T00:25:37.278+0700][9.072s][19752][19893][info ] Leaving safepoint region
[2025-11-10T00:25:37.278+0700][9.072s][19752][19893][info ] Total time for which application threads were stopped: 0.0001976 seconds, Stopping threads took: 0.0000320 seconds
[2025-11-10T00:25:37.333+0700][9.127s][19752][19893][info ] Application time: 0.0556033 seconds
[2025-11-10T00:25:37.333+0700][9.128s][19752][19893][info ] Entering safepoint region: Deoptimize
[2025-11-10T00:25:37.334+0700][9.128s][19752][19893][info ] Leaving safepoint region
[2025-11-10T00:25:37.334+0700][9.128s][19752][19893][info ] Total time for which application threads were stopped: 0.0006384 seconds, Stopping threads took: 0.0000266 seconds
[2025-11-10T00:25:37.414+0700][9.208s][19752][19893][info ] Application time: 0.0801982 seconds
[2025-11-10T00:25:37.414+0700][9.208s][19752][19893][info ] Entering safepoint region: CollectForMetadataAllocation
[2025-11-10T00:25:37.414+0700][9.209s][19752][19893][debug] GC(2) Heap before GC invocations=2 (full 0): garbage-first heap   total 3768320K, used 306588K [0x000000071a000000, 0x0000000800000000)
[2025-11-10T00:25:37.414+0700][9.209s][19752][19893][debug] GC(2)   region size 16384K, 20 young (327680K), 1 survivors (16384K)
[2025-11-10T00:25:37.415+0700][9.209s][19752][19893][debug] GC(2)  Metaspace       used 34618K, capacity 35786K, committed 35840K, reserved 1081344K
[2025-11-10T00:25:37.415+0700][9.209s][19752][19893][debug] GC(2)   class space    used 3945K, capacity 4477K, committed 4480K, reserved 1048576K
[2025-11-10T00:25:37.415+0700][9.209s][19752][19893][trace] GC(2) Heap Regions: E=young(eden), S=young(survivor), O=old, HS=humongous(starts), HC=humongous(continues), CS=collection set, F=free, A=archive, TAMS=top-at-mark-start (previous, next)
[2025-11-10T00:25:37.415+0700][9.209s][19752][19893][trace] GC(2) |   0|0x000000071a000000, 0x000000071a000000, 0x000000071b000000|  0%| F|  |TAMS 0x000000071a000000, 0x000000071a000000| Untracked 
[2025-11-10T00:25:37.415+0700][9.209s][19752][19893][trace] GC(2) |   1|0x000000071b000000, 0x000000071b000000, 0x000000071c000000|  0%| F|  |TAMS 0x000000071b000000, 0x000000071b000000| Untracked 
[2025-11-10T00:25:37.415+0700][9.209s][19752][19893][trace] GC(2) |   2|0x000000071c000000, 0x000000071c000000, 0x000000071d000000|  0%| F|  |TAMS 0x000000071c000000, 0x000000071c000000| Untracked 
[2025-11-10T00:25:37.415+0700][9.209s][19752][19893][trace] GC(2) |   3|0x000000071d000000, 0x000000071d000000, 0x000000071e000000|  0%| F|  |TAMS 0x000000071d000000, 0x000000071d000000| Untracked 
[2025-11-10T00:25:37.415+0700][9.209s][19752][19893][trace] GC(2) |   4|0x000000071e000000, 0x000000071e000000, 0x000000071f000000|  0%| F|  |TAMS 0x000000071e000000, 0x000000071e000000| Untracked 
[2025-11-10T00:25:37.415+0700][9.209s][19752][19893][trace] GC(2) |   5|0x000000071f000000, 0x000000071f000000, 0x0000000720000000|  0%| F|  |TAMS 0x000000071f000000, 0x000000071f000000| Untracked 
[2025-11-10T00:25:37.415+0700][9.209s][19752][19893][trace] GC(2) |   6|0x0000000720000000, 0x0000000720000000, 0x0000000721000000|  0%| F|  |TAMS 0x0000000720000000, 0x0000000720000000| Untracked 
[2025-11-10T00:25:37.415+0700][9.209s][19752][19893][trace] GC(2) |   7|0x0000000721000000, 0x0000000721000000, 0x0000000722000000|  0%| F|  |TAMS 0x0000000721000000, 0x0000000721000000| Untracked 
[2025-11-10T00:25:37.415+0700][9.209s][19752][19893][trace] GC(2) |   8|0x0000000722000000, 0x0000000722000000, 0x0000000723000000|  0%| F|  |TAMS 0x0000000722000000, 0x0000000722000000| Untracked 
[2025-11-10T00:25:37.415+0700][9.209s][19752][19893][trace] GC(2) |   9|0x0000000723000000, 0x0000000723000000, 0x0000000724000000|  0%| F|  |TAMS 0x0000000723000000, 0x0000000723000000| Untracked 
[2025-11-10T00:25:37.415+0700][9.209s][19752][19893][trace] GC(2) |  10|0x0000000724000000, 0x0000000724000000, 0x0000000725000000|  0%| F|  |TAMS 0x0000000724000000, 0x0000000724000000| Untracked 
[2025-11-10T00:25:37.415+0700][9.209s][19752][19893][trace] GC(2) |  11|0x0000000725000000, 0x0000000725000000, 0x0000000726000000|  0%| F|  |TAMS 0x0000000725000000, 0x0000000725000000| Untracked 
[2025-11-10T00:25:37.415+0700][9.209s][19752][19893][trace] GC(2) |  12|0x0000000726000000, 0x0000000726000000, 0x0000000727000000|  0%| F|  |TAMS 0x0000000726000000, 0x0000000726000000| Untracked 
[2025-11-10T00:25:37.415+0700][9.209s][19752][19893][trace] GC(2) |  13|0x0000000727000000, 0x0000000727000000, 0x0000000728000000|  0%| F|  |TAMS 0x0000000727000000, 0x0000000727000000| Untracked 
[2025-11-10T00:25:37.415+0700][9.209s][19752][19893][trace] GC(2) |  14|0x0000000728000000, 0x0000000728000000, 0x0000000729000000|  0%| F|  |TAMS 0x0000000728000000, 0x0000000728000000| Untracked 
[2025-11-10T00:25:37.415+0700][9.209s][19752][19893][trace] GC(2) |  15|0x0000000729000000, 0x0000000729000000, 0x000000072a000000|  0%| F|  |TAMS 0x0000000729000000, 0x0000000729000000| Untracked 
[2025-11-10T00:25:37.415+0700][9.209s][19752][19893][trace] GC(2) |  16|0x000000072a000000, 0x000000072a000000, 0x000000072b000000|  0%| F|  |TAMS 0x000000072a000000, 0x000000072a000000| Untracked 
[2025-11-10T00:25:37.415+0700][9.209s][19752][19893][trace] GC(2) |  17|0x000000072b000000, 0x000000072b000000, 0x000000072c000000|  0%| F|  |TAMS 0x000000072b000000, 0x000000072b000000| Untracked 
[2025-11-10T00:25:37.415+0700][9.209s][19752][19893][trace] GC(2) |  18|0x000000072c000000, 0x000000072c000000, 0x000000072d000000|  0%| F|  |TAMS 0x000000072c000000, 0x000000072c000000| Untracked 
[2025-11-10T00:25:37.415+0700][9.209s][19752][19893][trace] GC(2) |  19|0x000000072d000000, 0x000000072d000000, 0x000000072e000000|  0%| F|  |TAMS 0x000000072d000000, 0x000000072d000000| Untracked 
[2025-11-10T00:25:37.415+0700][9.209s][19752][19893][trace] GC(2) |  20|0x000000072e000000, 0x000000072e000000, 0x000000072f000000|  0%| F|  |TAMS 0x000000072e000000, 0x000000072e000000| Untracked 
[2025-11-10T00:25:37.415+0700][9.209s][19752][19893][trace] GC(2) |  21|0x000000072f000000, 0x000000072f000000, 0x0000000730000000|  0%| F|  |TAMS 0x000000072f000000, 0x000000072f000000| Untracked 
[2025-11-10T00:25:37.415+0700][9.209s][19752][19893][trace] GC(2) |  22|0x0000000730000000, 0x0000000730000000, 0x0000000731000000|  0%| F|  |TAMS 0x0000000730000000, 0x0000000730000000| Untracked 
[2025-11-10T00:25:37.415+0700][9.209s][19752][19893][trace] GC(2) |  23|0x0000000731000000, 0x0000000731000000, 0x0000000732000000|  0%| F|  |TAMS 0x0000000731000000, 0x0000000731000000| Untracked 
[2025-11-10T00:25:37.415+0700][9.209s][19752][19893][trace] GC(2) |  24|0x0000000732000000, 0x0000000732000000, 0x0000000733000000|  0%| F|  |TAMS 0x0000000732000000, 0x0000000732000000| Untracked 
[2025-11-10T00:25:37.415+0700][9.209s][19752][19893][trace] GC(2) |  25|0x0000000733000000, 0x0000000733000000, 0x0000000734000000|  0%| F|  |TAMS 0x0000000733000000, 0x0000000733000000| Untracked 
[2025-11-10T00:25:37.415+0700][9.209s][19752][19893][trace] GC(2) |  26|0x0000000734000000, 0x0000000734000000, 0x0000000735000000|  0%| F|  |TAMS 0x0000000734000000, 0x0000000734000000| Untracked 
[2025-11-10T00:25:37.415+0700][9.209s][19752][19893][trace] GC(2) |  27|0x0000000735000000, 0x0000000735000000, 0x0000000736000000|  0%| F|  |TAMS 0x0000000735000000, 0x0000000735000000| Untracked 
[2025-11-10T00:25:37.415+0700][9.209s][19752][19893][trace] GC(2) |  28|0x0000000736000000, 0x0000000736000000, 0x0000000737000000|  0%| F|  |TAMS 0x0000000736000000, 0x0000000736000000| Untracked 
[2025-11-10T00:25:37.415+0700][9.209s][19752][19893][trace] GC(2) |  29|0x0000000737000000, 0x0000000737000000, 0x0000000738000000|  0%| F|  |TAMS 0x0000000737000000, 0x0000000737000000| Untracked 
[2025-11-10T00:25:37.415+0700][9.209s][19752][19893][trace] GC(2) |  30|0x0000000738000000, 0x0000000738000000, 0x0000000739000000|  0%| F|  |TAMS 0x0000000738000000, 0x0000000738000000| Untracked 
[2025-11-10T00:25:37.415+0700][9.209s][19752][19893][trace] GC(2) |  31|0x0000000739000000, 0x0000000739000000, 0x000000073a000000|  0%| F|  |TAMS 0x0000000739000000, 0x0000000739000000| Untracked 
[2025-11-10T00:25:37.415+0700][9.209s][19752][19893][trace] GC(2) |  32|0x000000073a000000, 0x000000073a000000, 0x000000073b000000|  0%| F|  |TAMS 0x000000073a000000, 0x000000073a000000| Untracked 
[2025-11-10T00:25:37.415+0700][9.209s][19752][19893][trace] GC(2) |  33|0x000000073b000000, 0x000000073b000000, 0x000000073c000000|  0%| F|  |TAMS 0x000000073b000000, 0x000000073b000000| Untracked 
[2025-11-10T00:25:37.415+0700][9.209s][19752][19893][trace] GC(2) |  34|0x000000073c000000, 0x000000073c000000, 0x000000073d000000|  0%| F|  |TAMS 0x000000073c000000, 0x000000073c000000| Untracked 
[2025-11-10T00:25:37.415+0700][9.209s][19752][19893][trace] GC(2) |  35|0x000000073d000000, 0x000000073d000000, 0x000000073e000000|  0%| F|  |TAMS 0x000000073d000000, 0x000000073d000000| Untracked 
[2025-11-10T00:25:37.415+0700][9.209s][19752][19893][trace] GC(2) |  36|0x000000073e000000, 0x000000073e000000, 0x000000073f000000|  0%| F|  |TAMS 0x000000073e000000, 0x000000073e000000| Untracked 
[2025-11-10T00:25:37.415+0700][9.209s][19752][19893][trace] GC(2) |  37|0x000000073f000000, 0x000000073f000000, 0x0000000740000000|  0%| F|  |TAMS 0x000000073f000000, 0x000000073f000000| Untracked 
[2025-11-10T00:25:37.415+0700][9.209s][19752][19893][trace] GC(2) |  38|0x0000000740000000, 0x0000000740000000, 0x0000000741000000|  0%| F|  |TAMS 0x0000000740000000, 0x0000000740000000| Untracked 
[2025-11-10T00:25:37.415+0700][9.209s][19752][19893][trace] GC(2) |  39|0x0000000741000000, 0x0000000741000000, 0x0000000742000000|  0%| F|  |TAMS 0x0000000741000000, 0x0000000741000000| Untracked 
[2025-11-10T00:25:37.415+0700][9.209s][19752][19893][trace] GC(2) |  40|0x0000000742000000, 0x0000000742000000, 0x0000000743000000|  0%| F|  |TAMS 0x0000000742000000, 0x0000000742000000| Untracked 
[2025-11-10T00:25:37.415+0700][9.209s][19752][19893][trace] GC(2) |  41|0x0000000743000000, 0x0000000743000000, 0x0000000744000000|  0%| F|  |TAMS 0x0000000743000000, 0x0000000743000000| Untracked 
[2025-11-10T00:25:37.415+0700][9.209s][19752][19893][trace] GC(2) |  42|0x0000000744000000, 0x0000000744000000, 0x0000000745000000|  0%| F|  |TAMS 0x0000000744000000, 0x0000000744000000| Untracked 
[2025-11-10T00:25:37.415+0700][9.209s][19752][19893][trace] GC(2) |  43|0x0000000745000000, 0x0000000745000000, 0x0000000746000000|  0%| F|  |TAMS 0x0000000745000000, 0x0000000745000000| Untracked 
[2025-11-10T00:25:37.415+0700][9.209s][19752][19893][trace] GC(2) |  44|0x0000000746000000, 0x0000000746000000, 0x0000000747000000|  0%| F|  |TAMS 0x0000000746000000, 0x0000000746000000| Untracked 
[2025-11-10T00:25:37.415+0700][9.209s][19752][19893][trace] GC(2) |  45|0x0000000747000000, 0x0000000747000000, 0x0000000748000000|  0%| F|  |TAMS 0x0000000747000000, 0x0000000747000000| Untracked 
[2025-11-10T00:25:37.415+0700][9.209s][19752][19893][trace] GC(2) |  46|0x0000000748000000, 0x0000000748000000, 0x0000000749000000|  0%| F|  |TAMS 0x0000000748000000, 0x0000000748000000| Untracked 
[2025-11-10T00:25:37.415+0700][9.209s][19752][19893][trace] GC(2) |  47|0x0000000749000000, 0x0000000749000000, 0x000000074a000000|  0%| F|  |TAMS 0x0000000749000000, 0x0000000749000000| Untracked 
[2025-11-10T00:25:37.415+0700][9.209s][19752][19893][trace] GC(2) |  48|0x000000074a000000, 0x000000074a000000, 0x000000074b000000|  0%| F|  |TAMS 0x000000074a000000, 0x000000074a000000| Untracked 
[2025-11-10T00:25:37.415+0700][9.209s][19752][19893][trace] GC(2) |  49|0x000000074b000000, 0x000000074b000000, 0x000000074c000000|  0%| F|  |TAMS 0x000000074b000000, 0x000000074b000000| Untracked 
[2025-11-10T00:25:37.415+0700][9.209s][19752][19893][trace] GC(2) |  50|0x000000074c000000, 0x000000074c000000, 0x000000074d000000|  0%| F|  |TAMS 0x000000074c000000, 0x000000074c000000| Untracked 
[2025-11-10T00:25:37.415+0700][9.209s][19752][19893][trace] GC(2) |  51|0x000000074d000000, 0x000000074d000000, 0x000000074e000000|  0%| F|  |TAMS 0x000000074d000000, 0x000000074d000000| Untracked 
[2025-11-10T00:25:37.415+0700][9.209s][19752][19893][trace] GC(2) |  52|0x000000074e000000, 0x000000074e000000, 0x000000074f000000|  0%| F|  |TAMS 0x000000074e000000, 0x000000074e000000| Untracked 
[2025-11-10T00:25:37.415+0700][9.209s][19752][19893][trace] GC(2) |  53|0x000000074f000000, 0x000000074f000000, 0x0000000750000000|  0%| F|  |TAMS 0x000000074f000000, 0x000000074f000000| Untracked 
[2025-11-10T00:25:37.415+0700][9.209s][19752][19893][trace] GC(2) |  54|0x0000000750000000, 0x0000000750000000, 0x0000000751000000|  0%| F|  |TAMS 0x0000000750000000, 0x0000000750000000| Untracked 
[2025-11-10T00:25:37.415+0700][9.209s][19752][19893][trace] GC(2) |  55|0x0000000751000000, 0x0000000751000000, 0x0000000752000000|  0%| F|  |TAMS 0x0000000751000000, 0x0000000751000000| Untracked 
[2025-11-10T00:25:37.415+0700][9.209s][19752][19893][trace] GC(2) |  56|0x0000000752000000, 0x0000000752000000, 0x0000000753000000|  0%| F|  |TAMS 0x0000000752000000, 0x0000000752000000| Untracked 
[2025-11-10T00:25:37.415+0700][9.209s][19752][19893][trace] GC(2) |  57|0x0000000753000000, 0x0000000753000000, 0x0000000754000000|  0%| F|  |TAMS 0x0000000753000000, 0x0000000753000000| Untracked 
[2025-11-10T00:25:37.415+0700][9.209s][19752][19893][trace] GC(2) |  58|0x0000000754000000, 0x0000000754000000, 0x0000000755000000|  0%| F|  |TAMS 0x0000000754000000, 0x0000000754000000| Untracked 
[2025-11-10T00:25:37.415+0700][9.209s][19752][19893][trace] GC(2) |  59|0x0000000755000000, 0x0000000755000000, 0x0000000756000000|  0%| F|  |TAMS 0x0000000755000000, 0x0000000755000000| Untracked 
[2025-11-10T00:25:37.415+0700][9.209s][19752][19893][trace] GC(2) |  60|0x0000000756000000, 0x0000000756000000, 0x0000000757000000|  0%| F|  |TAMS 0x0000000756000000, 0x0000000756000000| Untracked 
[2025-11-10T00:25:37.415+0700][9.209s][19752][19893][trace] GC(2) |  61|0x0000000757000000, 0x0000000757000000, 0x0000000758000000|  0%| F|  |TAMS 0x0000000757000000, 0x0000000757000000| Untracked 
[2025-11-10T00:25:37.415+0700][9.209s][19752][19893][trace] GC(2) |  62|0x0000000758000000, 0x0000000758000000, 0x0000000759000000|  0%| F|  |TAMS 0x0000000758000000, 0x0000000758000000| Untracked 
[2025-11-10T00:25:37.415+0700][9.209s][19752][19893][trace] GC(2) |  63|0x0000000759000000, 0x0000000759000000, 0x000000075a000000|  0%| F|  |TAMS 0x0000000759000000, 0x0000000759000000| Untracked 
[2025-11-10T00:25:37.415+0700][9.209s][19752][19893][trace] GC(2) |  64|0x000000075a000000, 0x000000075a000000, 0x000000075b000000|  0%| F|  |TAMS 0x000000075a000000, 0x000000075a000000| Untracked 
[2025-11-10T00:25:37.415+0700][9.209s][19752][19893][trace] GC(2) |  65|0x000000075b000000, 0x000000075b000000, 0x000000075c000000|  0%| F|  |TAMS 0x000000075b000000, 0x000000075b000000| Untracked 
[2025-11-10T00:25:37.415+0700][9.209s][19752][19893][trace] GC(2) |  66|0x000000075c000000, 0x000000075c000000, 0x000000075d000000|  0%| F|  |TAMS 0x000000075c000000, 0x000000075c000000| Untracked 
[2025-11-10T00:25:37.415+0700][9.209s][19752][19893][trace] GC(2) |  67|0x000000075d000000, 0x000000075d000000, 0x000000075e000000|  0%| F|  |TAMS 0x000000075d000000, 0x000000075d000000| Untracked 
[2025-11-10T00:25:37.415+0700][9.209s][19752][19893][trace] GC(2) |  68|0x000000075e000000, 0x000000075e000000, 0x000000075f000000|  0%| F|  |TAMS 0x000000075e000000, 0x000000075e000000| Untracked 
[2025-11-10T00:25:37.415+0700][9.209s][19752][19893][trace] GC(2) |  69|0x000000075f000000, 0x000000075f000000, 0x0000000760000000|  0%| F|  |TAMS 0x000000075f000000, 0x000000075f000000| Untracked 
[2025-11-10T00:25:37.415+0700][9.209s][19752][19893][trace] GC(2) |  70|0x0000000760000000, 0x0000000760000000, 0x0000000761000000|  0%| F|  |TAMS 0x0000000760000000, 0x0000000760000000| Untracked 
[2025-11-10T00:25:37.415+0700][9.209s][19752][19893][trace] GC(2) |  71|0x0000000761000000, 0x0000000761000000, 0x0000000762000000|  0%| F|  |TAMS 0x0000000761000000, 0x0000000761000000| Untracked 
[2025-11-10T00:25:37.415+0700][9.209s][19752][19893][trace] GC(2) |  72|0x0000000762000000, 0x0000000762000000, 0x0000000763000000|  0%| F|  |TAMS 0x0000000762000000, 0x0000000762000000| Untracked 
[2025-11-10T00:25:37.415+0700][9.209s][19752][19893][trace] GC(2) |  73|0x0000000763000000, 0x0000000763000000, 0x0000000764000000|  0%| F|  |TAMS 0x0000000763000000, 0x0000000763000000| Untracked 
[2025-11-10T00:25:37.415+0700][9.209s][19752][19893][trace] GC(2) |  74|0x0000000764000000, 0x0000000764000000, 0x0000000765000000|  0%| F|  |TAMS 0x0000000764000000, 0x0000000764000000| Untracked 
[2025-11-10T00:25:37.415+0700][9.209s][19752][19893][trace] GC(2) |  75|0x0000000765000000, 0x0000000765000000, 0x0000000766000000|  0%| F|  |TAMS 0x0000000765000000, 0x0000000765000000| Untracked 
[2025-11-10T00:25:37.415+0700][9.209s][19752][19893][trace] GC(2) |  76|0x0000000766000000, 0x0000000766000000, 0x0000000767000000|  0%| F|  |TAMS 0x0000000766000000, 0x0000000766000000| Untracked 
[2025-11-10T00:25:37.415+0700][9.209s][19752][19893][trace] GC(2) |  77|0x0000000767000000, 0x0000000767000000, 0x0000000768000000|  0%| F|  |TAMS 0x0000000767000000, 0x0000000767000000| Untracked 
[2025-11-10T00:25:37.415+0700][9.209s][19752][19893][trace] GC(2) |  78|0x0000000768000000, 0x0000000768000000, 0x0000000769000000|  0%| F|  |TAMS 0x0000000768000000, 0x0000000768000000| Untracked 
[2025-11-10T00:25:37.415+0700][9.209s][19752][19893][trace] GC(2) |  79|0x0000000769000000, 0x0000000769000000, 0x000000076a000000|  0%| F|  |TAMS 0x0000000769000000, 0x0000000769000000| Untracked 
[2025-11-10T00:25:37.415+0700][9.209s][19752][19893][trace] GC(2) |  80|0x000000076a000000, 0x000000076a000000, 0x000000076b000000|  0%| F|  |TAMS 0x000000076a000000, 0x000000076a000000| Untracked 
[2025-11-10T00:25:37.415+0700][9.209s][19752][19893][trace] GC(2) |  81|0x000000076b000000, 0x000000076b000000, 0x000000076c000000|  0%| F|  |TAMS 0x000000076b000000, 0x000000076b000000| Untracked 
[2025-11-10T00:25:37.415+0700][9.210s][19752][19893][trace] GC(2) |  82|0x000000076c000000, 0x000000076c000000, 0x000000076d000000|  0%| F|  |TAMS 0x000000076c000000, 0x000000076c000000| Untracked 
[2025-11-10T00:25:37.415+0700][9.210s][19752][19893][trace] GC(2) |  83|0x000000076d000000, 0x000000076d000000, 0x000000076e000000|  0%| F|  |TAMS 0x000000076d000000, 0x000000076d000000| Untracked 
[2025-11-10T00:25:37.415+0700][9.210s][19752][19893][trace] GC(2) |  84|0x000000076e000000, 0x000000076e000000, 0x000000076f000000|  0%| F|  |TAMS 0x000000076e000000, 0x000000076e000000| Untracked 
[2025-11-10T00:25:37.415+0700][9.210s][19752][19893][trace] GC(2) |  85|0x000000076f000000, 0x000000076f000000, 0x0000000770000000|  0%| F|  |TAMS 0x000000076f000000, 0x000000076f000000| Untracked 
[2025-11-10T00:25:37.415+0700][9.210s][19752][19893][trace] GC(2) |  86|0x0000000770000000, 0x0000000770000000, 0x0000000771000000|  0%| F|  |TAMS 0x0000000770000000, 0x0000000770000000| Untracked 
[2025-11-10T00:25:37.415+0700][9.210s][19752][19893][trace] GC(2) |  87|0x0000000771000000, 0x0000000771000000, 0x0000000772000000|  0%| F|  |TAMS 0x0000000771000000, 0x0000000771000000| Untracked 
[2025-11-10T00:25:37.415+0700][9.210s][19752][19893][trace] GC(2) |  88|0x0000000772000000, 0x0000000772000000, 0x0000000773000000|  0%| F|  |TAMS 0x0000000772000000, 0x0000000772000000| Untracked 
[2025-11-10T00:25:37.416+0700][9.210s][19752][19893][trace] GC(2) |  89|0x0000000773000000, 0x0000000773000000, 0x0000000774000000|  0%| F|  |TAMS 0x0000000773000000, 0x0000000773000000| Untracked 
[2025-11-10T00:25:37.416+0700][9.210s][19752][19893][trace] GC(2) |  90|0x0000000774000000, 0x0000000774000000, 0x0000000775000000|  0%| F|  |TAMS 0x0000000774000000, 0x0000000774000000| Untracked 
[2025-11-10T00:25:37.416+0700][9.210s][19752][19893][trace] GC(2) |  91|0x0000000775000000, 0x0000000775000000, 0x0000000776000000|  0%| F|  |TAMS 0x0000000775000000, 0x0000000775000000| Untracked 
[2025-11-10T00:25:37.416+0700][9.210s][19752][19893][trace] GC(2) |  92|0x0000000776000000, 0x0000000776000000, 0x0000000777000000|  0%| F|  |TAMS 0x0000000776000000, 0x0000000776000000| Untracked 
[2025-11-10T00:25:37.416+0700][9.210s][19752][19893][trace] GC(2) |  93|0x0000000777000000, 0x0000000777000000, 0x0000000778000000|  0%| F|  |TAMS 0x0000000777000000, 0x0000000777000000| Untracked 
[2025-11-10T00:25:37.416+0700][9.210s][19752][19893][trace] GC(2) |  94|0x0000000778000000, 0x0000000778000000, 0x0000000779000000|  0%| F|  |TAMS 0x0000000778000000, 0x0000000778000000| Untracked 
[2025-11-10T00:25:37.416+0700][9.210s][19752][19893][trace] GC(2) |  95|0x0000000779000000, 0x0000000779000000, 0x000000077a000000|  0%| F|  |TAMS 0x0000000779000000, 0x0000000779000000| Untracked 
[2025-11-10T00:25:37.416+0700][9.210s][19752][19893][trace] GC(2) |  96|0x000000077a000000, 0x000000077a000000, 0x000000077b000000|  0%| F|  |TAMS 0x000000077a000000, 0x000000077a000000| Untracked 
[2025-11-10T00:25:37.416+0700][9.210s][19752][19893][trace] GC(2) |  97|0x000000077b000000, 0x000000077b000000, 0x000000077c000000|  0%| F|  |TAMS 0x000000077b000000, 0x000000077b000000| Untracked 
[2025-11-10T00:25:37.416+0700][9.210s][19752][19893][trace] GC(2) |  98|0x000000077c000000, 0x000000077c000000, 0x000000077d000000|  0%| F|  |TAMS 0x000000077c000000, 0x000000077c000000| Untracked 
[2025-11-10T00:25:37.416+0700][9.210s][19752][19893][trace] GC(2) |  99|0x000000077d000000, 0x000000077d000000, 0x000000077e000000|  0%| F|  |TAMS 0x000000077d000000, 0x000000077d000000| Untracked 
[2025-11-10T00:25:37.416+0700][9.210s][19752][19893][trace] GC(2) | 100|0x000000077e000000, 0x000000077e000000, 0x000000077f000000|  0%| F|  |TAMS 0x000000077e000000, 0x000000077e000000| Untracked 
[2025-11-10T00:25:37.416+0700][9.210s][19752][19893][trace] GC(2) | 101|0x000000077f000000, 0x000000077f000000, 0x0000000780000000|  0%| F|  |TAMS 0x000000077f000000, 0x000000077f000000| Untracked 
[2025-11-10T00:25:37.416+0700][9.210s][19752][19893][trace] GC(2) | 102|0x0000000780000000, 0x0000000780000000, 0x0000000781000000|  0%| F|  |TAMS 0x0000000780000000, 0x0000000780000000| Untracked 
[2025-11-10T00:25:37.416+0700][9.210s][19752][19893][trace] GC(2) | 103|0x0000000781000000, 0x0000000781000000, 0x0000000782000000|  0%| F|  |TAMS 0x0000000781000000, 0x0000000781000000| Untracked 
[2025-11-10T00:25:37.416+0700][9.210s][19752][19893][trace] GC(2) | 104|0x0000000782000000, 0x0000000782000000, 0x0000000783000000|  0%| F|  |TAMS 0x0000000782000000, 0x0000000782000000| Untracked 
[2025-11-10T00:25:37.416+0700][9.210s][19752][19893][trace] GC(2) | 105|0x0000000783000000, 0x0000000783000000, 0x0000000784000000|  0%| F|  |TAMS 0x0000000783000000, 0x0000000783000000| Untracked 
[2025-11-10T00:25:37.416+0700][9.210s][19752][19893][trace] GC(2) | 106|0x0000000784000000, 0x0000000784000000, 0x0000000785000000|  0%| F|  |TAMS 0x0000000784000000, 0x0000000784000000| Untracked 
[2025-11-10T00:25:37.416+0700][9.210s][19752][19893][trace] GC(2) | 107|0x0000000785000000, 0x0000000785000000, 0x0000000786000000|  0%| F|  |TAMS 0x0000000785000000, 0x0000000785000000| Untracked 
[2025-11-10T00:25:37.416+0700][9.210s][19752][19893][trace] GC(2) | 108|0x0000000786000000, 0x0000000786000000, 0x0000000787000000|  0%| F|  |TAMS 0x0000000786000000, 0x0000000786000000| Untracked 
[2025-11-10T00:25:37.416+0700][9.210s][19752][19893][trace] GC(2) | 109|0x0000000787000000, 0x0000000787000000, 0x0000000788000000|  0%| F|  |TAMS 0x0000000787000000, 0x0000000787000000| Untracked 
[2025-11-10T00:25:37.416+0700][9.210s][19752][19893][trace] GC(2) | 110|0x0000000788000000, 0x0000000788000000, 0x0000000789000000|  0%| F|  |TAMS 0x0000000788000000, 0x0000000788000000| Untracked 
[2025-11-10T00:25:37.416+0700][9.210s][19752][19893][trace] GC(2) | 111|0x0000000789000000, 0x0000000789000000, 0x000000078a000000|  0%| F|  |TAMS 0x0000000789000000, 0x0000000789000000| Untracked 
[2025-11-10T00:25:37.416+0700][9.210s][19752][19893][trace] GC(2) | 112|0x000000078a000000, 0x000000078a000000, 0x000000078b000000|  0%| F|  |TAMS 0x000000078a000000, 0x000000078a000000| Untracked 
[2025-11-10T00:25:37.416+0700][9.210s][19752][19893][trace] GC(2) | 113|0x000000078b000000, 0x000000078b000000, 0x000000078c000000|  0%| F|  |TAMS 0x000000078b000000, 0x000000078b000000| Untracked 
[2025-11-10T00:25:37.416+0700][9.210s][19752][19893][trace] GC(2) | 114|0x000000078c000000, 0x000000078c000000, 0x000000078d000000|  0%| F|  |TAMS 0x000000078c000000, 0x000000078c000000| Untracked 
[2025-11-10T00:25:37.416+0700][9.210s][19752][19893][trace] GC(2) | 115|0x000000078d000000, 0x000000078d000000, 0x000000078e000000|  0%| F|  |TAMS 0x000000078d000000, 0x000000078d000000| Untracked 
[2025-11-10T00:25:37.416+0700][9.210s][19752][19893][trace] GC(2) | 116|0x000000078e000000, 0x000000078e000000, 0x000000078f000000|  0%| F|  |TAMS 0x000000078e000000, 0x000000078e000000| Untracked 
[2025-11-10T00:25:37.416+0700][9.210s][19752][19893][trace] GC(2) | 117|0x000000078f000000, 0x000000078f000000, 0x0000000790000000|  0%| F|  |TAMS 0x000000078f000000, 0x000000078f000000| Untracked 
[2025-11-10T00:25:37.416+0700][9.210s][19752][19893][trace] GC(2) | 118|0x0000000790000000, 0x0000000790000000, 0x0000000791000000|  0%| F|  |TAMS 0x0000000790000000, 0x0000000790000000| Untracked 
[2025-11-10T00:25:37.416+0700][9.210s][19752][19893][trace] GC(2) | 119|0x0000000791000000, 0x0000000791000000, 0x0000000792000000|  0%| F|  |TAMS 0x0000000791000000, 0x0000000791000000| Untracked 
[2025-11-10T00:25:37.416+0700][9.210s][19752][19893][trace] GC(2) | 120|0x0000000792000000, 0x0000000792000000, 0x0000000793000000|  0%| F|  |TAMS 0x0000000792000000, 0x0000000792000000| Untracked 
[2025-11-10T00:25:37.416+0700][9.210s][19752][19893][trace] GC(2) | 121|0x0000000793000000, 0x0000000793000000, 0x0000000794000000|  0%| F|  |TAMS 0x0000000793000000, 0x0000000793000000| Untracked 
[2025-11-10T00:25:37.416+0700][9.210s][19752][19893][trace] GC(2) | 122|0x0000000794000000, 0x0000000794000000, 0x0000000795000000|  0%| F|  |TAMS 0x0000000794000000, 0x0000000794000000| Untracked 
[2025-11-10T00:25:37.416+0700][9.210s][19752][19893][trace] GC(2) | 123|0x0000000795000000, 0x0000000795000000, 0x0000000796000000|  0%| F|  |TAMS 0x0000000795000000, 0x0000000795000000| Untracked 
[2025-11-10T00:25:37.416+0700][9.210s][19752][19893][trace] GC(2) | 124|0x0000000796000000, 0x0000000796000000, 0x0000000797000000|  0%| F|  |TAMS 0x0000000796000000, 0x0000000796000000| Untracked 
[2025-11-10T00:25:37.416+0700][9.210s][19752][19893][trace] GC(2) | 125|0x0000000797000000, 0x0000000797000000, 0x0000000798000000|  0%| F|  |TAMS 0x0000000797000000, 0x0000000797000000| Untracked 
[2025-11-10T00:25:37.416+0700][9.210s][19752][19893][trace] GC(2) | 126|0x0000000798000000, 0x0000000798000000, 0x0000000799000000|  0%| F|  |TAMS 0x0000000798000000, 0x0000000798000000| Untracked 
[2025-11-10T00:25:37.416+0700][9.210s][19752][19893][trace] GC(2) | 127|0x0000000799000000, 0x0000000799000000, 0x000000079a000000|  0%| F|  |TAMS 0x0000000799000000, 0x0000000799000000| Untracked 
[2025-11-10T00:25:37.416+0700][9.210s][19752][19893][trace] GC(2) | 128|0x000000079a000000, 0x000000079a000000, 0x000000079b000000|  0%| F|  |TAMS 0x000000079a000000, 0x000000079a000000| Untracked 
[2025-11-10T00:25:37.416+0700][9.210s][19752][19893][trace] GC(2) | 129|0x000000079b000000, 0x000000079b000000, 0x000000079c000000|  0%| F|  |TAMS 0x000000079b000000, 0x000000079b000000| Untracked 
[2025-11-10T00:25:37.416+0700][9.210s][19752][19893][trace] GC(2) | 130|0x000000079c000000, 0x000000079c000000, 0x000000079d000000|  0%| F|  |TAMS 0x000000079c000000, 0x000000079c000000| Untracked 
[2025-11-10T00:25:37.416+0700][9.210s][19752][19893][trace] GC(2) | 131|0x000000079d000000, 0x000000079d000000, 0x000000079e000000|  0%| F|  |TAMS 0x000000079d000000, 0x000000079d000000| Untracked 
[2025-11-10T00:25:37.416+0700][9.210s][19752][19893][trace] GC(2) | 132|0x000000079e000000, 0x000000079e000000, 0x000000079f000000|  0%| F|  |TAMS 0x000000079e000000, 0x000000079e000000| Untracked 
[2025-11-10T00:25:37.416+0700][9.210s][19752][19893][trace] GC(2) | 133|0x000000079f000000, 0x000000079f000000, 0x00000007a0000000|  0%| F|  |TAMS 0x000000079f000000, 0x000000079f000000| Untracked 
[2025-11-10T00:25:37.416+0700][9.210s][19752][19893][trace] GC(2) | 134|0x00000007a0000000, 0x00000007a0000000, 0x00000007a1000000|  0%| F|  |TAMS 0x00000007a0000000, 0x00000007a0000000| Untracked 
[2025-11-10T00:25:37.416+0700][9.210s][19752][19893][trace] GC(2) | 135|0x00000007a1000000, 0x00000007a1000000, 0x00000007a2000000|  0%| F|  |TAMS 0x00000007a1000000, 0x00000007a1000000| Untracked 
[2025-11-10T00:25:37.416+0700][9.210s][19752][19893][trace] GC(2) | 136|0x00000007a2000000, 0x00000007a2000000, 0x00000007a3000000|  0%| F|  |TAMS 0x00000007a2000000, 0x00000007a2000000| Untracked 
[2025-11-10T00:25:37.416+0700][9.210s][19752][19893][trace] GC(2) | 137|0x00000007a3000000, 0x00000007a3000000, 0x00000007a4000000|  0%| F|  |TAMS 0x00000007a3000000, 0x00000007a3000000| Untracked 
[2025-11-10T00:25:37.416+0700][9.210s][19752][19893][trace] GC(2) | 138|0x00000007a4000000, 0x00000007a4000000, 0x00000007a5000000|  0%| F|  |TAMS 0x00000007a4000000, 0x00000007a4000000| Untracked 
[2025-11-10T00:25:37.416+0700][9.210s][19752][19893][trace] GC(2) | 139|0x00000007a5000000, 0x00000007a5000000, 0x00000007a6000000|  0%| F|  |TAMS 0x00000007a5000000, 0x00000007a5000000| Untracked 
[2025-11-10T00:25:37.416+0700][9.210s][19752][19893][trace] GC(2) | 140|0x00000007a6000000, 0x00000007a6000000, 0x00000007a7000000|  0%| F|  |TAMS 0x00000007a6000000, 0x00000007a6000000| Untracked 
[2025-11-10T00:25:37.416+0700][9.210s][19752][19893][trace] GC(2) | 141|0x00000007a7000000, 0x00000007a7000000, 0x00000007a8000000|  0%| F|  |TAMS 0x00000007a7000000, 0x00000007a7000000| Untracked 
[2025-11-10T00:25:37.416+0700][9.210s][19752][19893][trace] GC(2) | 142|0x00000007a8000000, 0x00000007a8000000, 0x00000007a9000000|  0%| F|  |TAMS 0x00000007a8000000, 0x00000007a8000000| Untracked 
[2025-11-10T00:25:37.416+0700][9.210s][19752][19893][trace] GC(2) | 143|0x00000007a9000000, 0x00000007a9000000, 0x00000007aa000000|  0%| F|  |TAMS 0x00000007a9000000, 0x00000007a9000000| Untracked 
[2025-11-10T00:25:37.416+0700][9.210s][19752][19893][trace] GC(2) | 144|0x00000007aa000000, 0x00000007aa000000, 0x00000007ab000000|  0%| F|  |TAMS 0x00000007aa000000, 0x00000007aa000000| Untracked 
[2025-11-10T00:25:37.416+0700][9.210s][19752][19893][trace] GC(2) | 145|0x00000007ab000000, 0x00000007ab000000, 0x00000007ac000000|  0%| F|  |TAMS 0x00000007ab000000, 0x00000007ab000000| Untracked 
[2025-11-10T00:25:37.416+0700][9.210s][19752][19893][trace] GC(2) | 146|0x00000007ac000000, 0x00000007ac000000, 0x00000007ad000000|  0%| F|  |TAMS 0x00000007ac000000, 0x00000007ac000000| Untracked 
[2025-11-10T00:25:37.416+0700][9.210s][19752][19893][trace] GC(2) | 147|0x00000007ad000000, 0x00000007ad000000, 0x00000007ae000000|  0%| F|  |TAMS 0x00000007ad000000, 0x00000007ad000000| Untracked 
[2025-11-10T00:25:37.416+0700][9.210s][19752][19893][trace] GC(2) | 148|0x00000007ae000000, 0x00000007ae000000, 0x00000007af000000|  0%| F|  |TAMS 0x00000007ae000000, 0x00000007ae000000| Untracked 
[2025-11-10T00:25:37.416+0700][9.210s][19752][19893][trace] GC(2) | 149|0x00000007af000000, 0x00000007af000000, 0x00000007b0000000|  0%| F|  |TAMS 0x00000007af000000, 0x00000007af000000| Untracked 
[2025-11-10T00:25:37.416+0700][9.210s][19752][19893][trace] GC(2) | 150|0x00000007b0000000, 0x00000007b0000000, 0x00000007b1000000|  0%| F|  |TAMS 0x00000007b0000000, 0x00000007b0000000| Untracked 
[2025-11-10T00:25:37.416+0700][9.210s][19752][19893][trace] GC(2) | 151|0x00000007b1000000, 0x00000007b1000000, 0x00000007b2000000|  0%| F|  |TAMS 0x00000007b1000000, 0x00000007b1000000| Untracked 
[2025-11-10T00:25:37.416+0700][9.210s][19752][19893][trace] GC(2) | 152|0x00000007b2000000, 0x00000007b2000000, 0x00000007b3000000|  0%| F|  |TAMS 0x00000007b2000000, 0x00000007b2000000| Untracked 
[2025-11-10T00:25:37.416+0700][9.210s][19752][19893][trace] GC(2) | 153|0x00000007b3000000, 0x00000007b3000000, 0x00000007b4000000|  0%| F|  |TAMS 0x00000007b3000000, 0x00000007b3000000| Untracked 
[2025-11-10T00:25:37.416+0700][9.210s][19752][19893][trace] GC(2) | 154|0x00000007b4000000, 0x00000007b4000000, 0x00000007b5000000|  0%| F|  |TAMS 0x00000007b4000000, 0x00000007b4000000| Untracked 
[2025-11-10T00:25:37.416+0700][9.210s][19752][19893][trace] GC(2) | 155|0x00000007b5000000, 0x00000007b5000000, 0x00000007b6000000|  0%| F|  |TAMS 0x00000007b5000000, 0x00000007b5000000| Untracked 
[2025-11-10T00:25:37.416+0700][9.210s][19752][19893][trace] GC(2) | 156|0x00000007b6000000, 0x00000007b6000000, 0x00000007b7000000|  0%| F|  |TAMS 0x00000007b6000000, 0x00000007b6000000| Untracked 
[2025-11-10T00:25:37.416+0700][9.210s][19752][19893][trace] GC(2) | 157|0x00000007b7000000, 0x00000007b7000000, 0x00000007b8000000|  0%| F|  |TAMS 0x00000007b7000000, 0x00000007b7000000| Untracked 
[2025-11-10T00:25:37.416+0700][9.211s][19752][19893][trace] GC(2) | 158|0x00000007b8000000, 0x00000007b8000000, 0x00000007b9000000|  0%| F|  |TAMS 0x00000007b8000000, 0x00000007b8000000| Untracked 
[2025-11-10T00:25:37.416+0700][9.211s][19752][19893][trace] GC(2) | 159|0x00000007b9000000, 0x00000007b9000000, 0x00000007ba000000|  0%| F|  |TAMS 0x00000007b9000000, 0x00000007b9000000| Untracked 
[2025-11-10T00:25:37.416+0700][9.211s][19752][19893][trace] GC(2) | 160|0x00000007ba000000, 0x00000007ba000000, 0x00000007bb000000|  0%| F|  |TAMS 0x00000007ba000000, 0x00000007ba000000| Untracked 
[2025-11-10T00:25:37.416+0700][9.211s][19752][19893][trace] GC(2) | 161|0x00000007bb000000, 0x00000007bb000000, 0x00000007bc000000|  0%| F|  |TAMS 0x00000007bb000000, 0x00000007bb000000| Untracked 
[2025-11-10T00:25:37.416+0700][9.211s][19752][19893][trace] GC(2) | 162|0x00000007bc000000, 0x00000007bc000000, 0x00000007bd000000|  0%| F|  |TAMS 0x00000007bc000000, 0x00000007bc000000| Untracked 
[2025-11-10T00:25:37.416+0700][9.211s][19752][19893][trace] GC(2) | 163|0x00000007bd000000, 0x00000007bd000000, 0x00000007be000000|  0%| F|  |TAMS 0x00000007bd000000, 0x00000007bd000000| Untracked 
[2025-11-10T00:25:37.416+0700][9.211s][19752][19893][trace] GC(2) | 164|0x00000007be000000, 0x00000007be000000, 0x00000007bf000000|  0%| F|  |TAMS 0x00000007be000000, 0x00000007be000000| Untracked 
[2025-11-10T00:25:37.416+0700][9.211s][19752][19893][trace] GC(2) | 165|0x00000007bf000000, 0x00000007bf000000, 0x00000007c0000000|  0%| F|  |TAMS 0x00000007bf000000, 0x00000007bf000000| Untracked 
[2025-11-10T00:25:37.416+0700][9.211s][19752][19893][trace] GC(2) | 166|0x00000007c0000000, 0x00000007c0000000, 0x00000007c1000000|  0%| F|  |TAMS 0x00000007c0000000, 0x00000007c0000000| Untracked 
[2025-11-10T00:25:37.416+0700][9.211s][19752][19893][trace] GC(2) | 167|0x00000007c1000000, 0x00000007c1000000, 0x00000007c2000000|  0%| F|  |TAMS 0x00000007c1000000, 0x00000007c1000000| Untracked 
[2025-11-10T00:25:37.416+0700][9.211s][19752][19893][trace] GC(2) | 168|0x00000007c2000000, 0x00000007c2000000, 0x00000007c3000000|  0%| F|  |TAMS 0x00000007c2000000, 0x00000007c2000000| Untracked 
[2025-11-10T00:25:37.416+0700][9.211s][19752][19893][trace] GC(2) | 169|0x00000007c3000000, 0x00000007c3000000, 0x00000007c4000000|  0%| F|  |TAMS 0x00000007c3000000, 0x00000007c3000000| Untracked 
[2025-11-10T00:25:37.416+0700][9.211s][19752][19893][trace] GC(2) | 170|0x00000007c4000000, 0x00000007c4000000, 0x00000007c5000000|  0%| F|  |TAMS 0x00000007c4000000, 0x00000007c4000000| Untracked 
[2025-11-10T00:25:37.417+0700][9.211s][19752][19893][trace] GC(2) | 171|0x00000007c5000000, 0x00000007c5000000, 0x00000007c6000000|  0%| F|  |TAMS 0x00000007c5000000, 0x00000007c5000000| Untracked 
[2025-11-10T00:25:37.417+0700][9.211s][19752][19893][trace] GC(2) | 172|0x00000007c6000000, 0x00000007c6000000, 0x00000007c7000000|  0%| F|  |TAMS 0x00000007c6000000, 0x00000007c6000000| Untracked 
[2025-11-10T00:25:37.417+0700][9.211s][19752][19893][trace] GC(2) | 173|0x00000007c7000000, 0x00000007c7000000, 0x00000007c8000000|  0%| F|  |TAMS 0x00000007c7000000, 0x00000007c7000000| Untracked 
[2025-11-10T00:25:37.417+0700][9.211s][19752][19893][trace] GC(2) | 174|0x00000007c8000000, 0x00000007c8000000, 0x00000007c9000000|  0%| F|  |TAMS 0x00000007c8000000, 0x00000007c8000000| Untracked 
[2025-11-10T00:25:37.417+0700][9.211s][19752][19893][trace] GC(2) | 175|0x00000007c9000000, 0x00000007c9000000, 0x00000007ca000000|  0%| F|  |TAMS 0x00000007c9000000, 0x00000007c9000000| Untracked 
[2025-11-10T00:25:37.417+0700][9.211s][19752][19893][trace] GC(2) | 176|0x00000007ca000000, 0x00000007ca000000, 0x00000007cb000000|  0%| F|  |TAMS 0x00000007ca000000, 0x00000007ca000000| Untracked 
[2025-11-10T00:25:37.417+0700][9.211s][19752][19893][trace] GC(2) | 177|0x00000007cb000000, 0x00000007cb000000, 0x00000007cc000000|  0%| F|  |TAMS 0x00000007cb000000, 0x00000007cb000000| Untracked 
[2025-11-10T00:25:37.417+0700][9.211s][19752][19893][trace] GC(2) | 178|0x00000007cc000000, 0x00000007cc000000, 0x00000007cd000000|  0%| F|  |TAMS 0x00000007cc000000, 0x00000007cc000000| Untracked 
[2025-11-10T00:25:37.417+0700][9.211s][19752][19893][trace] GC(2) | 179|0x00000007cd000000, 0x00000007cd000000, 0x00000007ce000000|  0%| F|  |TAMS 0x00000007cd000000, 0x00000007cd000000| Untracked 
[2025-11-10T00:25:37.417+0700][9.211s][19752][19893][trace] GC(2) | 180|0x00000007ce000000, 0x00000007ce000000, 0x00000007cf000000|  0%| F|  |TAMS 0x00000007ce000000, 0x00000007ce000000| Untracked 
[2025-11-10T00:25:37.417+0700][9.211s][19752][19893][trace] GC(2) | 181|0x00000007cf000000, 0x00000007cf000000, 0x00000007d0000000|  0%| F|  |TAMS 0x00000007cf000000, 0x00000007cf000000| Untracked 
[2025-11-10T00:25:37.417+0700][9.211s][19752][19893][trace] GC(2) | 182|0x00000007d0000000, 0x00000007d0000000, 0x00000007d1000000|  0%| F|  |TAMS 0x00000007d0000000, 0x00000007d0000000| Untracked 
[2025-11-10T00:25:37.417+0700][9.211s][19752][19893][trace] GC(2) | 183|0x00000007d1000000, 0x00000007d1000000, 0x00000007d2000000|  0%| F|  |TAMS 0x00000007d1000000, 0x00000007d1000000| Untracked 
[2025-11-10T00:25:37.417+0700][9.211s][19752][19893][trace] GC(2) | 184|0x00000007d2000000, 0x00000007d2000000, 0x00000007d3000000|  0%| F|  |TAMS 0x00000007d2000000, 0x00000007d2000000| Untracked 
[2025-11-10T00:25:37.417+0700][9.211s][19752][19893][trace] GC(2) | 185|0x00000007d3000000, 0x00000007d3000000, 0x00000007d4000000|  0%| F|  |TAMS 0x00000007d3000000, 0x00000007d3000000| Untracked 
[2025-11-10T00:25:37.417+0700][9.211s][19752][19893][trace] GC(2) | 186|0x00000007d4000000, 0x00000007d4000000, 0x00000007d5000000|  0%| F|  |TAMS 0x00000007d4000000, 0x00000007d4000000| Untracked 
[2025-11-10T00:25:37.417+0700][9.211s][19752][19893][trace] GC(2) | 187|0x00000007d5000000, 0x00000007d5000000, 0x00000007d6000000|  0%| F|  |TAMS 0x00000007d5000000, 0x00000007d5000000| Untracked 
[2025-11-10T00:25:37.417+0700][9.211s][19752][19893][trace] GC(2) | 188|0x00000007d6000000, 0x00000007d6000000, 0x00000007d7000000|  0%| F|  |TAMS 0x00000007d6000000, 0x00000007d6000000| Untracked 
[2025-11-10T00:25:37.417+0700][9.211s][19752][19893][trace] GC(2) | 189|0x00000007d7000000, 0x00000007d7000000, 0x00000007d8000000|  0%| F|  |TAMS 0x00000007d7000000, 0x00000007d7000000| Untracked 
[2025-11-10T00:25:37.417+0700][9.211s][19752][19893][trace] GC(2) | 190|0x00000007d8000000, 0x00000007d8000000, 0x00000007d9000000|  0%| F|  |TAMS 0x00000007d8000000, 0x00000007d8000000| Untracked 
[2025-11-10T00:25:37.417+0700][9.211s][19752][19893][trace] GC(2) | 191|0x00000007d9000000, 0x00000007d9000000, 0x00000007da000000|  0%| F|  |TAMS 0x00000007d9000000, 0x00000007d9000000| Untracked 
[2025-11-10T00:25:37.417+0700][9.211s][19752][19893][trace] GC(2) | 192|0x00000007da000000, 0x00000007da000000, 0x00000007db000000|  0%| F|  |TAMS 0x00000007da000000, 0x00000007da000000| Untracked 
[2025-11-10T00:25:37.417+0700][9.211s][19752][19893][trace] GC(2) | 193|0x00000007db000000, 0x00000007db000000, 0x00000007dc000000|  0%| F|  |TAMS 0x00000007db000000, 0x00000007db000000| Untracked 
[2025-11-10T00:25:37.417+0700][9.211s][19752][19893][trace] GC(2) | 194|0x00000007dc000000, 0x00000007dc000000, 0x00000007dd000000|  0%| F|  |TAMS 0x00000007dc000000, 0x00000007dc000000| Untracked 
[2025-11-10T00:25:37.417+0700][9.211s][19752][19893][trace] GC(2) | 195|0x00000007dd000000, 0x00000007dd000000, 0x00000007de000000|  0%| F|  |TAMS 0x00000007dd000000, 0x00000007dd000000| Untracked 
[2025-11-10T00:25:37.417+0700][9.211s][19752][19893][trace] GC(2) | 196|0x00000007de000000, 0x00000007de000000, 0x00000007df000000|  0%| F|  |TAMS 0x00000007de000000, 0x00000007de000000| Untracked 
[2025-11-10T00:25:37.417+0700][9.211s][19752][19893][trace] GC(2) | 197|0x00000007df000000, 0x00000007df000000, 0x00000007e0000000|  0%| F|  |TAMS 0x00000007df000000, 0x00000007df000000| Untracked 
[2025-11-10T00:25:37.417+0700][9.211s][19752][19893][trace] GC(2) | 198|0x00000007e0000000, 0x00000007e0000000, 0x00000007e1000000|  0%| F|  |TAMS 0x00000007e0000000, 0x00000007e0000000| Untracked 
[2025-11-10T00:25:37.417+0700][9.211s][19752][19893][trace] GC(2) | 199|0x00000007e1000000, 0x00000007e1000000, 0x00000007e2000000|  0%| F|  |TAMS 0x00000007e1000000, 0x00000007e1000000| Untracked 
[2025-11-10T00:25:37.417+0700][9.211s][19752][19893][trace] GC(2) | 200|0x00000007e2000000, 0x00000007e2000000, 0x00000007e3000000|  0%| F|  |TAMS 0x00000007e2000000, 0x00000007e2000000| Untracked 
[2025-11-10T00:25:37.417+0700][9.211s][19752][19893][trace] GC(2) | 201|0x00000007e3000000, 0x00000007e3000000, 0x00000007e4000000|  0%| F|  |TAMS 0x00000007e3000000, 0x00000007e3000000| Untracked 
[2025-11-10T00:25:37.417+0700][9.211s][19752][19893][trace] GC(2) | 202|0x00000007e4000000, 0x00000007e4000000, 0x00000007e5000000|  0%| F|  |TAMS 0x00000007e4000000, 0x00000007e4000000| Untracked 
[2025-11-10T00:25:37.417+0700][9.211s][19752][19893][trace] GC(2) | 203|0x00000007e5000000, 0x00000007e5000000, 0x00000007e6000000|  0%| F|  |TAMS 0x00000007e5000000, 0x00000007e5000000| Untracked 
[2025-11-10T00:25:37.417+0700][9.211s][19752][19893][trace] GC(2) | 204|0x00000007e6000000, 0x00000007e6000000, 0x00000007e7000000|  0%| F|  |TAMS 0x00000007e6000000, 0x00000007e6000000| Untracked 
[2025-11-10T00:25:37.417+0700][9.211s][19752][19893][trace] GC(2) | 205|0x00000007e7000000, 0x00000007e7000000, 0x00000007e8000000|  0%| F|  |TAMS 0x00000007e7000000, 0x00000007e7000000| Untracked 
[2025-11-10T00:25:37.417+0700][9.211s][19752][19893][trace] GC(2) | 206|0x00000007e8000000, 0x00000007e8000000, 0x00000007e9000000|  0%| F|  |TAMS 0x00000007e8000000, 0x00000007e8000000| Untracked 
[2025-11-10T00:25:37.417+0700][9.211s][19752][19893][trace] GC(2) | 207|0x00000007e9000000, 0x00000007e9000000, 0x00000007ea000000|  0%| F|  |TAMS 0x00000007e9000000, 0x00000007e9000000| Untracked 
[2025-11-10T00:25:37.417+0700][9.211s][19752][19893][trace] GC(2) | 208|0x00000007ea000000, 0x00000007eafdce70, 0x00000007eb000000| 99%| E|  |TAMS 0x00000007ea000000, 0x00000007ea000000| Complete 
[2025-11-10T00:25:37.417+0700][9.211s][19752][19893][trace] GC(2) | 209|0x00000007eb000000, 0x00000007ec000000, 0x00000007ec000000|100%| E|CS|TAMS 0x00000007eb000000, 0x00000007eb000000| Complete 
[2025-11-10T00:25:37.417+0700][9.211s][19752][19893][trace] GC(2) | 210|0x00000007ec000000, 0x00000007ed000000, 0x00000007ed000000|100%| E|CS|TAMS 0x00000007ec000000, 0x00000007ec000000| Complete 
[2025-11-10T00:25:37.417+0700][9.211s][19752][19893][trace] GC(2) | 211|0x00000007ed000000, 0x00000007ee000000, 0x00000007ee000000|100%| E|  |TAMS 0x00000007ed000000, 0x00000007ed000000| Complete 
[2025-11-10T00:25:37.417+0700][9.211s][19752][19893][trace] GC(2) | 212|0x00000007ee000000, 0x00000007ef000000, 0x00000007ef000000|100%| E|CS|TAMS 0x00000007ee000000, 0x00000007ee000000| Complete 
[2025-11-10T00:25:37.417+0700][9.211s][19752][19893][trace] GC(2) | 213|0x00000007ef000000, 0x00000007f0000000, 0x00000007f0000000|100%| E|CS|TAMS 0x00000007ef000000, 0x00000007ef000000| Complete 
[2025-11-10T00:25:37.417+0700][9.211s][19752][19893][trace] GC(2) | 214|0x00000007f0000000, 0x00000007f1000000, 0x00000007f1000000|100%| E|CS|TAMS 0x00000007f0000000, 0x00000007f0000000| Complete 
[2025-11-10T00:25:37.417+0700][9.211s][19752][19893][trace] GC(2) | 215|0x00000007f1000000, 0x00000007f2000000, 0x00000007f2000000|100%| E|CS|TAMS 0x00000007f1000000, 0x00000007f1000000| Complete 
[2025-11-10T00:25:37.417+0700][9.211s][19752][19893][trace] GC(2) | 216|0x00000007f2000000, 0x00000007f3000000, 0x00000007f3000000|100%| E|CS|TAMS 0x00000007f2000000, 0x00000007f2000000| Complete 
[2025-11-10T00:25:37.417+0700][9.211s][19752][19893][trace] GC(2) | 217|0x00000007f3000000, 0x00000007f3bb3350, 0x00000007f4000000| 73%| S|CS|TAMS 0x00000007f3000000, 0x00000007f3000000| Complete 
[2025-11-10T00:25:37.417+0700][9.211s][19752][19893][trace] GC(2) | 218|0x00000007f4000000, 0x00000007f5000000, 0x00000007f5000000|100%| E|CS|TAMS 0x00000007f4000000, 0x00000007f4000000| Complete 
[2025-11-10T00:25:37.417+0700][9.211s][19752][19893][trace] GC(2) | 219|0x00000007f5000000, 0x00000007f6000000, 0x00000007f6000000|100%| E|CS|TAMS 0x00000007f5000000, 0x00000007f5000000| Complete 
[2025-11-10T00:25:37.417+0700][9.211s][19752][19893][trace] GC(2) | 220|0x00000007f6000000, 0x00000007f7000000, 0x00000007f7000000|100%| E|CS|TAMS 0x00000007f6000000, 0x00000007f6000000| Complete 
[2025-11-10T00:25:37.417+0700][9.211s][19752][19893][trace] GC(2) | 221|0x00000007f7000000, 0x00000007f8000000, 0x00000007f8000000|100%| E|CS|TAMS 0x00000007f7000000, 0x00000007f7000000| Complete 
[2025-11-10T00:25:37.417+0700][9.211s][19752][19893][trace] GC(2) | 222|0x00000007f8000000, 0x00000007f9000000, 0x00000007f9000000|100%| E|CS|TAMS 0x00000007f8000000, 0x00000007f8000000| Complete 
[2025-11-10T00:25:37.417+0700][9.211s][19752][19893][trace] GC(2) | 223|0x00000007f9000000, 0x00000007fa000000, 0x00000007fa000000|100%| E|CS|TAMS 0x00000007f9000000, 0x00000007f9000000| Complete 
[2025-11-10T00:25:37.417+0700][9.211s][19752][19893][trace] GC(2) | 224|0x00000007fa000000, 0x00000007fb000000, 0x00000007fb000000|100%| E|CS|TAMS 0x00000007fa000000, 0x00000007fa000000| Complete 
[2025-11-10T00:25:37.417+0700][9.211s][19752][19893][trace] GC(2) | 225|0x00000007fb000000, 0x00000007fc000000, 0x00000007fc000000|100%| E|CS|TAMS 0x00000007fb000000, 0x00000007fb000000| Complete 
[2025-11-10T00:25:37.417+0700][9.211s][19752][19893][trace] GC(2) | 226|0x00000007fc000000, 0x00000007fd000000, 0x00000007fd000000|100%| E|CS|TAMS 0x00000007fc000000, 0x00000007fc000000| Complete 
[2025-11-10T00:25:37.417+0700][9.211s][19752][19893][trace] GC(2) | 227|0x00000007fd000000, 0x00000007fe000000, 0x00000007fe000000|100%| E|CS|TAMS 0x00000007fd000000, 0x00000007fd000000| Complete 
[2025-11-10T00:25:37.417+0700][9.211s][19752][19893][trace] GC(2) | 228|0x00000007fe000000, 0x00000007fef48000, 0x00000007ff000000| 95%|OA|  |TAMS 0x00000007fef48000, 0x00000007fe000000| Untracked 
[2025-11-10T00:25:37.417+0700][9.211s][19752][19893][trace] GC(2) | 229|0x00000007ff000000, 0x00000007ff06c000, 0x0000000800000000|  2%|CA|  |TAMS 0x00000007ff06c000, 0x00000007ff000000| Untracked 
[2025-11-10T00:25:37.417+0700][9.211s][19752][19893][debug] GC(2) Desired survivor size 125829120 bytes, new threshold 2 (max threshold 2)
[2025-11-10T00:25:37.434+0700][9.228s][19752][19893][info ] GC(2) Eden regions: 19->0(114)
[2025-11-10T00:25:37.434+0700][9.228s][19752][19893][trace] GC(2)  Used: 0K, Waste: 0K
[2025-11-10T00:25:37.434+0700][9.228s][19752][19893][info ] GC(2) Survivor regions: 1->1(15)
[2025-11-10T00:25:37.434+0700][9.228s][19752][19893][trace] GC(2)  Used: 14880K, Waste: 1503K
[2025-11-10T00:25:37.434+0700][9.228s][19752][19893][info ] GC(2) Old regions: 2->2
[2025-11-10T00:25:37.434+0700][9.228s][19752][19893][trace] GC(2)  Used: 16080K, Waste: 16688K
[2025-11-10T00:25:37.434+0700][9.228s][19752][19893][info ] GC(2) Humongous regions: 0->0
[2025-11-10T00:25:37.434+0700][9.228s][19752][19893][trace] GC(2)  Used: 0K, Waste: 0K
[2025-11-10T00:25:37.434+0700][9.228s][19752][19893][debug] GC(2) Heap after GC invocations=3 (full 0): garbage-first heap   total 3768320K, used 30960K [0x000000071a000000, 0x0000000800000000)
[2025-11-10T00:25:37.434+0700][9.228s][19752][19893][debug] GC(2)   region size 16384K, 1 young (16384K), 1 survivors (16384K)
[2025-11-10T00:25:37.434+0700][9.228s][19752][19893][debug] GC(2)  Metaspace       used 34618K, capacity 35786K, committed 35840K, reserved 1081344K
[2025-11-10T00:25:37.434+0700][9.228s][19752][19893][debug] GC(2)   class space    used 3945K, capacity 4477K, committed 4480K, reserved 1048576K
[2025-11-10T00:25:37.434+0700][9.228s][19752][19893][trace] GC(2) Heap Regions: E=young(eden), S=young(survivor), O=old, HS=humongous(starts), HC=humongous(continues), CS=collection set, F=free, A=archive, TAMS=top-at-mark-start (previous, next)
[2025-11-10T00:25:37.434+0700][9.228s][19752][19893][trace] GC(2) |   0|0x000000071a000000, 0x000000071a000000, 0x000000071b000000|  0%| F|  |TAMS 0x000000071a000000, 0x000000071a000000| Untracked 
[2025-11-10T00:25:37.434+0700][9.228s][19752][19893][trace] GC(2) |   1|0x000000071b000000, 0x000000071b000000, 0x000000071c000000|  0%| F|  |TAMS 0x000000071b000000, 0x000000071b000000| Untracked 
[2025-11-10T00:25:37.434+0700][9.228s][19752][19893][trace] GC(2) |   2|0x000000071c000000, 0x000000071c000000, 0x000000071d000000|  0%| F|  |TAMS 0x000000071c000000, 0x000000071c000000| Untracked 
[2025-11-10T00:25:37.434+0700][9.228s][19752][19893][trace] GC(2) |   3|0x000000071d000000, 0x000000071d000000, 0x000000071e000000|  0%| F|  |TAMS 0x000000071d000000, 0x000000071d000000| Untracked 
[2025-11-10T00:25:37.434+0700][9.228s][19752][19893][trace] GC(2) |   4|0x000000071e000000, 0x000000071e000000, 0x000000071f000000|  0%| F|  |TAMS 0x000000071e000000, 0x000000071e000000| Untracked 
[2025-11-10T00:25:37.434+0700][9.228s][19752][19893][trace] GC(2) |   5|0x000000071f000000, 0x000000071f000000, 0x0000000720000000|  0%| F|  |TAMS 0x000000071f000000, 0x000000071f000000| Untracked 
[2025-11-10T00:25:37.434+0700][9.228s][19752][19893][trace] GC(2) |   6|0x0000000720000000, 0x0000000720000000, 0x0000000721000000|  0%| F|  |TAMS 0x0000000720000000, 0x0000000720000000| Untracked 
[2025-11-10T00:25:37.434+0700][9.228s][19752][19893][trace] GC(2) |   7|0x0000000721000000, 0x0000000721000000, 0x0000000722000000|  0%| F|  |TAMS 0x0000000721000000, 0x0000000721000000| Untracked 
[2025-11-10T00:25:37.434+0700][9.228s][19752][19893][trace] GC(2) |   8|0x0000000722000000, 0x0000000722000000, 0x0000000723000000|  0%| F|  |TAMS 0x0000000722000000, 0x0000000722000000| Untracked 
[2025-11-10T00:25:37.434+0700][9.228s][19752][19893][trace] GC(2) |   9|0x0000000723000000, 0x0000000723000000, 0x0000000724000000|  0%| F|  |TAMS 0x0000000723000000, 0x0000000723000000| Untracked 
[2025-11-10T00:25:37.434+0700][9.228s][19752][19893][trace] GC(2) |  10|0x0000000724000000, 0x0000000724000000, 0x0000000725000000|  0%| F|  |TAMS 0x0000000724000000, 0x0000000724000000| Untracked 
[2025-11-10T00:25:37.434+0700][9.228s][19752][19893][trace] GC(2) |  11|0x0000000725000000, 0x0000000725000000, 0x0000000726000000|  0%| F|  |TAMS 0x0000000725000000, 0x0000000725000000| Untracked 
[2025-11-10T00:25:37.434+0700][9.228s][19752][19893][trace] GC(2) |  12|0x0000000726000000, 0x0000000726000000, 0x0000000727000000|  0%| F|  |TAMS 0x0000000726000000, 0x0000000726000000| Untracked 
[2025-11-10T00:25:37.434+0700][9.228s][19752][19893][trace] GC(2) |  13|0x0000000727000000, 0x0000000727000000, 0x0000000728000000|  0%| F|  |TAMS 0x0000000727000000, 0x0000000727000000| Untracked 
[2025-11-10T00:25:37.434+0700][9.228s][19752][19893][trace] GC(2) |  14|0x0000000728000000, 0x0000000728000000, 0x0000000729000000|  0%| F|  |TAMS 0x0000000728000000, 0x0000000728000000| Untracked 
[2025-11-10T00:25:37.434+0700][9.228s][19752][19893][trace] GC(2) |  15|0x0000000729000000, 0x0000000729000000, 0x000000072a000000|  0%| F|  |TAMS 0x0000000729000000, 0x0000000729000000| Untracked 
[2025-11-10T00:25:37.434+0700][9.228s][19752][19893][trace] GC(2) |  16|0x000000072a000000, 0x000000072a000000, 0x000000072b000000|  0%| F|  |TAMS 0x000000072a000000, 0x000000072a000000| Untracked 
[2025-11-10T00:25:37.434+0700][9.228s][19752][19893][trace] GC(2) |  17|0x000000072b000000, 0x000000072b000000, 0x000000072c000000|  0%| F|  |TAMS 0x000000072b000000, 0x000000072b000000| Untracked 
[2025-11-10T00:25:37.434+0700][9.228s][19752][19893][trace] GC(2) |  18|0x000000072c000000, 0x000000072c000000, 0x000000072d000000|  0%| F|  |TAMS 0x000000072c000000, 0x000000072c000000| Untracked 
[2025-11-10T00:25:37.434+0700][9.228s][19752][19893][trace] GC(2) |  19|0x000000072d000000, 0x000000072d000000, 0x000000072e000000|  0%| F|  |TAMS 0x000000072d000000, 0x000000072d000000| Untracked 
[2025-11-10T00:25:37.434+0700][9.228s][19752][19893][trace] GC(2) |  20|0x000000072e000000, 0x000000072e000000, 0x000000072f000000|  0%| F|  |TAMS 0x000000072e000000, 0x000000072e000000| Untracked 
[2025-11-10T00:25:37.434+0700][9.228s][19752][19893][trace] GC(2) |  21|0x000000072f000000, 0x000000072f000000, 0x0000000730000000|  0%| F|  |TAMS 0x000000072f000000, 0x000000072f000000| Untracked 
[2025-11-10T00:25:37.434+0700][9.228s][19752][19893][trace] GC(2) |  22|0x0000000730000000, 0x0000000730000000, 0x0000000731000000|  0%| F|  |TAMS 0x0000000730000000, 0x0000000730000000| Untracked 
[2025-11-10T00:25:37.434+0700][9.228s][19752][19893][trace] GC(2) |  23|0x0000000731000000, 0x0000000731000000, 0x0000000732000000|  0%| F|  |TAMS 0x0000000731000000, 0x0000000731000000| Untracked 
[2025-11-10T00:25:37.434+0700][9.228s][19752][19893][trace] GC(2) |  24|0x0000000732000000, 0x0000000732000000, 0x0000000733000000|  0%| F|  |TAMS 0x0000000732000000, 0x0000000732000000| Untracked 
[2025-11-10T00:25:37.434+0700][9.228s][19752][19893][trace] GC(2) |  25|0x0000000733000000, 0x0000000733000000, 0x0000000734000000|  0%| F|  |TAMS 0x0000000733000000, 0x0000000733000000| Untracked 
[2025-11-10T00:25:37.434+0700][9.228s][19752][19893][trace] GC(2) |  26|0x0000000734000000, 0x0000000734000000, 0x0000000735000000|  0%| F|  |TAMS 0x0000000734000000, 0x0000000734000000| Untracked 
[2025-11-10T00:25:37.434+0700][9.228s][19752][19893][trace] GC(2) |  27|0x0000000735000000, 0x0000000735000000, 0x0000000736000000|  0%| F|  |TAMS 0x0000000735000000, 0x0000000735000000| Untracked 
[2025-11-10T00:25:37.434+0700][9.228s][19752][19893][trace] GC(2) |  28|0x0000000736000000, 0x0000000736000000, 0x0000000737000000|  0%| F|  |TAMS 0x0000000736000000, 0x0000000736000000| Untracked 
[2025-11-10T00:25:37.434+0700][9.228s][19752][19893][trace] GC(2) |  29|0x0000000737000000, 0x0000000737000000, 0x0000000738000000|  0%| F|  |TAMS 0x0000000737000000, 0x0000000737000000| Untracked 
[2025-11-10T00:25:37.434+0700][9.228s][19752][19893][trace] GC(2) |  30|0x0000000738000000, 0x0000000738000000, 0x0000000739000000|  0%| F|  |TAMS 0x0000000738000000, 0x0000000738000000| Untracked 
[2025-11-10T00:25:37.434+0700][9.228s][19752][19893][trace] GC(2) |  31|0x0000000739000000, 0x0000000739000000, 0x000000073a000000|  0%| F|  |TAMS 0x0000000739000000, 0x0000000739000000| Untracked 
[2025-11-10T00:25:37.434+0700][9.228s][19752][19893][trace] GC(2) |  32|0x000000073a000000, 0x000000073a000000, 0x000000073b000000|  0%| F|  |TAMS 0x000000073a000000, 0x000000073a000000| Untracked 
[2025-11-10T00:25:37.434+0700][9.228s][19752][19893][trace] GC(2) |  33|0x000000073b000000, 0x000000073b000000, 0x000000073c000000|  0%| F|  |TAMS 0x000000073b000000, 0x000000073b000000| Untracked 
[2025-11-10T00:25:37.434+0700][9.228s][19752][19893][trace] GC(2) |  34|0x000000073c000000, 0x000000073c000000, 0x000000073d000000|  0%| F|  |TAMS 0x000000073c000000, 0x000000073c000000| Untracked 
[2025-11-10T00:25:37.434+0700][9.228s][19752][19893][trace] GC(2) |  35|0x000000073d000000, 0x000000073d000000, 0x000000073e000000|  0%| F|  |TAMS 0x000000073d000000, 0x000000073d000000| Untracked 
[2025-11-10T00:25:37.434+0700][9.228s][19752][19893][trace] GC(2) |  36|0x000000073e000000, 0x000000073e000000, 0x000000073f000000|  0%| F|  |TAMS 0x000000073e000000, 0x000000073e000000| Untracked 
[2025-11-10T00:25:37.434+0700][9.228s][19752][19893][trace] GC(2) |  37|0x000000073f000000, 0x000000073f000000, 0x0000000740000000|  0%| F|  |TAMS 0x000000073f000000, 0x000000073f000000| Untracked 
[2025-11-10T00:25:37.434+0700][9.228s][19752][19893][trace] GC(2) |  38|0x0000000740000000, 0x0000000740000000, 0x0000000741000000|  0%| F|  |TAMS 0x0000000740000000, 0x0000000740000000| Untracked 
[2025-11-10T00:25:37.434+0700][9.228s][19752][19893][trace] GC(2) |  39|0x0000000741000000, 0x0000000741000000, 0x0000000742000000|  0%| F|  |TAMS 0x0000000741000000, 0x0000000741000000| Untracked 
[2025-11-10T00:25:37.434+0700][9.228s][19752][19893][trace] GC(2) |  40|0x0000000742000000, 0x0000000742000000, 0x0000000743000000|  0%| F|  |TAMS 0x0000000742000000, 0x0000000742000000| Untracked 
[2025-11-10T00:25:37.434+0700][9.228s][19752][19893][trace] GC(2) |  41|0x0000000743000000, 0x0000000743000000, 0x0000000744000000|  0%| F|  |TAMS 0x0000000743000000, 0x0000000743000000| Untracked 
[2025-11-10T00:25:37.434+0700][9.228s][19752][19893][trace] GC(2) |  42|0x0000000744000000, 0x0000000744000000, 0x0000000745000000|  0%| F|  |TAMS 0x0000000744000000, 0x0000000744000000| Untracked 
[2025-11-10T00:25:37.434+0700][9.228s][19752][19893][trace] GC(2) |  43|0x0000000745000000, 0x0000000745000000, 0x0000000746000000|  0%| F|  |TAMS 0x0000000745000000, 0x0000000745000000| Untracked 
[2025-11-10T00:25:37.434+0700][9.228s][19752][19893][trace] GC(2) |  44|0x0000000746000000, 0x0000000746000000, 0x0000000747000000|  0%| F|  |TAMS 0x0000000746000000, 0x0000000746000000| Untracked 
[2025-11-10T00:25:37.434+0700][9.228s][19752][19893][trace] GC(2) |  45|0x0000000747000000, 0x0000000747000000, 0x0000000748000000|  0%| F|  |TAMS 0x0000000747000000, 0x0000000747000000| Untracked 
[2025-11-10T00:25:37.434+0700][9.228s][19752][19893][trace] GC(2) |  46|0x0000000748000000, 0x0000000748000000, 0x0000000749000000|  0%| F|  |TAMS 0x0000000748000000, 0x0000000748000000| Untracked 
[2025-11-10T00:25:37.434+0700][9.228s][19752][19893][trace] GC(2) |  47|0x0000000749000000, 0x0000000749000000, 0x000000074a000000|  0%| F|  |TAMS 0x0000000749000000, 0x0000000749000000| Untracked 
[2025-11-10T00:25:37.434+0700][9.228s][19752][19893][trace] GC(2) |  48|0x000000074a000000, 0x000000074a000000, 0x000000074b000000|  0%| F|  |TAMS 0x000000074a000000, 0x000000074a000000| Untracked 
[2025-11-10T00:25:37.434+0700][9.228s][19752][19893][trace] GC(2) |  49|0x000000074b000000, 0x000000074b000000, 0x000000074c000000|  0%| F|  |TAMS 0x000000074b000000, 0x000000074b000000| Untracked 
[2025-11-10T00:25:37.434+0700][9.228s][19752][19893][trace] GC(2) |  50|0x000000074c000000, 0x000000074c000000, 0x000000074d000000|  0%| F|  |TAMS 0x000000074c000000, 0x000000074c000000| Untracked 
[2025-11-10T00:25:37.434+0700][9.228s][19752][19893][trace] GC(2) |  51|0x000000074d000000, 0x000000074d000000, 0x000000074e000000|  0%| F|  |TAMS 0x000000074d000000, 0x000000074d000000| Untracked 
[2025-11-10T00:25:37.434+0700][9.228s][19752][19893][trace] GC(2) |  52|0x000000074e000000, 0x000000074e000000, 0x000000074f000000|  0%| F|  |TAMS 0x000000074e000000, 0x000000074e000000| Untracked 
[2025-11-10T00:25:37.434+0700][9.228s][19752][19893][trace] GC(2) |  53|0x000000074f000000, 0x000000074f000000, 0x0000000750000000|  0%| F|  |TAMS 0x000000074f000000, 0x000000074f000000| Untracked 
[2025-11-10T00:25:37.434+0700][9.228s][19752][19893][trace] GC(2) |  54|0x0000000750000000, 0x0000000750000000, 0x0000000751000000|  0%| F|  |TAMS 0x0000000750000000, 0x0000000750000000| Untracked 
[2025-11-10T00:25:37.434+0700][9.228s][19752][19893][trace] GC(2) |  55|0x0000000751000000, 0x0000000751000000, 0x0000000752000000|  0%| F|  |TAMS 0x0000000751000000, 0x0000000751000000| Untracked 
[2025-11-10T00:25:37.434+0700][9.229s][19752][19893][trace] GC(2) |  56|0x0000000752000000, 0x0000000752000000, 0x0000000753000000|  0%| F|  |TAMS 0x0000000752000000, 0x0000000752000000| Untracked 
[2025-11-10T00:25:37.434+0700][9.229s][19752][19893][trace] GC(2) |  57|0x0000000753000000, 0x0000000753000000, 0x0000000754000000|  0%| F|  |TAMS 0x0000000753000000, 0x0000000753000000| Untracked 
[2025-11-10T00:25:37.434+0700][9.229s][19752][19893][trace] GC(2) |  58|0x0000000754000000, 0x0000000754000000, 0x0000000755000000|  0%| F|  |TAMS 0x0000000754000000, 0x0000000754000000| Untracked 
[2025-11-10T00:25:37.434+0700][9.229s][19752][19893][trace] GC(2) |  59|0x0000000755000000, 0x0000000755000000, 0x0000000756000000|  0%| F|  |TAMS 0x0000000755000000, 0x0000000755000000| Untracked 
[2025-11-10T00:25:37.434+0700][9.229s][19752][19893][trace] GC(2) |  60|0x0000000756000000, 0x0000000756000000, 0x0000000757000000|  0%| F|  |TAMS 0x0000000756000000, 0x0000000756000000| Untracked 
[2025-11-10T00:25:37.434+0700][9.229s][19752][19893][trace] GC(2) |  61|0x0000000757000000, 0x0000000757000000, 0x0000000758000000|  0%| F|  |TAMS 0x0000000757000000, 0x0000000757000000| Untracked 
[2025-11-10T00:25:37.434+0700][9.229s][19752][19893][trace] GC(2) |  62|0x0000000758000000, 0x0000000758000000, 0x0000000759000000|  0%| F|  |TAMS 0x0000000758000000, 0x0000000758000000| Untracked 
[2025-11-10T00:25:37.434+0700][9.229s][19752][19893][trace] GC(2) |  63|0x0000000759000000, 0x0000000759000000, 0x000000075a000000|  0%| F|  |TAMS 0x0000000759000000, 0x0000000759000000| Untracked 
[2025-11-10T00:25:37.434+0700][9.229s][19752][19893][trace] GC(2) |  64|0x000000075a000000, 0x000000075a000000, 0x000000075b000000|  0%| F|  |TAMS 0x000000075a000000, 0x000000075a000000| Untracked 
[2025-11-10T00:25:37.434+0700][9.229s][19752][19893][trace] GC(2) |  65|0x000000075b000000, 0x000000075b000000, 0x000000075c000000|  0%| F|  |TAMS 0x000000075b000000, 0x000000075b000000| Untracked 
[2025-11-10T00:25:37.434+0700][9.229s][19752][19893][trace] GC(2) |  66|0x000000075c000000, 0x000000075c000000, 0x000000075d000000|  0%| F|  |TAMS 0x000000075c000000, 0x000000075c000000| Untracked 
[2025-11-10T00:25:37.434+0700][9.229s][19752][19893][trace] GC(2) |  67|0x000000075d000000, 0x000000075d000000, 0x000000075e000000|  0%| F|  |TAMS 0x000000075d000000, 0x000000075d000000| Untracked 
[2025-11-10T00:25:37.435+0700][9.229s][19752][19893][trace] GC(2) |  68|0x000000075e000000, 0x000000075e000000, 0x000000075f000000|  0%| F|  |TAMS 0x000000075e000000, 0x000000075e000000| Untracked 
[2025-11-10T00:25:37.435+0700][9.229s][19752][19893][trace] GC(2) |  69|0x000000075f000000, 0x000000075f000000, 0x0000000760000000|  0%| F|  |TAMS 0x000000075f000000, 0x000000075f000000| Untracked 
[2025-11-10T00:25:37.435+0700][9.229s][19752][19893][trace] GC(2) |  70|0x0000000760000000, 0x0000000760000000, 0x0000000761000000|  0%| F|  |TAMS 0x0000000760000000, 0x0000000760000000| Untracked 
[2025-11-10T00:25:37.435+0700][9.229s][19752][19893][trace] GC(2) |  71|0x0000000761000000, 0x0000000761000000, 0x0000000762000000|  0%| F|  |TAMS 0x0000000761000000, 0x0000000761000000| Untracked 
[2025-11-10T00:25:37.435+0700][9.229s][19752][19893][trace] GC(2) |  72|0x0000000762000000, 0x0000000762000000, 0x0000000763000000|  0%| F|  |TAMS 0x0000000762000000, 0x0000000762000000| Untracked 
[2025-11-10T00:25:37.435+0700][9.229s][19752][19893][trace] GC(2) |  73|0x0000000763000000, 0x0000000763000000, 0x0000000764000000|  0%| F|  |TAMS 0x0000000763000000, 0x0000000763000000| Untracked 
[2025-11-10T00:25:37.435+0700][9.229s][19752][19893][trace] GC(2) |  74|0x0000000764000000, 0x0000000764000000, 0x0000000765000000|  0%| F|  |TAMS 0x0000000764000000, 0x0000000764000000| Untracked 
[2025-11-10T00:25:37.435+0700][9.229s][19752][19893][trace] GC(2) |  75|0x0000000765000000, 0x0000000765000000, 0x0000000766000000|  0%| F|  |TAMS 0x0000000765000000, 0x0000000765000000| Untracked 
[2025-11-10T00:25:37.435+0700][9.229s][19752][19893][trace] GC(2) |  76|0x0000000766000000, 0x0000000766000000, 0x0000000767000000|  0%| F|  |TAMS 0x0000000766000000, 0x0000000766000000| Untracked 
[2025-11-10T00:25:37.435+0700][9.229s][19752][19893][trace] GC(2) |  77|0x0000000767000000, 0x0000000767000000, 0x0000000768000000|  0%| F|  |TAMS 0x0000000767000000, 0x0000000767000000| Untracked 
[2025-11-10T00:25:37.435+0700][9.229s][19752][19893][trace] GC(2) |  78|0x0000000768000000, 0x0000000768000000, 0x0000000769000000|  0%| F|  |TAMS 0x0000000768000000, 0x0000000768000000| Untracked 
[2025-11-10T00:25:37.435+0700][9.229s][19752][19893][trace] GC(2) |  79|0x0000000769000000, 0x0000000769000000, 0x000000076a000000|  0%| F|  |TAMS 0x0000000769000000, 0x0000000769000000| Untracked 
[2025-11-10T00:25:37.435+0700][9.229s][19752][19893][trace] GC(2) |  80|0x000000076a000000, 0x000000076a000000, 0x000000076b000000|  0%| F|  |TAMS 0x000000076a000000, 0x000000076a000000| Untracked 
[2025-11-10T00:25:37.435+0700][9.229s][19752][19893][trace] GC(2) |  81|0x000000076b000000, 0x000000076b000000, 0x000000076c000000|  0%| F|  |TAMS 0x000000076b000000, 0x000000076b000000| Untracked 
[2025-11-10T00:25:37.435+0700][9.229s][19752][19893][trace] GC(2) |  82|0x000000076c000000, 0x000000076c000000, 0x000000076d000000|  0%| F|  |TAMS 0x000000076c000000, 0x000000076c000000| Untracked 
[2025-11-10T00:25:37.435+0700][9.229s][19752][19893][trace] GC(2) |  83|0x000000076d000000, 0x000000076d000000, 0x000000076e000000|  0%| F|  |TAMS 0x000000076d000000, 0x000000076d000000| Untracked 
[2025-11-10T00:25:37.435+0700][9.229s][19752][19893][trace] GC(2) |  84|0x000000076e000000, 0x000000076e000000, 0x000000076f000000|  0%| F|  |TAMS 0x000000076e000000, 0x000000076e000000| Untracked 
[2025-11-10T00:25:37.435+0700][9.229s][19752][19893][trace] GC(2) |  85|0x000000076f000000, 0x000000076f000000, 0x0000000770000000|  0%| F|  |TAMS 0x000000076f000000, 0x000000076f000000| Untracked 
[2025-11-10T00:25:37.435+0700][9.229s][19752][19893][trace] GC(2) |  86|0x0000000770000000, 0x0000000770000000, 0x0000000771000000|  0%| F|  |TAMS 0x0000000770000000, 0x0000000770000000| Untracked 
[2025-11-10T00:25:37.435+0700][9.229s][19752][19893][trace] GC(2) |  87|0x0000000771000000, 0x0000000771000000, 0x0000000772000000|  0%| F|  |TAMS 0x0000000771000000, 0x0000000771000000| Untracked 
[2025-11-10T00:25:37.435+0700][9.229s][19752][19893][trace] GC(2) |  88|0x0000000772000000, 0x0000000772000000, 0x0000000773000000|  0%| F|  |TAMS 0x0000000772000000, 0x0000000772000000| Untracked 
[2025-11-10T00:25:37.435+0700][9.229s][19752][19893][trace] GC(2) |  89|0x0000000773000000, 0x0000000773000000, 0x0000000774000000|  0%| F|  |TAMS 0x0000000773000000, 0x0000000773000000| Untracked 
[2025-11-10T00:25:37.435+0700][9.229s][19752][19893][trace] GC(2) |  90|0x0000000774000000, 0x0000000774000000, 0x0000000775000000|  0%| F|  |TAMS 0x0000000774000000, 0x0000000774000000| Untracked 
[2025-11-10T00:25:37.435+0700][9.229s][19752][19893][trace] GC(2) |  91|0x0000000775000000, 0x0000000775000000, 0x0000000776000000|  0%| F|  |TAMS 0x0000000775000000, 0x0000000775000000| Untracked 
[2025-11-10T00:25:37.435+0700][9.229s][19752][19893][trace] GC(2) |  92|0x0000000776000000, 0x0000000776000000, 0x0000000777000000|  0%| F|  |TAMS 0x0000000776000000, 0x0000000776000000| Untracked 
[2025-11-10T00:25:37.435+0700][9.229s][19752][19893][trace] GC(2) |  93|0x0000000777000000, 0x0000000777000000, 0x0000000778000000|  0%| F|  |TAMS 0x0000000777000000, 0x0000000777000000| Untracked 
[2025-11-10T00:25:37.435+0700][9.229s][19752][19893][trace] GC(2) |  94|0x0000000778000000, 0x0000000778000000, 0x0000000779000000|  0%| F|  |TAMS 0x0000000778000000, 0x0000000778000000| Untracked 
[2025-11-10T00:25:37.435+0700][9.229s][19752][19893][trace] GC(2) |  95|0x0000000779000000, 0x0000000779000000, 0x000000077a000000|  0%| F|  |TAMS 0x0000000779000000, 0x0000000779000000| Untracked 
[2025-11-10T00:25:37.435+0700][9.229s][19752][19893][trace] GC(2) |  96|0x000000077a000000, 0x000000077a000000, 0x000000077b000000|  0%| F|  |TAMS 0x000000077a000000, 0x000000077a000000| Untracked 
[2025-11-10T00:25:37.435+0700][9.229s][19752][19893][trace] GC(2) |  97|0x000000077b000000, 0x000000077b000000, 0x000000077c000000|  0%| F|  |TAMS 0x000000077b000000, 0x000000077b000000| Untracked 
[2025-11-10T00:25:37.435+0700][9.229s][19752][19893][trace] GC(2) |  98|0x000000077c000000, 0x000000077c000000, 0x000000077d000000|  0%| F|  |TAMS 0x000000077c000000, 0x000000077c000000| Untracked 
[2025-11-10T00:25:37.435+0700][9.229s][19752][19893][trace] GC(2) |  99|0x000000077d000000, 0x000000077d000000, 0x000000077e000000|  0%| F|  |TAMS 0x000000077d000000, 0x000000077d000000| Untracked 
[2025-11-10T00:25:37.435+0700][9.229s][19752][19893][trace] GC(2) | 100|0x000000077e000000, 0x000000077e000000, 0x000000077f000000|  0%| F|  |TAMS 0x000000077e000000, 0x000000077e000000| Untracked 
[2025-11-10T00:25:37.435+0700][9.229s][19752][19893][trace] GC(2) | 101|0x000000077f000000, 0x000000077f000000, 0x0000000780000000|  0%| F|  |TAMS 0x000000077f000000, 0x000000077f000000| Untracked 
[2025-11-10T00:25:37.435+0700][9.229s][19752][19893][trace] GC(2) | 102|0x0000000780000000, 0x0000000780000000, 0x0000000781000000|  0%| F|  |TAMS 0x0000000780000000, 0x0000000780000000| Untracked 
[2025-11-10T00:25:37.435+0700][9.229s][19752][19893][trace] GC(2) | 103|0x0000000781000000, 0x0000000781000000, 0x0000000782000000|  0%| F|  |TAMS 0x0000000781000000, 0x0000000781000000| Untracked 
[2025-11-10T00:25:37.435+0700][9.229s][19752][19893][trace] GC(2) | 104|0x0000000782000000, 0x0000000782000000, 0x0000000783000000|  0%| F|  |TAMS 0x0000000782000000, 0x0000000782000000| Untracked 
[2025-11-10T00:25:37.435+0700][9.229s][19752][19893][trace] GC(2) | 105|0x0000000783000000, 0x0000000783000000, 0x0000000784000000|  0%| F|  |TAMS 0x0000000783000000, 0x0000000783000000| Untracked 
[2025-11-10T00:25:37.435+0700][9.229s][19752][19893][trace] GC(2) | 106|0x0000000784000000, 0x0000000784000000, 0x0000000785000000|  0%| F|  |TAMS 0x0000000784000000, 0x0000000784000000| Untracked 
[2025-11-10T00:25:37.435+0700][9.229s][19752][19893][trace] GC(2) | 107|0x0000000785000000, 0x0000000785000000, 0x0000000786000000|  0%| F|  |TAMS 0x0000000785000000, 0x0000000785000000| Untracked 
[2025-11-10T00:25:37.435+0700][9.229s][19752][19893][trace] GC(2) | 108|0x0000000786000000, 0x0000000786000000, 0x0000000787000000|  0%| F|  |TAMS 0x0000000786000000, 0x0000000786000000| Untracked 
[2025-11-10T00:25:37.435+0700][9.229s][19752][19893][trace] GC(2) | 109|0x0000000787000000, 0x0000000787000000, 0x0000000788000000|  0%| F|  |TAMS 0x0000000787000000, 0x0000000787000000| Untracked 
[2025-11-10T00:25:37.435+0700][9.229s][19752][19893][trace] GC(2) | 110|0x0000000788000000, 0x0000000788000000, 0x0000000789000000|  0%| F|  |TAMS 0x0000000788000000, 0x0000000788000000| Untracked 
[2025-11-10T00:25:37.435+0700][9.229s][19752][19893][trace] GC(2) | 111|0x0000000789000000, 0x0000000789000000, 0x000000078a000000|  0%| F|  |TAMS 0x0000000789000000, 0x0000000789000000| Untracked 
[2025-11-10T00:25:37.435+0700][9.229s][19752][19893][trace] GC(2) | 112|0x000000078a000000, 0x000000078a000000, 0x000000078b000000|  0%| F|  |TAMS 0x000000078a000000, 0x000000078a000000| Untracked 
[2025-11-10T00:25:37.435+0700][9.229s][19752][19893][trace] GC(2) | 113|0x000000078b000000, 0x000000078b000000, 0x000000078c000000|  0%| F|  |TAMS 0x000000078b000000, 0x000000078b000000| Untracked 
[2025-11-10T00:25:37.435+0700][9.229s][19752][19893][trace] GC(2) | 114|0x000000078c000000, 0x000000078c000000, 0x000000078d000000|  0%| F|  |TAMS 0x000000078c000000, 0x000000078c000000| Untracked 
[2025-11-10T00:25:37.435+0700][9.229s][19752][19893][trace] GC(2) | 115|0x000000078d000000, 0x000000078d000000, 0x000000078e000000|  0%| F|  |TAMS 0x000000078d000000, 0x000000078d000000| Untracked 
[2025-11-10T00:25:37.435+0700][9.229s][19752][19893][trace] GC(2) | 116|0x000000078e000000, 0x000000078e000000, 0x000000078f000000|  0%| F|  |TAMS 0x000000078e000000, 0x000000078e000000| Untracked 
[2025-11-10T00:25:37.435+0700][9.229s][19752][19893][trace] GC(2) | 117|0x000000078f000000, 0x000000078f000000, 0x0000000790000000|  0%| F|  |TAMS 0x000000078f000000, 0x000000078f000000| Untracked 
[2025-11-10T00:25:37.435+0700][9.229s][19752][19893][trace] GC(2) | 118|0x0000000790000000, 0x0000000790000000, 0x0000000791000000|  0%| F|  |TAMS 0x0000000790000000, 0x0000000790000000| Untracked 
[2025-11-10T00:25:37.435+0700][9.229s][19752][19893][trace] GC(2) | 119|0x0000000791000000, 0x0000000791000000, 0x0000000792000000|  0%| F|  |TAMS 0x0000000791000000, 0x0000000791000000| Untracked 
[2025-11-10T00:25:37.435+0700][9.229s][19752][19893][trace] GC(2) | 120|0x0000000792000000, 0x0000000792000000, 0x0000000793000000|  0%| F|  |TAMS 0x0000000792000000, 0x0000000792000000| Untracked 
[2025-11-10T00:25:37.435+0700][9.229s][19752][19893][trace] GC(2) | 121|0x0000000793000000, 0x0000000793000000, 0x0000000794000000|  0%| F|  |TAMS 0x0000000793000000, 0x0000000793000000| Untracked 
[2025-11-10T00:25:37.435+0700][9.229s][19752][19893][trace] GC(2) | 122|0x0000000794000000, 0x0000000794000000, 0x0000000795000000|  0%| F|  |TAMS 0x0000000794000000, 0x0000000794000000| Untracked 
[2025-11-10T00:25:37.435+0700][9.229s][19752][19893][trace] GC(2) | 123|0x0000000795000000, 0x0000000795000000, 0x0000000796000000|  0%| F|  |TAMS 0x0000000795000000, 0x0000000795000000| Untracked 
[2025-11-10T00:25:37.435+0700][9.229s][19752][19893][trace] GC(2) | 124|0x0000000796000000, 0x0000000796000000, 0x0000000797000000|  0%| F|  |TAMS 0x0000000796000000, 0x0000000796000000| Untracked 
[2025-11-10T00:25:37.435+0700][9.229s][19752][19893][trace] GC(2) | 125|0x0000000797000000, 0x0000000797000000, 0x0000000798000000|  0%| F|  |TAMS 0x0000000797000000, 0x0000000797000000| Untracked 
[2025-11-10T00:25:37.435+0700][9.229s][19752][19893][trace] GC(2) | 126|0x0000000798000000, 0x0000000798000000, 0x0000000799000000|  0%| F|  |TAMS 0x0000000798000000, 0x0000000798000000| Untracked 
[2025-11-10T00:25:37.435+0700][9.229s][19752][19893][trace] GC(2) | 127|0x0000000799000000, 0x0000000799000000, 0x000000079a000000|  0%| F|  |TAMS 0x0000000799000000, 0x0000000799000000| Untracked 
[2025-11-10T00:25:37.435+0700][9.229s][19752][19893][trace] GC(2) | 128|0x000000079a000000, 0x000000079a000000, 0x000000079b000000|  0%| F|  |TAMS 0x000000079a000000, 0x000000079a000000| Untracked 
[2025-11-10T00:25:37.435+0700][9.229s][19752][19893][trace] GC(2) | 129|0x000000079b000000, 0x000000079b000000, 0x000000079c000000|  0%| F|  |TAMS 0x000000079b000000, 0x000000079b000000| Untracked 
[2025-11-10T00:25:37.435+0700][9.229s][19752][19893][trace] GC(2) | 130|0x000000079c000000, 0x000000079c000000, 0x000000079d000000|  0%| F|  |TAMS 0x000000079c000000, 0x000000079c000000| Untracked 
[2025-11-10T00:25:37.435+0700][9.229s][19752][19893][trace] GC(2) | 131|0x000000079d000000, 0x000000079d000000, 0x000000079e000000|  0%| F|  |TAMS 0x000000079d000000, 0x000000079d000000| Untracked 
[2025-11-10T00:25:37.435+0700][9.229s][19752][19893][trace] GC(2) | 132|0x000000079e000000, 0x000000079e000000, 0x000000079f000000|  0%| F|  |TAMS 0x000000079e000000, 0x000000079e000000| Untracked 
[2025-11-10T00:25:37.435+0700][9.229s][19752][19893][trace] GC(2) | 133|0x000000079f000000, 0x000000079f000000, 0x00000007a0000000|  0%| F|  |TAMS 0x000000079f000000, 0x000000079f000000| Untracked 
[2025-11-10T00:25:37.435+0700][9.229s][19752][19893][trace] GC(2) | 134|0x00000007a0000000, 0x00000007a0000000, 0x00000007a1000000|  0%| F|  |TAMS 0x00000007a0000000, 0x00000007a0000000| Untracked 
[2025-11-10T00:25:37.435+0700][9.229s][19752][19893][trace] GC(2) | 135|0x00000007a1000000, 0x00000007a1000000, 0x00000007a2000000|  0%| F|  |TAMS 0x00000007a1000000, 0x00000007a1000000| Untracked 
[2025-11-10T00:25:37.435+0700][9.229s][19752][19893][trace] GC(2) | 136|0x00000007a2000000, 0x00000007a2000000, 0x00000007a3000000|  0%| F|  |TAMS 0x00000007a2000000, 0x00000007a2000000| Untracked 
[2025-11-10T00:25:37.435+0700][9.229s][19752][19893][trace] GC(2) | 137|0x00000007a3000000, 0x00000007a3000000, 0x00000007a4000000|  0%| F|  |TAMS 0x00000007a3000000, 0x00000007a3000000| Untracked 
[2025-11-10T00:25:37.435+0700][9.229s][19752][19893][trace] GC(2) | 138|0x00000007a4000000, 0x00000007a4000000, 0x00000007a5000000|  0%| F|  |TAMS 0x00000007a4000000, 0x00000007a4000000| Untracked 
[2025-11-10T00:25:37.435+0700][9.229s][19752][19893][trace] GC(2) | 139|0x00000007a5000000, 0x00000007a5000000, 0x00000007a6000000|  0%| F|  |TAMS 0x00000007a5000000, 0x00000007a5000000| Untracked 
[2025-11-10T00:25:37.435+0700][9.229s][19752][19893][trace] GC(2) | 140|0x00000007a6000000, 0x00000007a6000000, 0x00000007a7000000|  0%| F|  |TAMS 0x00000007a6000000, 0x00000007a6000000| Untracked 
[2025-11-10T00:25:37.435+0700][9.229s][19752][19893][trace] GC(2) | 141|0x00000007a7000000, 0x00000007a7000000, 0x00000007a8000000|  0%| F|  |TAMS 0x00000007a7000000, 0x00000007a7000000| Untracked 
[2025-11-10T00:25:37.435+0700][9.229s][19752][19893][trace] GC(2) | 142|0x00000007a8000000, 0x00000007a8000000, 0x00000007a9000000|  0%| F|  |TAMS 0x00000007a8000000, 0x00000007a8000000| Untracked 
[2025-11-10T00:25:37.435+0700][9.229s][19752][19893][trace] GC(2) | 143|0x00000007a9000000, 0x00000007a9000000, 0x00000007aa000000|  0%| F|  |TAMS 0x00000007a9000000, 0x00000007a9000000| Untracked 
[2025-11-10T00:25:37.435+0700][9.229s][19752][19893][trace] GC(2) | 144|0x00000007aa000000, 0x00000007aa000000, 0x00000007ab000000|  0%| F|  |TAMS 0x00000007aa000000, 0x00000007aa000000| Untracked 
[2025-11-10T00:25:37.435+0700][9.229s][19752][19893][trace] GC(2) | 145|0x00000007ab000000, 0x00000007ab000000, 0x00000007ac000000|  0%| F|  |TAMS 0x00000007ab000000, 0x00000007ab000000| Untracked 
[2025-11-10T00:25:37.435+0700][9.229s][19752][19893][trace] GC(2) | 146|0x00000007ac000000, 0x00000007ac000000, 0x00000007ad000000|  0%| F|  |TAMS 0x00000007ac000000, 0x00000007ac000000| Untracked 
[2025-11-10T00:25:37.435+0700][9.229s][19752][19893][trace] GC(2) | 147|0x00000007ad000000, 0x00000007ad000000, 0x00000007ae000000|  0%| F|  |TAMS 0x00000007ad000000, 0x00000007ad000000| Untracked 
[2025-11-10T00:25:37.435+0700][9.229s][19752][19893][trace] GC(2) | 148|0x00000007ae000000, 0x00000007ae000000, 0x00000007af000000|  0%| F|  |TAMS 0x00000007ae000000, 0x00000007ae000000| Untracked 
[2025-11-10T00:25:37.435+0700][9.229s][19752][19893][trace] GC(2) | 149|0x00000007af000000, 0x00000007af000000, 0x00000007b0000000|  0%| F|  |TAMS 0x00000007af000000, 0x00000007af000000| Untracked 
[2025-11-10T00:25:37.435+0700][9.229s][19752][19893][trace] GC(2) | 150|0x00000007b0000000, 0x00000007b0000000, 0x00000007b1000000|  0%| F|  |TAMS 0x00000007b0000000, 0x00000007b0000000| Untracked 
[2025-11-10T00:25:37.435+0700][9.229s][19752][19893][trace] GC(2) | 151|0x00000007b1000000, 0x00000007b1000000, 0x00000007b2000000|  0%| F|  |TAMS 0x00000007b1000000, 0x00000007b1000000| Untracked 
[2025-11-10T00:25:37.435+0700][9.229s][19752][19893][trace] GC(2) | 152|0x00000007b2000000, 0x00000007b2000000, 0x00000007b3000000|  0%| F|  |TAMS 0x00000007b2000000, 0x00000007b2000000| Untracked 
[2025-11-10T00:25:37.435+0700][9.229s][19752][19893][trace] GC(2) | 153|0x00000007b3000000, 0x00000007b3000000, 0x00000007b4000000|  0%| F|  |TAMS 0x00000007b3000000, 0x00000007b3000000| Untracked 
[2025-11-10T00:25:37.435+0700][9.229s][19752][19893][trace] GC(2) | 154|0x00000007b4000000, 0x00000007b4000000, 0x00000007b5000000|  0%| F|  |TAMS 0x00000007b4000000, 0x00000007b4000000| Untracked 
[2025-11-10T00:25:37.435+0700][9.229s][19752][19893][trace] GC(2) | 155|0x00000007b5000000, 0x00000007b5000000, 0x00000007b6000000|  0%| F|  |TAMS 0x00000007b5000000, 0x00000007b5000000| Untracked 
[2025-11-10T00:25:37.435+0700][9.229s][19752][19893][trace] GC(2) | 156|0x00000007b6000000, 0x00000007b6000000, 0x00000007b7000000|  0%| F|  |TAMS 0x00000007b6000000, 0x00000007b6000000| Untracked 
[2025-11-10T00:25:37.435+0700][9.229s][19752][19893][trace] GC(2) | 157|0x00000007b7000000, 0x00000007b7000000, 0x00000007b8000000|  0%| F|  |TAMS 0x00000007b7000000, 0x00000007b7000000| Untracked 
[2025-11-10T00:25:37.435+0700][9.229s][19752][19893][trace] GC(2) | 158|0x00000007b8000000, 0x00000007b8000000, 0x00000007b9000000|  0%| F|  |TAMS 0x00000007b8000000, 0x00000007b8000000| Untracked 
[2025-11-10T00:25:37.435+0700][9.229s][19752][19893][trace] GC(2) | 159|0x00000007b9000000, 0x00000007b9000000, 0x00000007ba000000|  0%| F|  |TAMS 0x00000007b9000000, 0x00000007b9000000| Untracked 
[2025-11-10T00:25:37.435+0700][9.229s][19752][19893][trace] GC(2) | 160|0x00000007ba000000, 0x00000007ba000000, 0x00000007bb000000|  0%| F|  |TAMS 0x00000007ba000000, 0x00000007ba000000| Untracked 
[2025-11-10T00:25:37.435+0700][9.229s][19752][19893][trace] GC(2) | 161|0x00000007bb000000, 0x00000007bb000000, 0x00000007bc000000|  0%| F|  |TAMS 0x00000007bb000000, 0x00000007bb000000| Untracked 
[2025-11-10T00:25:37.435+0700][9.229s][19752][19893][trace] GC(2) | 162|0x00000007bc000000, 0x00000007bc000000, 0x00000007bd000000|  0%| F|  |TAMS 0x00000007bc000000, 0x00000007bc000000| Untracked 
[2025-11-10T00:25:37.435+0700][9.229s][19752][19893][trace] GC(2) | 163|0x00000007bd000000, 0x00000007bd000000, 0x00000007be000000|  0%| F|  |TAMS 0x00000007bd000000, 0x00000007bd000000| Untracked 
[2025-11-10T00:25:37.435+0700][9.229s][19752][19893][trace] GC(2) | 164|0x00000007be000000, 0x00000007be000000, 0x00000007bf000000|  0%| F|  |TAMS 0x00000007be000000, 0x00000007be000000| Untracked 
[2025-11-10T00:25:37.435+0700][9.229s][19752][19893][trace] GC(2) | 165|0x00000007bf000000, 0x00000007bf000000, 0x00000007c0000000|  0%| F|  |TAMS 0x00000007bf000000, 0x00000007bf000000| Untracked 
[2025-11-10T00:25:37.435+0700][9.229s][19752][19893][trace] GC(2) | 166|0x00000007c0000000, 0x00000007c0000000, 0x00000007c1000000|  0%| F|  |TAMS 0x00000007c0000000, 0x00000007c0000000| Untracked 
[2025-11-10T00:25:37.435+0700][9.230s][19752][19893][trace] GC(2) | 167|0x00000007c1000000, 0x00000007c1000000, 0x00000007c2000000|  0%| F|  |TAMS 0x00000007c1000000, 0x00000007c1000000| Untracked 
[2025-11-10T00:25:37.435+0700][9.230s][19752][19893][trace] GC(2) | 168|0x00000007c2000000, 0x00000007c2000000, 0x00000007c3000000|  0%| F|  |TAMS 0x00000007c2000000, 0x00000007c2000000| Untracked 
[2025-11-10T00:25:37.435+0700][9.230s][19752][19893][trace] GC(2) | 169|0x00000007c3000000, 0x00000007c3000000, 0x00000007c4000000|  0%| F|  |TAMS 0x00000007c3000000, 0x00000007c3000000| Untracked 
[2025-11-10T00:25:37.435+0700][9.230s][19752][19893][trace] GC(2) | 170|0x00000007c4000000, 0x00000007c4000000, 0x00000007c5000000|  0%| F|  |TAMS 0x00000007c4000000, 0x00000007c4000000| Untracked 
[2025-11-10T00:25:37.435+0700][9.230s][19752][19893][trace] GC(2) | 171|0x00000007c5000000, 0x00000007c5000000, 0x00000007c6000000|  0%| F|  |TAMS 0x00000007c5000000, 0x00000007c5000000| Untracked 
[2025-11-10T00:25:37.435+0700][9.230s][19752][19893][trace] GC(2) | 172|0x00000007c6000000, 0x00000007c6000000, 0x00000007c7000000|  0%| F|  |TAMS 0x00000007c6000000, 0x00000007c6000000| Untracked 
[2025-11-10T00:25:37.435+0700][9.230s][19752][19893][trace] GC(2) | 173|0x00000007c7000000, 0x00000007c7000000, 0x00000007c8000000|  0%| F|  |TAMS 0x00000007c7000000, 0x00000007c7000000| Untracked 
[2025-11-10T00:25:37.435+0700][9.230s][19752][19893][trace] GC(2) | 174|0x00000007c8000000, 0x00000007c8000000, 0x00000007c9000000|  0%| F|  |TAMS 0x00000007c8000000, 0x00000007c8000000| Untracked 
[2025-11-10T00:25:37.435+0700][9.230s][19752][19893][trace] GC(2) | 175|0x00000007c9000000, 0x00000007c9000000, 0x00000007ca000000|  0%| F|  |TAMS 0x00000007c9000000, 0x00000007c9000000| Untracked 
[2025-11-10T00:25:37.435+0700][9.230s][19752][19893][trace] GC(2) | 176|0x00000007ca000000, 0x00000007ca000000, 0x00000007cb000000|  0%| F|  |TAMS 0x00000007ca000000, 0x00000007ca000000| Untracked 
[2025-11-10T00:25:37.435+0700][9.230s][19752][19893][trace] GC(2) | 177|0x00000007cb000000, 0x00000007cb000000, 0x00000007cc000000|  0%| F|  |TAMS 0x00000007cb000000, 0x00000007cb000000| Untracked 
[2025-11-10T00:25:37.435+0700][9.230s][19752][19893][trace] GC(2) | 178|0x00000007cc000000, 0x00000007cc000000, 0x00000007cd000000|  0%| F|  |TAMS 0x00000007cc000000, 0x00000007cc000000| Untracked 
[2025-11-10T00:25:37.435+0700][9.230s][19752][19893][trace] GC(2) | 179|0x00000007cd000000, 0x00000007cd000000, 0x00000007ce000000|  0%| F|  |TAMS 0x00000007cd000000, 0x00000007cd000000| Untracked 
[2025-11-10T00:25:37.435+0700][9.230s][19752][19893][trace] GC(2) | 180|0x00000007ce000000, 0x00000007ce000000, 0x00000007cf000000|  0%| F|  |TAMS 0x00000007ce000000, 0x00000007ce000000| Untracked 
[2025-11-10T00:25:37.436+0700][9.230s][19752][19893][trace] GC(2) | 181|0x00000007cf000000, 0x00000007cf000000, 0x00000007d0000000|  0%| F|  |TAMS 0x00000007cf000000, 0x00000007cf000000| Untracked 
[2025-11-10T00:25:37.436+0700][9.230s][19752][19893][trace] GC(2) | 182|0x00000007d0000000, 0x00000007d0000000, 0x00000007d1000000|  0%| F|  |TAMS 0x00000007d0000000, 0x00000007d0000000| Untracked 
[2025-11-10T00:25:37.436+0700][9.230s][19752][19893][trace] GC(2) | 183|0x00000007d1000000, 0x00000007d1000000, 0x00000007d2000000|  0%| F|  |TAMS 0x00000007d1000000, 0x00000007d1000000| Untracked 
[2025-11-10T00:25:37.436+0700][9.230s][19752][19893][trace] GC(2) | 184|0x00000007d2000000, 0x00000007d2000000, 0x00000007d3000000|  0%| F|  |TAMS 0x00000007d2000000, 0x00000007d2000000| Untracked 
[2025-11-10T00:25:37.436+0700][9.230s][19752][19893][trace] GC(2) | 185|0x00000007d3000000, 0x00000007d3000000, 0x00000007d4000000|  0%| F|  |TAMS 0x00000007d3000000, 0x00000007d3000000| Untracked 
[2025-11-10T00:25:37.436+0700][9.230s][19752][19893][trace] GC(2) | 186|0x00000007d4000000, 0x00000007d4000000, 0x00000007d5000000|  0%| F|  |TAMS 0x00000007d4000000, 0x00000007d4000000| Untracked 
[2025-11-10T00:25:37.436+0700][9.230s][19752][19893][trace] GC(2) | 187|0x00000007d5000000, 0x00000007d5000000, 0x00000007d6000000|  0%| F|  |TAMS 0x00000007d5000000, 0x00000007d5000000| Untracked 
[2025-11-10T00:25:37.436+0700][9.230s][19752][19893][trace] GC(2) | 188|0x00000007d6000000, 0x00000007d6000000, 0x00000007d7000000|  0%| F|  |TAMS 0x00000007d6000000, 0x00000007d6000000| Untracked 
[2025-11-10T00:25:37.436+0700][9.230s][19752][19893][trace] GC(2) | 189|0x00000007d7000000, 0x00000007d7000000, 0x00000007d8000000|  0%| F|  |TAMS 0x00000007d7000000, 0x00000007d7000000| Untracked 
[2025-11-10T00:25:37.436+0700][9.230s][19752][19893][trace] GC(2) | 190|0x00000007d8000000, 0x00000007d8000000, 0x00000007d9000000|  0%| F|  |TAMS 0x00000007d8000000, 0x00000007d8000000| Untracked 
[2025-11-10T00:25:37.436+0700][9.230s][19752][19893][trace] GC(2) | 191|0x00000007d9000000, 0x00000007d9000000, 0x00000007da000000|  0%| F|  |TAMS 0x00000007d9000000, 0x00000007d9000000| Untracked 
[2025-11-10T00:25:37.436+0700][9.230s][19752][19893][trace] GC(2) | 192|0x00000007da000000, 0x00000007da000000, 0x00000007db000000|  0%| F|  |TAMS 0x00000007da000000, 0x00000007da000000| Untracked 
[2025-11-10T00:25:37.436+0700][9.230s][19752][19893][trace] GC(2) | 193|0x00000007db000000, 0x00000007db000000, 0x00000007dc000000|  0%| F|  |TAMS 0x00000007db000000, 0x00000007db000000| Untracked 
[2025-11-10T00:25:37.436+0700][9.230s][19752][19893][trace] GC(2) | 194|0x00000007dc000000, 0x00000007dc000000, 0x00000007dd000000|  0%| F|  |TAMS 0x00000007dc000000, 0x00000007dc000000| Untracked 
[2025-11-10T00:25:37.436+0700][9.230s][19752][19893][trace] GC(2) | 195|0x00000007dd000000, 0x00000007dd000000, 0x00000007de000000|  0%| F|  |TAMS 0x00000007dd000000, 0x00000007dd000000| Untracked 
[2025-11-10T00:25:37.436+0700][9.230s][19752][19893][trace] GC(2) | 196|0x00000007de000000, 0x00000007de000000, 0x00000007df000000|  0%| F|  |TAMS 0x00000007de000000, 0x00000007de000000| Untracked 
[2025-11-10T00:25:37.436+0700][9.230s][19752][19893][trace] GC(2) | 197|0x00000007df000000, 0x00000007df000000, 0x00000007e0000000|  0%| F|  |TAMS 0x00000007df000000, 0x00000007df000000| Untracked 
[2025-11-10T00:25:37.436+0700][9.230s][19752][19893][trace] GC(2) | 198|0x00000007e0000000, 0x00000007e0000000, 0x00000007e1000000|  0%| F|  |TAMS 0x00000007e0000000, 0x00000007e0000000| Untracked 
[2025-11-10T00:25:37.436+0700][9.230s][19752][19893][trace] GC(2) | 199|0x00000007e1000000, 0x00000007e1000000, 0x00000007e2000000|  0%| F|  |TAMS 0x00000007e1000000, 0x00000007e1000000| Untracked 
[2025-11-10T00:25:37.436+0700][9.230s][19752][19893][trace] GC(2) | 200|0x00000007e2000000, 0x00000007e2000000, 0x00000007e3000000|  0%| F|  |TAMS 0x00000007e2000000, 0x00000007e2000000| Untracked 
[2025-11-10T00:25:37.436+0700][9.230s][19752][19893][trace] GC(2) | 201|0x00000007e3000000, 0x00000007e3000000, 0x00000007e4000000|  0%| F|  |TAMS 0x00000007e3000000, 0x00000007e3000000| Untracked 
[2025-11-10T00:25:37.436+0700][9.230s][19752][19893][trace] GC(2) | 202|0x00000007e4000000, 0x00000007e4000000, 0x00000007e5000000|  0%| F|  |TAMS 0x00000007e4000000, 0x00000007e4000000| Untracked 
[2025-11-10T00:25:37.436+0700][9.230s][19752][19893][trace] GC(2) | 203|0x00000007e5000000, 0x00000007e5000000, 0x00000007e6000000|  0%| F|  |TAMS 0x00000007e5000000, 0x00000007e5000000| Untracked 
[2025-11-10T00:25:37.436+0700][9.230s][19752][19893][trace] GC(2) | 204|0x00000007e6000000, 0x00000007e6000000, 0x00000007e7000000|  0%| F|  |TAMS 0x00000007e6000000, 0x00000007e6000000| Untracked 
[2025-11-10T00:25:37.436+0700][9.230s][19752][19893][trace] GC(2) | 205|0x00000007e7000000, 0x00000007e7000000, 0x00000007e8000000|  0%| F|  |TAMS 0x00000007e7000000, 0x00000007e7000000| Untracked 
[2025-11-10T00:25:37.436+0700][9.230s][19752][19893][trace] GC(2) | 206|0x00000007e8000000, 0x00000007e8000000, 0x00000007e9000000|  0%| F|  |TAMS 0x00000007e8000000, 0x00000007e8000000| Untracked 
[2025-11-10T00:25:37.436+0700][9.230s][19752][19893][trace] GC(2) | 207|0x00000007e9000000, 0x00000007e9e882b8, 0x00000007ea000000| 90%| S|CS|TAMS 0x00000007e9000000, 0x00000007e9000000| Complete 
[2025-11-10T00:25:37.436+0700][9.230s][19752][19893][trace] GC(2) | 208|0x00000007ea000000, 0x00000007ea000000, 0x00000007eb000000|  0%| F|  |TAMS 0x00000007ea000000, 0x00000007ea000000| Untracked 
[2025-11-10T00:25:37.436+0700][9.230s][19752][19893][trace] GC(2) | 209|0x00000007eb000000, 0x00000007eb000000, 0x00000007ec000000|  0%| F|  |TAMS 0x00000007eb000000, 0x00000007eb000000| Untracked 
[2025-11-10T00:25:37.436+0700][9.230s][19752][19893][trace] GC(2) | 210|0x00000007ec000000, 0x00000007ec000000, 0x00000007ed000000|  0%| F|  |TAMS 0x00000007ec000000, 0x00000007ec000000| Untracked 
[2025-11-10T00:25:37.436+0700][9.230s][19752][19893][trace] GC(2) | 211|0x00000007ed000000, 0x00000007ed000000, 0x00000007ee000000|  0%| F|  |TAMS 0x00000007ed000000, 0x00000007ed000000| Untracked 
[2025-11-10T00:25:37.436+0700][9.230s][19752][19893][trace] GC(2) | 212|0x00000007ee000000, 0x00000007ee000000, 0x00000007ef000000|  0%| F|  |TAMS 0x00000007ee000000, 0x00000007ee000000| Untracked 
[2025-11-10T00:25:37.436+0700][9.230s][19752][19893][trace] GC(2) | 213|0x00000007ef000000, 0x00000007ef000000, 0x00000007f0000000|  0%| F|  |TAMS 0x00000007ef000000, 0x00000007ef000000| Untracked 
[2025-11-10T00:25:37.436+0700][9.230s][19752][19893][trace] GC(2) | 214|0x00000007f0000000, 0x00000007f0000000, 0x00000007f1000000|  0%| F|  |TAMS 0x00000007f0000000, 0x00000007f0000000| Untracked 
[2025-11-10T00:25:37.436+0700][9.230s][19752][19893][trace] GC(2) | 215|0x00000007f1000000, 0x00000007f1000000, 0x00000007f2000000|  0%| F|  |TAMS 0x00000007f1000000, 0x00000007f1000000| Untracked 
[2025-11-10T00:25:37.436+0700][9.230s][19752][19893][trace] GC(2) | 216|0x00000007f2000000, 0x00000007f2000000, 0x00000007f3000000|  0%| F|  |TAMS 0x00000007f2000000, 0x00000007f2000000| Untracked 
[2025-11-10T00:25:37.436+0700][9.230s][19752][19893][trace] GC(2) | 217|0x00000007f3000000, 0x00000007f3000000, 0x00000007f4000000|  0%| F|  |TAMS 0x00000007f3000000, 0x00000007f3000000| Untracked 
[2025-11-10T00:25:37.436+0700][9.230s][19752][19893][trace] GC(2) | 218|0x00000007f4000000, 0x00000007f4000000, 0x00000007f5000000|  0%| F|  |TAMS 0x00000007f4000000, 0x00000007f4000000| Untracked 
[2025-11-10T00:25:37.436+0700][9.230s][19752][19893][trace] GC(2) | 219|0x00000007f5000000, 0x00000007f5000000, 0x00000007f6000000|  0%| F|  |TAMS 0x00000007f5000000, 0x00000007f5000000| Untracked 
[2025-11-10T00:25:37.436+0700][9.230s][19752][19893][trace] GC(2) | 220|0x00000007f6000000, 0x00000007f6000000, 0x00000007f7000000|  0%| F|  |TAMS 0x00000007f6000000, 0x00000007f6000000| Untracked 
[2025-11-10T00:25:37.436+0700][9.230s][19752][19893][trace] GC(2) | 221|0x00000007f7000000, 0x00000007f7000000, 0x00000007f8000000|  0%| F|  |TAMS 0x00000007f7000000, 0x00000007f7000000| Untracked 
[2025-11-10T00:25:37.436+0700][9.230s][19752][19893][trace] GC(2) | 222|0x00000007f8000000, 0x00000007f8000000, 0x00000007f9000000|  0%| F|  |TAMS 0x00000007f8000000, 0x00000007f8000000| Untracked 
[2025-11-10T00:25:37.436+0700][9.230s][19752][19893][trace] GC(2) | 223|0x00000007f9000000, 0x00000007f9000000, 0x00000007fa000000|  0%| F|  |TAMS 0x00000007f9000000, 0x00000007f9000000| Untracked 
[2025-11-10T00:25:37.436+0700][9.230s][19752][19893][trace] GC(2) | 224|0x00000007fa000000, 0x00000007fa000000, 0x00000007fb000000|  0%| F|  |TAMS 0x00000007fa000000, 0x00000007fa000000| Untracked 
[2025-11-10T00:25:37.436+0700][9.230s][19752][19893][trace] GC(2) | 225|0x00000007fb000000, 0x00000007fb000000, 0x00000007fc000000|  0%| F|  |TAMS 0x00000007fb000000, 0x00000007fb000000| Untracked 
[2025-11-10T00:25:37.436+0700][9.230s][19752][19893][trace] GC(2) | 226|0x00000007fc000000, 0x00000007fc000000, 0x00000007fd000000|  0%| F|  |TAMS 0x00000007fc000000, 0x00000007fc000000| Untracked 
[2025-11-10T00:25:37.436+0700][9.230s][19752][19893][trace] GC(2) | 227|0x00000007fd000000, 0x00000007fd000000, 0x00000007fe000000|  0%| F|  |TAMS 0x00000007fd000000, 0x00000007fd000000| Untracked 
[2025-11-10T00:25:37.436+0700][9.230s][19752][19893][trace] GC(2) | 228|0x00000007fe000000, 0x00000007fef48000, 0x00000007ff000000| 95%|OA|  |TAMS 0x00000007fef48000, 0x00000007fef48000| Untracked 
[2025-11-10T00:25:37.436+0700][9.230s][19752][19893][trace] GC(2) | 229|0x00000007ff000000, 0x00000007ff06c000, 0x0000000800000000|  2%|CA|  |TAMS 0x00000007ff06c000, 0x00000007ff06c000| Untracked 
[2025-11-10T00:25:37.436+0700][9.230s][19752][19893][info ] GC(2) Pause Young (Concurrent Start) (Metadata GC Threshold) 331M->30M(3680M) 18.887ms
[2025-11-10T00:25:37.436+0700][9.230s][19752][19857][info ] GC(3) Concurrent Cycle
[2025-11-10T00:25:37.436+0700][9.230s][19752][19893][info ] Leaving safepoint region
[2025-11-10T00:25:37.436+0700][9.230s][19752][19893][info ] Total time for which application threads were stopped: 0.0218311 seconds, Stopping threads took: 0.0000193 seconds
[2025-11-10T00:25:37.443+0700][9.238s][19752][19893][info ] Application time: 0.0072625 seconds
[2025-11-10T00:25:37.443+0700][9.238s][19752][19893][info ] Entering safepoint region: CGC_Operation
[2025-11-10T00:25:37.448+0700][9.242s][19752][19893][info ] GC(3) Pause Remark 46M->46M(3680M) 4.077ms
[2025-11-10T00:25:37.448+0700][9.242s][19752][19893][info ] Leaving safepoint region
[2025-11-10T00:25:37.448+0700][9.242s][19752][19893][info ] Total time for which application threads were stopped: 0.0042684 seconds, Stopping threads took: 0.0000400 seconds
[2025-11-10T00:25:37.449+0700][9.243s][19752][19893][info ] Application time: 0.0007551 seconds
[2025-11-10T00:25:37.449+0700][9.243s][19752][19893][info ] Entering safepoint region: CGC_Operation
[2025-11-10T00:25:37.449+0700][9.243s][19752][19893][info ] GC(3) Pause Cleanup 46M->46M(3680M) 0.082ms
[2025-11-10T00:25:37.449+0700][9.243s][19752][19893][info ] Leaving safepoint region
[2025-11-10T00:25:37.449+0700][9.243s][19752][19893][info ] Total time for which application threads were stopped: 0.0002028 seconds, Stopping threads took: 0.0000448 seconds
[2025-11-10T00:25:37.462+0700][9.256s][19752][19857][info ] GC(3) Concurrent Cycle 26.371ms
[2025-11-10T00:25:37.466+0700][9.260s][19752][19893][info ] Application time: 0.0175299 seconds
[2025-11-10T00:25:37.466+0700][9.260s][19752][19893][info ] Entering safepoint region: Deoptimize
[2025-11-10T00:25:37.467+0700][9.261s][19752][19893][info ] Leaving safepoint region
[2025-11-10T00:25:37.467+0700][9.261s][19752][19893][info ] Total time for which application threads were stopped: 0.0004258 seconds, Stopping threads took: 0.0000163 seconds
[2025-11-10T00:25:37.488+0700][9.282s][19752][19855][trace] Restored sun.nio.cs.US_ASCII$Encoder archived mirror 0x00000007fef22700
[2025-11-10T00:25:37.488+0700][9.283s][19752][19855][trace] Restored sun.nio.cs.Surrogate$Parser archived mirror 0x00000007fef22688
[2025-11-10T00:25:37.488+0700][9.283s][19752][19855][trace] Restored sun.nio.cs.Surrogate archived mirror 0x00000007fef22600
[2025-11-10T00:25:37.489+0700][9.283s][19752][19893][info ] Application time: 0.0221417 seconds
[2025-11-10T00:25:37.489+0700][9.283s][19752][19893][info ] Entering safepoint region: Deoptimize
[2025-11-10T00:25:37.489+0700][9.284s][19752][19893][info ] Leaving safepoint region
[2025-11-10T00:25:37.490+0700][9.284s][19752][19893][info ] Total time for which application threads were stopped: 0.0005905 seconds, Stopping threads took: 0.0000238 seconds
[2025-11-10T00:25:37.627+0700][9.421s][19752][19893][info ] Application time: 0.1376409 seconds
[2025-11-10T00:25:37.627+0700][9.421s][19752][19893][info ] Entering safepoint region: Deoptimize
[2025-11-10T00:25:37.628+0700][9.422s][19752][19893][info ] Leaving safepoint region
[2025-11-10T00:25:37.628+0700][9.422s][19752][19893][info ] Total time for which application threads were stopped: 0.0006130 seconds, Stopping threads took: 0.0000277 seconds
[2025-11-10T00:25:38.159+0700][9.953s][19752][19893][info ] Application time: 0.5309047 seconds
[2025-11-10T00:25:38.159+0700][9.953s][19752][19893][info ] Entering safepoint region: Deoptimize
[2025-11-10T00:25:38.159+0700][9.954s][19752][19893][info ] Leaving safepoint region
[2025-11-10T00:25:38.160+0700][9.954s][19752][19893][info ] Total time for which application threads were stopped: 0.0006914 seconds, Stopping threads took: 0.0000383 seconds
[2025-11-10T00:25:38.162+0700][9.956s][19752][19893][info ] Application time: 0.0027687 seconds
[2025-11-10T00:25:38.162+0700][9.956s][19752][19893][info ] Entering safepoint region: Deoptimize
[2025-11-10T00:25:38.163+0700][9.957s][19752][19893][info ] Leaving safepoint region
[2025-11-10T00:25:38.163+0700][9.957s][19752][19893][info ] Total time for which application threads were stopped: 0.0006883 seconds, Stopping threads took: 0.0000310 seconds
[2025-11-10T00:25:38.197+0700][9.991s][19752][19893][info ] Application time: 0.0335941 seconds
[2025-11-10T00:25:38.197+0700][9.991s][19752][19893][info ] Entering safepoint region: Deoptimize
[2025-11-10T00:25:38.197+0700][9.992s][19752][19893][info ] Leaving safepoint region
[2025-11-10T00:25:38.197+0700][9.992s][19752][19893][info ] Total time for which application threads were stopped: 0.0007240 seconds, Stopping threads took: 0.0000387 seconds
[2025-11-10T00:25:38.536+0700][10.331s][19752][19893][info ] Application time: 0.3390162 seconds
[2025-11-10T00:25:38.537+0700][10.331s][19752][19893][info ] Entering safepoint region: Deoptimize
[2025-11-10T00:25:38.537+0700][10.331s][19752][19893][info ] Leaving safepoint region
[2025-11-10T00:25:38.537+0700][10.331s][19752][19893][info ] Total time for which application threads were stopped: 0.0007492 seconds, Stopping threads took: 0.0000329 seconds
[2025-11-10T00:25:38.894+0700][10.688s][19752][19893][info ] Application time: 0.3563329 seconds
[2025-11-10T00:25:38.894+0700][10.688s][19752][19893][info ] Entering safepoint region: Deoptimize
[2025-11-10T00:25:38.894+0700][10.689s][19752][19893][info ] Leaving safepoint region
[2025-11-10T00:25:38.894+0700][10.689s][19752][19893][info ] Total time for which application threads were stopped: 0.0007598 seconds, Stopping threads took: 0.0000329 seconds
[2025-11-10T00:25:38.920+0700][10.714s][19752][19966][trace] Restored java.util.IdentityHashMap$IdentityHashMapIterator archived mirror 0x00000007fef00460
[2025-11-10T00:25:38.920+0700][10.714s][19752][19966][trace] Restored java.util.IdentityHashMap$KeyIterator archived mirror 0x00000007fef003f0
[2025-11-10T00:25:38.921+0700][10.716s][19752][19893][info ] Application time: 0.0269389 seconds
[2025-11-10T00:25:38.922+0700][10.716s][19752][19893][info ] Entering safepoint region: Deoptimize
[2025-11-10T00:25:38.922+0700][10.716s][19752][19893][info ] Leaving safepoint region
[2025-11-10T00:25:38.922+0700][10.716s][19752][19893][info ] Total time for which application threads were stopped: 0.0007703 seconds, Stopping threads took: 0.0000278 seconds
[2025-11-10T00:25:38.927+0700][10.721s][19752][19893][info ] Application time: 0.0045200 seconds
[2025-11-10T00:25:38.927+0700][10.721s][19752][19893][info ] Entering safepoint region: Deoptimize
[2025-11-10T00:25:38.928+0700][10.722s][19752][19893][info ] Leaving safepoint region
[2025-11-10T00:25:38.928+0700][10.722s][19752][19893][info ] Total time for which application threads were stopped: 0.0007313 seconds, Stopping threads took: 0.0000263 seconds
[2025-11-10T00:25:39.370+0700][11.164s][19752][19893][info ] Application time: 0.4421089 seconds
[2025-11-10T00:25:39.370+0700][11.164s][19752][19893][info ] Entering safepoint region: ICBufferFull
[2025-11-10T00:25:39.371+0700][11.165s][19752][19893][info ] Leaving safepoint region
[2025-11-10T00:25:39.371+0700][11.165s][19752][19893][info ] Total time for which application threads were stopped: 0.0012476 seconds, Stopping threads took: 0.0000302 seconds
[2025-11-10T00:25:39.441+0700][11.235s][19752][19893][info ] Application time: 0.0694379 seconds
[2025-11-10T00:25:39.441+0700][11.235s][19752][19893][info ] Entering safepoint region: Deoptimize
[2025-11-10T00:25:39.441+0700][11.235s][19752][19893][info ] Leaving safepoint region
[2025-11-10T00:25:39.441+0700][11.235s][19752][19893][info ] Total time for which application threads were stopped: 0.0007607 seconds, Stopping threads took: 0.0000315 seconds
[2025-11-10T00:25:40.442+0700][12.236s][19752][19893][info ] Application time: 1.0000935 seconds
[2025-11-10T00:25:40.442+0700][12.236s][19752][19893][info ] Entering safepoint region: Cleanup
[2025-11-10T00:25:40.442+0700][12.236s][19752][19893][info ] Leaving safepoint region
[2025-11-10T00:25:40.442+0700][12.236s][19752][19893][info ] Total time for which application threads were stopped: 0.0002767 seconds, Stopping threads took: 0.0000378 seconds
[2025-11-10T00:25:42.442+0700][14.236s][19752][19893][info ] Application time: 2.0004656 seconds
[2025-11-10T00:25:42.442+0700][14.237s][19752][19893][info ] Entering safepoint region: Cleanup
[2025-11-10T00:25:42.443+0700][14.237s][19752][19893][info ] Leaving safepoint region
[2025-11-10T00:25:42.443+0700][14.237s][19752][19893][info ] Total time for which application threads were stopped: 0.0002542 seconds, Stopping threads took: 0.0000425 seconds
[2025-11-10T00:25:43.443+0700][15.237s][19752][19893][info ] Application time: 1.0001152 seconds
[2025-11-10T00:25:43.443+0700][15.237s][19752][19893][info ] Entering safepoint region: Cleanup
[2025-11-10T00:25:43.443+0700][15.237s][19752][19893][info ] Leaving safepoint region
[2025-11-10T00:25:43.443+0700][15.237s][19752][19893][info ] Total time for which application threads were stopped: 0.0002623 seconds, Stopping threads took: 0.0000537 seconds
[2025-11-10T00:25:47.444+0700][19.238s][19752][19893][info ] Application time: 4.0004161 seconds
[2025-11-10T00:25:47.444+0700][19.238s][19752][19893][info ] Entering safepoint region: Cleanup
[2025-11-10T00:25:47.444+0700][19.238s][19752][19893][info ] Leaving safepoint region
[2025-11-10T00:25:47.444+0700][19.238s][19752][19893][info ] Total time for which application threads were stopped: 0.0002280 seconds, Stopping threads took: 0.0000501 seconds
[2025-11-10T00:25:48.444+0700][20.238s][19752][19893][info ] Application time: 1.0000812 seconds
[2025-11-10T00:25:48.444+0700][20.238s][19752][19893][info ] Entering safepoint region: Cleanup
[2025-11-10T00:25:48.444+0700][20.238s][19752][19893][info ] Leaving safepoint region
[2025-11-10T00:25:48.444+0700][20.238s][19752][19893][info ] Total time for which application threads were stopped: 0.0001182 seconds, Stopping threads took: 0.0000247 seconds
[2025-11-10T00:25:49.444+0700][21.239s][19752][19893][info ] Application time: 1.0001442 seconds
[2025-11-10T00:25:49.444+0700][21.239s][19752][19893][info ] Entering safepoint region: Cleanup
[2025-11-10T00:25:49.445+0700][21.239s][19752][19893][info ] Leaving safepoint region
[2025-11-10T00:25:49.445+0700][21.239s][19752][19893][info ] Total time for which application threads were stopped: 0.0003178 seconds, Stopping threads took: 0.0000486 seconds
[2025-11-10T00:25:51.445+0700][23.239s][19752][19893][info ] Application time: 2.0003859 seconds
[2025-11-10T00:25:51.445+0700][23.239s][19752][19893][info ] Entering safepoint region: Cleanup
[2025-11-10T00:25:51.445+0700][23.240s][19752][19893][info ] Leaving safepoint region
[2025-11-10T00:25:51.445+0700][23.240s][19752][19893][info ] Total time for which application threads were stopped: 0.0001736 seconds, Stopping threads took: 0.0000221 seconds
[2025-11-10T00:25:59.446+0700][31.240s][19752][19893][info ] Application time: 8.0007752 seconds
[2025-11-10T00:25:59.446+0700][31.240s][19752][19893][info ] Entering safepoint region: Cleanup
[2025-11-10T00:25:59.447+0700][31.241s][19752][19893][info ] Leaving safepoint region
[2025-11-10T00:25:59.447+0700][31.241s][19752][19893][info ] Total time for which application threads were stopped: 0.0002337 seconds, Stopping threads took: 0.0000353 seconds
[2025-11-10T00:26:09.949+0700][41.743s][19752][19893][info ] Application time: 10.5027528 seconds
[2025-11-10T00:26:09.950+0700][41.744s][19752][19893][info ] Entering safepoint region: ICBufferFull
[2025-11-10T00:26:09.950+0700][41.744s][19752][19893][info ] Leaving safepoint region
[2025-11-10T00:26:09.950+0700][41.744s][19752][19893][info ] Total time for which application threads were stopped: 0.0003764 seconds, Stopping threads took: 0.0000777 seconds
[2025-11-10T00:26:10.092+0700][41.886s][19752][19893][info ] Application time: 0.1420367 seconds
[2025-11-10T00:26:10.092+0700][41.886s][19752][19893][info ] Entering safepoint region: Deoptimize
[2025-11-10T00:26:10.094+0700][41.888s][19752][19893][info ] Leaving safepoint region
[2025-11-10T00:26:10.094+0700][41.888s][19752][19893][info ] Total time for which application threads were stopped: 0.0017963 seconds, Stopping threads took: 0.0000286 seconds
[2025-11-10T00:26:10.306+0700][42.100s][19752][19893][info ] Application time: 0.2122074 seconds
[2025-11-10T00:26:10.306+0700][42.100s][19752][19893][info ] Entering safepoint region: ICBufferFull
[2025-11-10T00:26:10.306+0700][42.100s][19752][19893][info ] Leaving safepoint region
[2025-11-10T00:26:10.306+0700][42.100s][19752][19893][info ] Total time for which application threads were stopped: 0.0002325 seconds, Stopping threads took: 0.0000253 seconds
[2025-11-10T00:26:10.614+0700][42.408s][19752][19893][info ] Application time: 0.3073027 seconds
[2025-11-10T00:26:10.614+0700][42.408s][19752][19893][info ] Entering safepoint region: ICBufferFull
[2025-11-10T00:26:10.614+0700][42.408s][19752][19893][info ] Leaving safepoint region
[2025-11-10T00:26:10.614+0700][42.408s][19752][19893][info ] Total time for which application threads were stopped: 0.0003435 seconds, Stopping threads took: 0.0000797 seconds
[2025-11-10T00:26:10.652+0700][42.446s][19752][19893][info ] Application time: 0.0376096 seconds
[2025-11-10T00:26:10.652+0700][42.446s][19752][19893][info ] Entering safepoint region: Deoptimize
[2025-11-10T00:26:10.653+0700][42.447s][19752][19893][info ] Leaving safepoint region
[2025-11-10T00:26:10.653+0700][42.447s][19752][19893][info ] Total time for which application threads were stopped: 0.0010245 seconds, Stopping threads took: 0.0000252 seconds
[2025-11-10T00:26:11.653+0700][43.447s][19752][19893][info ] Application time: 1.0000938 seconds
[2025-11-10T00:26:11.653+0700][43.447s][19752][19893][info ] Entering safepoint region: Cleanup
[2025-11-10T00:26:11.653+0700][43.447s][19752][19893][info ] Leaving safepoint region
[2025-11-10T00:26:11.653+0700][43.447s][19752][19893][info ] Total time for which application threads were stopped: 0.0003811 seconds, Stopping threads took: 0.0000395 seconds
[2025-11-10T00:26:12.653+0700][44.448s][19752][19893][info ] Application time: 1.0001273 seconds
[2025-11-10T00:26:12.654+0700][44.448s][19752][19893][info ] Entering safepoint region: Cleanup
[2025-11-10T00:26:12.654+0700][44.448s][19752][19893][info ] Leaving safepoint region
[2025-11-10T00:26:12.654+0700][44.448s][19752][19893][info ] Total time for which application threads were stopped: 0.0002453 seconds, Stopping threads took: 0.0000398 seconds
[2025-11-10T00:26:13.654+0700][45.448s][19752][19893][info ] Application time: 1.0000847 seconds
[2025-11-10T00:26:13.654+0700][45.448s][19752][19893][info ] Entering safepoint region: Cleanup
[2025-11-10T00:26:13.654+0700][45.448s][19752][19893][info ] Leaving safepoint region
[2025-11-10T00:26:13.654+0700][45.448s][19752][19893][info ] Total time for which application threads were stopped: 0.0001443 seconds, Stopping threads took: 0.0000286 seconds
[2025-11-10T00:26:14.654+0700][46.448s][19752][19893][info ] Application time: 1.0001243 seconds
[2025-11-10T00:26:14.654+0700][46.448s][19752][19893][info ] Entering safepoint region: Cleanup
[2025-11-10T00:26:14.655+0700][46.449s][19752][19893][info ] Leaving safepoint region
[2025-11-10T00:26:14.655+0700][46.449s][19752][19893][info ] Total time for which application threads were stopped: 0.0002570 seconds, Stopping threads took: 0.0000457 seconds
[2025-11-10T00:26:15.655+0700][47.449s][19752][19893][info ] Application time: 1.0000880 seconds
[2025-11-10T00:26:15.655+0700][47.449s][19752][19893][info ] Entering safepoint region: Cleanup
[2025-11-10T00:26:15.655+0700][47.449s][19752][19893][info ] Leaving safepoint region
[2025-11-10T00:26:15.655+0700][47.449s][19752][19893][info ] Total time for which application threads were stopped: 0.0001581 seconds, Stopping threads took: 0.0000312 seconds
[2025-11-10T00:26:16.655+0700][48.449s][19752][19893][info ] Application time: 1.0001081 seconds
[2025-11-10T00:26:16.655+0700][48.449s][19752][19893][info ] Entering safepoint region: Cleanup
[2025-11-10T00:26:16.655+0700][48.449s][19752][19893][info ] Leaving safepoint region
[2025-11-10T00:26:16.655+0700][48.449s][19752][19893][info ] Total time for which application threads were stopped: 0.0002255 seconds, Stopping threads took: 0.0000483 seconds
[2025-11-10T00:26:19.656+0700][51.450s][19752][19893][info ] Application time: 3.0003183 seconds
[2025-11-10T00:26:19.656+0700][51.450s][19752][19893][info ] Entering safepoint region: Cleanup
[2025-11-10T00:26:19.656+0700][51.450s][19752][19893][info ] Leaving safepoint region
[2025-11-10T00:26:19.656+0700][51.450s][19752][19893][info ] Total time for which application threads were stopped: 0.0003514 seconds, Stopping threads took: 0.0000484 seconds
[2025-11-10T00:26:20.656+0700][52.450s][19752][19893][info ] Application time: 1.0001238 seconds
[2025-11-10T00:26:20.656+0700][52.450s][19752][19893][info ] Entering safepoint region: Cleanup
[2025-11-10T00:26:20.657+0700][52.451s][19752][19893][info ] Leaving safepoint region
[2025-11-10T00:26:20.657+0700][52.451s][19752][19893][info ] Total time for which application threads were stopped: 0.0002544 seconds, Stopping threads took: 0.0000679 seconds
[2025-11-10T00:26:21.657+0700][53.451s][19752][19893][info ] Application time: 1.0001340 seconds
[2025-11-10T00:26:21.657+0700][53.451s][19752][19893][info ] Entering safepoint region: Cleanup
[2025-11-10T00:26:21.657+0700][53.451s][19752][19893][info ] Leaving safepoint region
[2025-11-10T00:26:21.657+0700][53.451s][19752][19893][info ] Total time for which application threads were stopped: 0.0003038 seconds, Stopping threads took: 0.0000372 seconds
[2025-11-10T00:26:26.658+0700][58.452s][19752][19893][info ] Application time: 5.0005430 seconds
[2025-11-10T00:26:26.658+0700][58.452s][19752][19893][info ] Entering safepoint region: Cleanup
[2025-11-10T00:26:26.658+0700][58.452s][19752][19893][info ] Leaving safepoint region
[2025-11-10T00:26:26.658+0700][58.452s][19752][19893][info ] Total time for which application threads were stopped: 0.0002614 seconds, Stopping threads took: 0.0000390 seconds
[2025-11-10T00:26:28.658+0700][60.452s][19752][19893][info ] Application time: 2.0002325 seconds
[2025-11-10T00:26:28.659+0700][60.453s][19752][19893][info ] Entering safepoint region: Cleanup
[2025-11-10T00:26:28.659+0700][60.453s][19752][19893][info ] Leaving safepoint region
[2025-11-10T00:26:28.659+0700][60.453s][19752][19893][info ] Total time for which application threads were stopped: 0.0004776 seconds, Stopping threads took: 0.0000814 seconds
[2025-11-10T00:26:29.659+0700][61.453s][19752][19893][info ] Application time: 1.0001217 seconds
[2025-11-10T00:26:29.659+0700][61.453s][19752][19893][info ] Entering safepoint region: Cleanup
[2025-11-10T00:26:29.659+0700][61.453s][19752][19893][info ] Leaving safepoint region
[2025-11-10T00:26:29.659+0700][61.454s][19752][19893][info ] Total time for which application threads were stopped: 0.0002088 seconds, Stopping threads took: 0.0000427 seconds
[2025-11-10T00:26:31.660+0700][63.454s][19752][19893][info ] Application time: 2.0002179 seconds
[2025-11-10T00:26:31.660+0700][63.454s][19752][19893][info ] Entering safepoint region: Cleanup
[2025-11-10T00:26:31.660+0700][63.454s][19752][19893][info ] Leaving safepoint region
[2025-11-10T00:26:31.660+0700][63.454s][19752][19893][info ] Total time for which application threads were stopped: 0.0002319 seconds, Stopping threads took: 0.0000388 seconds
[2025-11-10T00:26:32.660+0700][64.454s][19752][19893][info ] Application time: 1.0000978 seconds
[2025-11-10T00:26:32.660+0700][64.454s][19752][19893][info ] Entering safepoint region: Cleanup
[2025-11-10T00:26:32.660+0700][64.454s][19752][19893][info ] Leaving safepoint region
[2025-11-10T00:26:32.660+0700][64.454s][19752][19893][info ] Total time for which application threads were stopped: 0.0001463 seconds, Stopping threads took: 0.0000235 seconds
[2025-11-10T00:26:33.660+0700][65.455s][19752][19893][info ] Application time: 1.0000763 seconds
[2025-11-10T00:26:33.660+0700][65.455s][19752][19893][info ] Entering safepoint region: Cleanup
[2025-11-10T00:26:33.661+0700][65.455s][19752][19893][info ] Leaving safepoint region
[2025-11-10T00:26:33.661+0700][65.455s][19752][19893][info ] Total time for which application threads were stopped: 0.0001561 seconds, Stopping threads took: 0.0000220 seconds
[2025-11-10T00:26:34.661+0700][66.455s][19752][19893][info ] Application time: 1.0001287 seconds
[2025-11-10T00:26:34.661+0700][66.455s][19752][19893][info ] Entering safepoint region: Cleanup
[2025-11-10T00:26:34.661+0700][66.455s][19752][19893][info ] Leaving safepoint region
[2025-11-10T00:26:34.661+0700][66.455s][19752][19893][info ] Total time for which application threads were stopped: 0.0002101 seconds, Stopping threads took: 0.0000372 seconds
[2025-11-10T00:26:36.661+0700][68.455s][19752][19893][info ] Application time: 2.0002213 seconds
[2025-11-10T00:26:36.661+0700][68.456s][19752][19893][info ] Entering safepoint region: Cleanup
[2025-11-10T00:26:36.662+0700][68.456s][19752][19893][info ] Leaving safepoint region
[2025-11-10T00:26:36.662+0700][68.456s][19752][19893][info ] Total time for which application threads were stopped: 0.0002238 seconds, Stopping threads took: 0.0000448 seconds
[2025-11-10T00:26:46.663+0700][78.457s][19752][19893][info ] Application time: 10.0014425 seconds
[2025-11-10T00:26:46.663+0700][78.457s][19752][19893][info ] Entering safepoint region: Cleanup
[2025-11-10T00:26:46.663+0700][78.458s][19752][19893][info ] Leaving safepoint region
[2025-11-10T00:26:46.663+0700][78.458s][19752][19893][info ] Total time for which application threads were stopped: 0.0002834 seconds, Stopping threads took: 0.0000497 seconds
[2025-11-10T00:26:53.664+0700][85.458s][19752][19893][info ] Application time: 7.0006192 seconds
[2025-11-10T00:26:53.664+0700][85.458s][19752][19893][info ] Entering safepoint region: Cleanup
[2025-11-10T00:26:53.664+0700][85.458s][19752][19893][info ] Leaving safepoint region
[2025-11-10T00:26:53.664+0700][85.458s][19752][19893][info ] Total time for which application threads were stopped: 0.0001089 seconds, Stopping threads took: 0.0000239 seconds
[2025-11-10T00:26:54.665+0700][86.459s][19752][19893][info ] Application time: 1.0003347 seconds
[2025-11-10T00:26:54.665+0700][86.459s][19752][19893][info ] Entering safepoint region: Cleanup
[2025-11-10T00:26:54.665+0700][86.459s][19752][19893][info ] Leaving safepoint region
[2025-11-10T00:26:54.665+0700][86.459s][19752][19893][info ] Total time for which application threads were stopped: 0.0002398 seconds, Stopping threads took: 0.0000687 seconds
[2025-11-10T00:26:56.665+0700][88.459s][19752][19893][info ] Application time: 2.0004027 seconds
[2025-11-10T00:26:56.665+0700][88.460s][19752][19893][info ] Entering safepoint region: Cleanup
[2025-11-10T00:26:56.666+0700][88.460s][19752][19893][info ] Leaving safepoint region
[2025-11-10T00:26:56.666+0700][88.460s][19752][19893][info ] Total time for which application threads were stopped: 0.0001539 seconds, Stopping threads took: 0.0000344 seconds
[2025-11-10T00:26:57.666+0700][89.460s][19752][19893][info ] Application time: 1.0001518 seconds
[2025-11-10T00:26:57.666+0700][89.460s][19752][19893][info ] Entering safepoint region: Cleanup
[2025-11-10T00:26:57.666+0700][89.460s][19752][19893][info ] Leaving safepoint region
[2025-11-10T00:26:57.666+0700][89.460s][19752][19893][info ] Total time for which application threads were stopped: 0.0001624 seconds, Stopping threads took: 0.0000389 seconds
[2025-11-10T00:26:58.666+0700][90.460s][19752][19893][info ] Application time: 1.0000803 seconds
[2025-11-10T00:26:58.666+0700][90.460s][19752][19893][info ] Entering safepoint region: Cleanup
[2025-11-10T00:26:58.666+0700][90.460s][19752][19893][info ] Leaving safepoint region
[2025-11-10T00:26:58.666+0700][90.460s][19752][19893][info ] Total time for which application threads were stopped: 0.0001428 seconds, Stopping threads took: 0.0000222 seconds
[2025-11-10T00:26:59.666+0700][91.461s][19752][19893][info ] Application time: 1.0000917 seconds
[2025-11-10T00:26:59.667+0700][91.461s][19752][19893][info ] Entering safepoint region: Cleanup
[2025-11-10T00:26:59.667+0700][91.461s][19752][19893][info ] Leaving safepoint region
[2025-11-10T00:26:59.667+0700][91.461s][19752][19893][info ] Total time for which application threads were stopped: 0.0001702 seconds, Stopping threads took: 0.0000327 seconds
[2025-11-10T00:27:00.667+0700][92.461s][19752][19893][info ] Application time: 1.0001283 seconds
[2025-11-10T00:27:00.667+0700][92.461s][19752][19893][info ] Entering safepoint region: Cleanup
[2025-11-10T00:27:00.667+0700][92.461s][19752][19893][info ] Leaving safepoint region
[2025-11-10T00:27:00.667+0700][92.461s][19752][19893][info ] Total time for which application threads were stopped: 0.0002001 seconds, Stopping threads took: 0.0000367 seconds
[2025-11-10T00:27:01.667+0700][93.462s][19752][19893][info ] Application time: 1.0003458 seconds
[2025-11-10T00:27:01.668+0700][93.462s][19752][19893][info ] Entering safepoint region: Cleanup
[2025-11-10T00:27:01.668+0700][93.462s][19752][19893][info ] Leaving safepoint region
[2025-11-10T00:27:01.668+0700][93.462s][19752][19893][info ] Total time for which application threads were stopped: 0.0002412 seconds, Stopping threads took: 0.0000397 seconds
[2025-11-10T00:27:02.668+0700][94.462s][19752][19893][info ] Application time: 1.0001250 seconds
[2025-11-10T00:27:02.668+0700][94.462s][19752][19893][info ] Entering safepoint region: Cleanup
[2025-11-10T00:27:02.668+0700][94.462s][19752][19893][info ] Leaving safepoint region
[2025-11-10T00:27:02.668+0700][94.462s][19752][19893][info ] Total time for which application threads were stopped: 0.0001971 seconds, Stopping threads took: 0.0000378 seconds
[2025-11-10T00:27:03.668+0700][95.462s][19752][19893][info ] Application time: 1.0001270 seconds
[2025-11-10T00:27:03.668+0700][95.463s][19752][19893][info ] Entering safepoint region: Cleanup
[2025-11-10T00:27:03.669+0700][95.463s][19752][19893][info ] Leaving safepoint region
[2025-11-10T00:27:03.669+0700][95.463s][19752][19893][info ] Total time for which application threads were stopped: 0.0001923 seconds, Stopping threads took: 0.0000325 seconds
[2025-11-10T00:27:04.669+0700][96.463s][19752][19893][info ] Application time: 1.0001017 seconds
[2025-11-10T00:27:04.669+0700][96.463s][19752][19893][info ] Entering safepoint region: Cleanup
[2025-11-10T00:27:04.669+0700][96.463s][19752][19893][info ] Leaving safepoint region
[2025-11-10T00:27:04.669+0700][96.463s][19752][19893][info ] Total time for which application threads were stopped: 0.0001935 seconds, Stopping threads took: 0.0000334 seconds
[2025-11-10T00:27:05.669+0700][97.463s][19752][19893][info ] Application time: 1.0001244 seconds
[2025-11-10T00:27:05.669+0700][97.463s][19752][19893][info ] Entering safepoint region: Cleanup
[2025-11-10T00:27:05.669+0700][97.464s][19752][19893][info ] Leaving safepoint region
[2025-11-10T00:27:05.670+0700][97.464s][19752][19893][info ] Total time for which application threads were stopped: 0.0003454 seconds, Stopping threads took: 0.0000494 seconds
[2025-11-10T00:27:06.670+0700][98.464s][19752][19893][info ] Application time: 1.0001654 seconds
[2025-11-10T00:27:06.670+0700][98.464s][19752][19893][info ] Entering safepoint region: Cleanup
[2025-11-10T00:27:06.670+0700][98.464s][19752][19893][info ] Leaving safepoint region
[2025-11-10T00:27:06.670+0700][98.464s][19752][19893][info ] Total time for which application threads were stopped: 0.0001986 seconds, Stopping threads took: 0.0000399 seconds
[2025-11-10T00:27:07.670+0700][99.464s][19752][19893][info ] Application time: 1.0001596 seconds
[2025-11-10T00:27:07.670+0700][99.464s][19752][19893][info ] Entering safepoint region: Cleanup
[2025-11-10T00:27:07.671+0700][99.465s][19752][19893][info ] Leaving safepoint region
[2025-11-10T00:27:07.671+0700][99.465s][19752][19893][info ] Total time for which application threads were stopped: 0.0002324 seconds, Stopping threads took: 0.0000395 seconds
[2025-11-10T00:27:08.671+0700][100.465s][19752][19893][info ] Application time: 1.0001347 seconds
[2025-11-10T00:27:08.671+0700][100.465s][19752][19893][info ] Entering safepoint region: Cleanup
[2025-11-10T00:27:08.671+0700][100.465s][19752][19893][info ] Leaving safepoint region
[2025-11-10T00:27:08.671+0700][100.465s][19752][19893][info ] Total time for which application threads were stopped: 0.0002109 seconds, Stopping threads took: 0.0000378 seconds
[2025-11-10T00:27:09.671+0700][101.465s][19752][19893][info ] Application time: 1.0001615 seconds
[2025-11-10T00:27:09.671+0700][101.465s][19752][19893][info ] Entering safepoint region: Cleanup
[2025-11-10T00:27:09.672+0700][101.466s][19752][19893][info ] Leaving safepoint region
[2025-11-10T00:27:09.672+0700][101.466s][19752][19893][info ] Total time for which application threads were stopped: 0.0002597 seconds, Stopping threads took: 0.0000381 seconds
[2025-11-10T00:27:17.834+0700][109.628s][19752][19893][info ] Application time: 8.1621418 seconds
[2025-11-10T00:27:17.834+0700][109.628s][19752][19893][info ] Entering safepoint region: Deoptimize
[2025-11-10T00:27:17.835+0700][109.629s][19752][19893][info ] Leaving safepoint region
[2025-11-10T00:27:17.835+0700][109.629s][19752][19893][info ] Total time for which application threads were stopped: 0.0008962 seconds, Stopping threads took: 0.0000214 seconds
[2025-11-10T00:27:18.835+0700][110.629s][19752][19893][info ] Application time: 1.0003361 seconds
[2025-11-10T00:27:18.835+0700][110.629s][19752][19893][info ] Entering safepoint region: Cleanup
[2025-11-10T00:27:18.835+0700][110.630s][19752][19893][info ] Leaving safepoint region
[2025-11-10T00:27:18.836+0700][110.630s][19752][19893][info ] Total time for which application threads were stopped: 0.0004193 seconds, Stopping threads took: 0.0000916 seconds
[2025-11-10T00:27:19.836+0700][111.630s][19752][19893][info ] Application time: 1.0003252 seconds
[2025-11-10T00:27:19.836+0700][111.630s][19752][19893][info ] Entering safepoint region: Cleanup
[2025-11-10T00:27:19.836+0700][111.630s][19752][19893][info ] Leaving safepoint region
[2025-11-10T00:27:19.836+0700][111.630s][19752][19893][info ] Total time for which application threads were stopped: 0.0003024 seconds, Stopping threads took: 0.0000453 seconds
[2025-11-10T00:27:21.837+0700][113.631s][19752][19893][info ] Application time: 2.0003117 seconds
[2025-11-10T00:27:21.837+0700][113.631s][19752][19893][info ] Entering safepoint region: Cleanup
[2025-11-10T00:27:21.837+0700][113.631s][19752][19893][info ] Leaving safepoint region
[2025-11-10T00:27:21.837+0700][113.631s][19752][19893][info ] Total time for which application threads were stopped: 0.0003372 seconds, Stopping threads took: 0.0001353 seconds
[2025-11-10T00:27:28.838+0700][120.632s][19752][19893][info ] Application time: 7.0007743 seconds
[2025-11-10T00:27:28.838+0700][120.632s][19752][19893][info ] Entering safepoint region: Cleanup
[2025-11-10T00:27:28.838+0700][120.632s][19752][19893][info ] Leaving safepoint region
[2025-11-10T00:27:28.838+0700][120.632s][19752][19893][info ] Total time for which application threads were stopped: 0.0002888 seconds, Stopping threads took: 0.0000443 seconds
[2025-11-10T00:27:34.839+0700][126.633s][19752][19893][info ] Application time: 6.0006860 seconds
[2025-11-10T00:27:34.839+0700][126.633s][19752][19893][info ] Entering safepoint region: Cleanup
[2025-11-10T00:27:34.839+0700][126.634s][19752][19893][info ] Leaving safepoint region
[2025-11-10T00:27:34.839+0700][126.634s][19752][19893][info ] Total time for which application threads were stopped: 0.0002753 seconds, Stopping threads took: 0.0000395 seconds
[2025-11-10T00:27:36.840+0700][128.634s][19752][19893][info ] Application time: 2.0002268 seconds
[2025-11-10T00:27:36.840+0700][128.634s][19752][19893][info ] Entering safepoint region: Cleanup
[2025-11-10T00:27:36.840+0700][128.634s][19752][19893][info ] Leaving safepoint region
[2025-11-10T00:27:36.840+0700][128.634s][19752][19893][info ] Total time for which application threads were stopped: 0.0002327 seconds, Stopping threads took: 0.0000404 seconds
[2025-11-10T00:27:39.840+0700][131.635s][19752][19893][info ] Application time: 3.0003546 seconds
[2025-11-10T00:27:39.841+0700][131.635s][19752][19893][info ] Entering safepoint region: Cleanup
[2025-11-10T00:27:39.841+0700][131.635s][19752][19893][info ] Leaving safepoint region
[2025-11-10T00:27:39.841+0700][131.635s][19752][19893][info ] Total time for which application threads were stopped: 0.0003297 seconds, Stopping threads took: 0.0000858 seconds
[2025-11-10T00:27:40.841+0700][132.635s][19752][19893][info ] Application time: 1.0003408 seconds
[2025-11-10T00:27:40.841+0700][132.635s][19752][19893][info ] Entering safepoint region: Cleanup
[2025-11-10T00:27:40.842+0700][132.636s][19752][19893][info ] Leaving safepoint region
[2025-11-10T00:27:40.842+0700][132.636s][19752][19893][info ] Total time for which application threads were stopped: 0.0002808 seconds, Stopping threads took: 0.0000420 seconds
[2025-11-10T00:27:42.842+0700][134.636s][19752][19893][info ] Application time: 2.0002432 seconds
[2025-11-10T00:27:42.842+0700][134.636s][19752][19893][info ] Entering safepoint region: Cleanup
[2025-11-10T00:27:42.842+0700][134.636s][19752][19893][info ] Leaving safepoint region
[2025-11-10T00:27:42.842+0700][134.636s][19752][19893][info ] Total time for which application threads were stopped: 0.0002975 seconds, Stopping threads took: 0.0000434 seconds
[2025-11-10T00:27:45.739+0700][137.533s][19752][19893][info ] Application time: 2.8964641 seconds
[2025-11-10T00:27:45.739+0700][137.533s][19752][19893][info ] Entering safepoint region: ICBufferFull
[2025-11-10T00:27:45.739+0700][137.533s][19752][19893][info ] Leaving safepoint region
[2025-11-10T00:27:45.739+0700][137.533s][19752][19893][info ] Total time for which application threads were stopped: 0.0003929 seconds, Stopping threads took: 0.0001198 seconds
[2025-11-10T00:27:45.895+0700][137.689s][19752][19893][info ] Application time: 0.1560420 seconds
[2025-11-10T00:27:45.895+0700][137.689s][19752][19893][info ] Entering safepoint region: ICBufferFull
[2025-11-10T00:27:45.896+0700][137.690s][19752][19893][info ] Leaving safepoint region
[2025-11-10T00:27:45.896+0700][137.690s][19752][19893][info ] Total time for which application threads were stopped: 0.0002299 seconds, Stopping threads took: 0.0000242 seconds
[2025-11-10T00:27:46.896+0700][138.690s][19752][19893][info ] Application time: 1.0000844 seconds
[2025-11-10T00:27:46.896+0700][138.690s][19752][19893][info ] Entering safepoint region: Cleanup
[2025-11-10T00:27:46.896+0700][138.690s][19752][19893][info ] Leaving safepoint region
[2025-11-10T00:27:46.896+0700][138.690s][19752][19893][info ] Total time for which application threads were stopped: 0.0002223 seconds, Stopping threads took: 0.0000457 seconds
[2025-11-10T00:27:47.896+0700][139.690s][19752][19893][info ] Application time: 1.0001249 seconds
[2025-11-10T00:27:47.896+0700][139.690s][19752][19893][info ] Entering safepoint region: Cleanup
[2025-11-10T00:27:47.896+0700][139.691s][19752][19893][info ] Leaving safepoint region
[2025-11-10T00:27:47.897+0700][139.691s][19752][19893][info ] Total time for which application threads were stopped: 0.0003939 seconds, Stopping threads took: 0.0000464 seconds
[2025-11-10T00:27:48.897+0700][140.691s][19752][19893][info ] Application time: 1.0000877 seconds
[2025-11-10T00:27:48.897+0700][140.691s][19752][19893][info ] Entering safepoint region: Cleanup
[2025-11-10T00:27:48.897+0700][140.691s][19752][19893][info ] Leaving safepoint region
[2025-11-10T00:27:48.897+0700][140.691s][19752][19893][info ] Total time for which application threads were stopped: 0.0002149 seconds, Stopping threads took: 0.0000496 seconds
[2025-11-10T00:27:49.897+0700][141.691s][19752][19893][info ] Application time: 1.0001004 seconds
[2025-11-10T00:27:49.897+0700][141.691s][19752][19893][info ] Entering safepoint region: Cleanup
[2025-11-10T00:27:49.897+0700][141.691s][19752][19893][info ] Leaving safepoint region
[2025-11-10T00:27:49.897+0700][141.692s][19752][19893][info ] Total time for which application threads were stopped: 0.0003216 seconds, Stopping threads took: 0.0000559 seconds
[2025-11-10T00:28:02.899+0700][154.694s][19752][19893][info ] Application time: 13.0020097 seconds
[2025-11-10T00:28:02.900+0700][154.694s][19752][19893][info ] Entering safepoint region: Cleanup
[2025-11-10T00:28:02.900+0700][154.694s][19752][19893][info ] Leaving safepoint region
[2025-11-10T00:28:02.900+0700][154.694s][19752][19893][info ] Total time for which application threads were stopped: 0.0003028 seconds, Stopping threads took: 0.0000457 seconds
[2025-11-10T00:28:03.900+0700][155.694s][19752][19893][info ] Application time: 1.0001615 seconds
[2025-11-10T00:28:03.900+0700][155.694s][19752][19893][info ] Entering safepoint region: Cleanup
[2025-11-10T00:28:03.900+0700][155.695s][19752][19893][info ] Leaving safepoint region
[2025-11-10T00:28:03.900+0700][155.695s][19752][19893][info ] Total time for which application threads were stopped: 0.0003005 seconds, Stopping threads took: 0.0000455 seconds
[2025-11-10T00:28:10.902+0700][162.696s][19752][19893][info ] Application time: 7.0014468 seconds
[2025-11-10T00:28:10.902+0700][162.696s][19752][19893][info ] Entering safepoint region: Cleanup
[2025-11-10T00:28:10.902+0700][162.696s][19752][19893][info ] Leaving safepoint region
[2025-11-10T00:28:10.902+0700][162.696s][19752][19893][info ] Total time for which application threads were stopped: 0.0002600 seconds, Stopping threads took: 0.0000505 seconds
[2025-11-10T00:28:11.902+0700][163.696s][19752][19893][info ] Application time: 1.0000845 seconds
[2025-11-10T00:28:11.902+0700][163.697s][19752][19893][info ] Entering safepoint region: Cleanup
[2025-11-10T00:28:11.903+0700][163.697s][19752][19893][info ] Leaving safepoint region
[2025-11-10T00:28:11.903+0700][163.697s][19752][19893][info ] Total time for which application threads were stopped: 0.0001560 seconds, Stopping threads took: 0.0000366 seconds
[2025-11-10T00:28:12.903+0700][164.697s][19752][19893][info ] Application time: 1.0001755 seconds
[2025-11-10T00:28:12.903+0700][164.697s][19752][19893][info ] Entering safepoint region: Cleanup
[2025-11-10T00:28:12.903+0700][164.697s][19752][19893][info ] Leaving safepoint region
[2025-11-10T00:28:12.903+0700][164.697s][19752][19893][info ] Total time for which application threads were stopped: 0.0002813 seconds, Stopping threads took: 0.0000506 seconds
[2025-11-10T00:28:13.903+0700][165.697s][19752][19893][info ] Application time: 1.0000803 seconds
[2025-11-10T00:28:13.903+0700][165.697s][19752][19893][info ] Entering safepoint region: Cleanup
[2025-11-10T00:28:13.903+0700][165.698s][19752][19893][info ] Leaving safepoint region
[2025-11-10T00:28:13.903+0700][165.698s][19752][19893][info ] Total time for which application threads were stopped: 0.0001490 seconds, Stopping threads took: 0.0000295 seconds
[2025-11-10T00:28:14.904+0700][166.698s][19752][19893][info ] Application time: 1.0000816 seconds
[2025-11-10T00:28:14.904+0700][166.698s][19752][19893][info ] Entering safepoint region: Cleanup
[2025-11-10T00:28:14.904+0700][166.698s][19752][19893][info ] Leaving safepoint region
[2025-11-10T00:28:14.904+0700][166.698s][19752][19893][info ] Total time for which application threads were stopped: 0.0002639 seconds, Stopping threads took: 0.0000488 seconds
[2025-11-10T00:28:15.904+0700][167.698s][19752][19893][info ] Application time: 1.0000869 seconds
[2025-11-10T00:28:15.904+0700][167.698s][19752][19893][info ] Entering safepoint region: Cleanup
[2025-11-10T00:28:15.904+0700][167.698s][19752][19893][info ] Leaving safepoint region
[2025-11-10T00:28:15.904+0700][167.698s][19752][19893][info ] Total time for which application threads were stopped: 0.0002233 seconds, Stopping threads took: 0.0000344 seconds
[2025-11-10T00:28:16.904+0700][168.699s][19752][19893][info ] Application time: 1.0001225 seconds
[2025-11-10T00:28:16.904+0700][168.699s][19752][19893][info ] Entering safepoint region: Cleanup
[2025-11-10T00:28:16.905+0700][168.699s][19752][19893][info ] Leaving safepoint region
[2025-11-10T00:28:16.905+0700][168.699s][19752][19893][info ] Total time for which application threads were stopped: 0.0002680 seconds, Stopping threads took: 0.0000413 seconds
[2025-11-10T00:28:17.905+0700][169.699s][19752][19893][info ] Application time: 1.0000998 seconds
[2025-11-10T00:28:17.905+0700][169.699s][19752][19893][info ] Entering safepoint region: Cleanup
[2025-11-10T00:28:17.905+0700][169.699s][19752][19893][info ] Leaving safepoint region
[2025-11-10T00:28:17.905+0700][169.699s][19752][19893][info ] Total time for which application threads were stopped: 0.0002815 seconds, Stopping threads took: 0.0000492 seconds
[2025-11-10T00:28:18.905+0700][170.699s][19752][19893][info ] Application time: 1.0000916 seconds
[2025-11-10T00:28:18.905+0700][170.700s][19752][19893][info ] Entering safepoint region: Cleanup
[2025-11-10T00:28:18.906+0700][170.700s][19752][19893][info ] Leaving safepoint region
[2025-11-10T00:28:18.906+0700][170.700s][19752][19893][info ] Total time for which application threads were stopped: 0.0002035 seconds, Stopping threads took: 0.0000376 seconds
[2025-11-10T00:28:19.906+0700][171.700s][19752][19893][info ] Application time: 1.0001289 seconds
[2025-11-10T00:28:19.906+0700][171.700s][19752][19893][info ] Entering safepoint region: Cleanup
[2025-11-10T00:28:19.906+0700][171.700s][19752][19893][info ] Leaving safepoint region
[2025-11-10T00:28:19.906+0700][171.700s][19752][19893][info ] Total time for which application threads were stopped: 0.0002538 seconds, Stopping threads took: 0.0000420 seconds
[2025-11-10T00:28:20.906+0700][172.700s][19752][19893][info ] Application time: 1.0000973 seconds
[2025-11-10T00:28:20.906+0700][172.700s][19752][19893][info ] Entering safepoint region: Cleanup
[2025-11-10T00:28:20.907+0700][172.701s][19752][19893][info ] Leaving safepoint region
[2025-11-10T00:28:20.907+0700][172.701s][19752][19893][info ] Total time for which application threads were stopped: 0.0002737 seconds, Stopping threads took: 0.0000452 seconds
[2025-11-10T00:28:21.907+0700][173.701s][19752][19893][info ] Application time: 1.0001310 seconds
[2025-11-10T00:28:21.907+0700][173.701s][19752][19893][info ] Entering safepoint region: Cleanup
[2025-11-10T00:28:21.907+0700][173.701s][19752][19893][info ] Leaving safepoint region
[2025-11-10T00:28:21.907+0700][173.701s][19752][19893][info ] Total time for which application threads were stopped: 0.0002529 seconds, Stopping threads took: 0.0000443 seconds
[2025-11-10T00:28:22.907+0700][174.701s][19752][19893][info ] Application time: 1.0001249 seconds
[2025-11-10T00:28:22.907+0700][174.701s][19752][19893][info ] Entering safepoint region: Cleanup
[2025-11-10T00:28:22.907+0700][174.702s][19752][19893][info ] Leaving safepoint region
[2025-11-10T00:28:22.908+0700][174.702s][19752][19893][info ] Total time for which application threads were stopped: 0.0002185 seconds, Stopping threads took: 0.0000442 seconds
[2025-11-10T00:28:23.908+0700][175.702s][19752][19893][info ] Application time: 1.0001274 seconds
[2025-11-10T00:28:23.908+0700][175.702s][19752][19893][info ] Entering safepoint region: Cleanup
[2025-11-10T00:28:23.908+0700][175.702s][19752][19893][info ] Leaving safepoint region
[2025-11-10T00:28:23.908+0700][175.702s][19752][19893][info ] Total time for which application threads were stopped: 0.0002918 seconds, Stopping threads took: 0.0000449 seconds
[2025-11-10T00:28:24.908+0700][176.702s][19752][19893][info ] Application time: 1.0000940 seconds
[2025-11-10T00:28:24.908+0700][176.702s][19752][19893][info ] Entering safepoint region: Cleanup
[2025-11-10T00:28:24.909+0700][176.703s][19752][19893][info ] Leaving safepoint region
[2025-11-10T00:28:24.909+0700][176.703s][19752][19893][info ] Total time for which application threads were stopped: 0.0003092 seconds, Stopping threads took: 0.0000406 seconds
[2025-11-10T00:28:25.909+0700][177.703s][19752][19893][info ] Application time: 1.0001315 seconds
[2025-11-10T00:28:25.909+0700][177.703s][19752][19893][info ] Entering safepoint region: Cleanup
[2025-11-10T00:28:25.909+0700][177.703s][19752][19893][info ] Leaving safepoint region
[2025-11-10T00:28:25.909+0700][177.703s][19752][19893][info ] Total time for which application threads were stopped: 0.0002836 seconds, Stopping threads took: 0.0000420 seconds
[2025-11-10T00:28:26.909+0700][178.703s][19752][19893][info ] Application time: 1.0001268 seconds
[2025-11-10T00:28:26.909+0700][178.703s][19752][19893][info ] Entering safepoint region: Cleanup
[2025-11-10T00:28:26.909+0700][178.704s][19752][19893][info ] Leaving safepoint region
[2025-11-10T00:28:26.910+0700][178.704s][19752][19893][info ] Total time for which application threads were stopped: 0.0002055 seconds, Stopping threads took: 0.0000418 seconds
[2025-11-10T00:28:27.910+0700][179.704s][19752][19893][info ] Application time: 1.0001286 seconds
[2025-11-10T00:28:27.910+0700][179.704s][19752][19893][info ] Entering safepoint region: Cleanup
[2025-11-10T00:28:27.910+0700][179.704s][19752][19893][info ] Leaving safepoint region
[2025-11-10T00:28:27.910+0700][179.704s][19752][19893][info ] Total time for which application threads were stopped: 0.0002463 seconds, Stopping threads took: 0.0000434 seconds
[2025-11-10T00:28:28.910+0700][180.704s][19752][19893][info ] Application time: 1.0001002 seconds
[2025-11-10T00:28:28.910+0700][180.704s][19752][19893][info ] Entering safepoint region: Cleanup
[2025-11-10T00:28:28.910+0700][180.705s][19752][19893][info ] Leaving safepoint region
[2025-11-10T00:28:28.910+0700][180.705s][19752][19893][info ] Total time for which application threads were stopped: 0.0002236 seconds, Stopping threads took: 0.0000457 seconds
[2025-11-10T00:28:29.911+0700][181.705s][19752][19893][info ] Application time: 1.0001822 seconds
[2025-11-10T00:28:29.911+0700][181.705s][19752][19893][info ] Entering safepoint region: Cleanup
[2025-11-10T00:28:29.911+0700][181.705s][19752][19893][info ] Leaving safepoint region
[2025-11-10T00:28:29.911+0700][181.705s][19752][19893][info ] Total time for which application threads were stopped: 0.0002519 seconds, Stopping threads took: 0.0000456 seconds
[2025-11-10T00:28:30.911+0700][182.705s][19752][19893][info ] Application time: 1.0001269 seconds
[2025-11-10T00:28:30.911+0700][182.705s][19752][19893][info ] Entering safepoint region: Cleanup
[2025-11-10T00:28:30.912+0700][182.706s][19752][19893][info ] Leaving safepoint region
[2025-11-10T00:28:30.912+0700][182.706s][19752][19893][info ] Total time for which application threads were stopped: 0.0002716 seconds, Stopping threads took: 0.0000424 seconds
[2025-11-10T00:28:31.912+0700][183.706s][19752][19893][info ] Application time: 1.0001500 seconds
[2025-11-10T00:28:31.912+0700][183.706s][19752][19893][info ] Entering safepoint region: Cleanup
[2025-11-10T00:28:31.912+0700][183.706s][19752][19893][info ] Leaving safepoint region
[2025-11-10T00:28:31.912+0700][183.706s][19752][19893][info ] Total time for which application threads were stopped: 0.0002819 seconds, Stopping threads took: 0.0000434 seconds
[2025-11-10T00:28:32.912+0700][184.706s][19752][19893][info ] Application time: 1.0000924 seconds
[2025-11-10T00:28:32.912+0700][184.706s][19752][19893][info ] Entering safepoint region: Cleanup
[2025-11-10T00:28:32.913+0700][184.707s][19752][19893][info ] Leaving safepoint region
[2025-11-10T00:28:32.913+0700][184.707s][19752][19893][info ] Total time for which application threads were stopped: 0.0002954 seconds, Stopping threads took: 0.0000702 seconds
[2025-11-10T00:28:33.913+0700][185.707s][19752][19893][info ] Application time: 1.0001043 seconds
[2025-11-10T00:28:33.913+0700][185.707s][19752][19893][info ] Entering safepoint region: Cleanup
[2025-11-10T00:28:33.913+0700][185.707s][19752][19893][info ] Leaving safepoint region
[2025-11-10T00:28:33.913+0700][185.707s][19752][19893][info ] Total time for which application threads were stopped: 0.0002143 seconds, Stopping threads took: 0.0000395 seconds
[2025-11-10T00:28:34.913+0700][186.707s][19752][19893][info ] Application time: 1.0000871 seconds
[2025-11-10T00:28:34.913+0700][186.707s][19752][19893][info ] Entering safepoint region: Cleanup
[2025-11-10T00:28:34.913+0700][186.707s][19752][19893][info ] Leaving safepoint region
[2025-11-10T00:28:34.913+0700][186.708s][19752][19893][info ] Total time for which application threads were stopped: 0.0002296 seconds, Stopping threads took: 0.0000434 seconds
[2025-11-10T00:28:35.914+0700][187.708s][19752][19893][info ] Application time: 1.0001309 seconds
[2025-11-10T00:28:35.914+0700][187.708s][19752][19893][info ] Entering safepoint region: Cleanup
[2025-11-10T00:28:35.914+0700][187.708s][19752][19893][info ] Leaving safepoint region
[2025-11-10T00:28:35.914+0700][187.708s][19752][19893][info ] Total time for which application threads were stopped: 0.0002565 seconds, Stopping threads took: 0.0000591 seconds
[2025-11-10T00:28:36.914+0700][188.708s][19752][19893][info ] Application time: 1.0001233 seconds
[2025-11-10T00:28:36.914+0700][188.708s][19752][19893][info ] Entering safepoint region: Cleanup
[2025-11-10T00:28:36.915+0700][188.709s][19752][19893][info ] Leaving safepoint region
[2025-11-10T00:28:36.915+0700][188.709s][19752][19893][info ] Total time for which application threads were stopped: 0.0003497 seconds, Stopping threads took: 0.0000411 seconds
[2025-11-10T00:28:37.915+0700][189.709s][19752][19893][info ] Application time: 1.0001595 seconds
[2025-11-10T00:28:37.915+0700][189.709s][19752][19893][info ] Entering safepoint region: Cleanup
[2025-11-10T00:28:37.915+0700][189.709s][19752][19893][info ] Leaving safepoint region
[2025-11-10T00:28:37.923+0700][189.717s][19752][19893][info ] Total time for which application threads were stopped: 0.0079077 seconds, Stopping threads took: 0.0000428 seconds
[2025-11-10T00:28:38.923+0700][190.717s][19752][19893][info ] Application time: 1.0001268 seconds
[2025-11-10T00:28:38.923+0700][190.717s][19752][19893][info ] Entering safepoint region: Cleanup
[2025-11-10T00:28:38.923+0700][190.717s][19752][19893][info ] Leaving safepoint region
[2025-11-10T00:28:38.923+0700][190.717s][19752][19893][info ] Total time for which application threads were stopped: 0.0002501 seconds, Stopping threads took: 0.0000422 seconds
[2025-11-10T00:28:39.923+0700][191.717s][19752][19893][info ] Application time: 1.0000940 seconds
[2025-11-10T00:28:39.923+0700][191.718s][19752][19893][info ] Entering safepoint region: Cleanup
[2025-11-10T00:28:39.924+0700][191.718s][19752][19893][info ] Leaving safepoint region
[2025-11-10T00:28:39.924+0700][191.718s][19752][19893][info ] Total time for which application threads were stopped: 0.0002918 seconds, Stopping threads took: 0.0000434 seconds
[2025-11-10T00:28:40.924+0700][192.718s][19752][19893][info ] Application time: 1.0001262 seconds
[2025-11-10T00:28:40.924+0700][192.718s][19752][19893][info ] Entering safepoint region: Cleanup
[2025-11-10T00:28:40.924+0700][192.718s][19752][19893][info ] Leaving safepoint region
[2025-11-10T00:28:40.924+0700][192.718s][19752][19893][info ] Total time for which application threads were stopped: 0.0003111 seconds, Stopping threads took: 0.0000452 seconds
[2025-11-10T00:28:41.924+0700][193.719s][19752][19893][info ] Application time: 1.0001325 seconds
[2025-11-10T00:28:41.925+0700][193.719s][19752][19893][info ] Entering safepoint region: Cleanup
[2025-11-10T00:28:41.925+0700][193.719s][19752][19893][info ] Leaving safepoint region
[2025-11-10T00:28:41.925+0700][193.719s][19752][19893][info ] Total time for which application threads were stopped: 0.0003128 seconds, Stopping threads took: 0.0000639 seconds
[2025-11-10T00:28:42.925+0700][194.719s][19752][19893][info ] Application time: 1.0001262 seconds
[2025-11-10T00:28:42.925+0700][194.719s][19752][19893][info ] Entering safepoint region: Cleanup
[2025-11-10T00:28:42.925+0700][194.719s][19752][19893][info ] Leaving safepoint region
[2025-11-10T00:28:42.925+0700][194.719s][19752][19893][info ] Total time for which application threads were stopped: 0.0003019 seconds, Stopping threads took: 0.0001165 seconds
[2025-11-10T00:28:43.925+0700][195.720s][19752][19893][info ] Application time: 1.0001367 seconds
[2025-11-10T00:28:43.926+0700][195.720s][19752][19893][info ] Entering safepoint region: Cleanup
[2025-11-10T00:28:43.926+0700][195.720s][19752][19893][info ] Leaving safepoint region
[2025-11-10T00:28:43.926+0700][195.720s][19752][19893][info ] Total time for which application threads were stopped: 0.0003504 seconds, Stopping threads took: 0.0000425 seconds
[2025-11-10T00:28:44.926+0700][196.720s][19752][19893][info ] Application time: 1.0001882 seconds
[2025-11-10T00:28:44.926+0700][196.720s][19752][19893][info ] Entering safepoint region: Cleanup
[2025-11-10T00:28:44.927+0700][196.721s][19752][19893][info ] Leaving safepoint region
[2025-11-10T00:28:44.934+0700][196.728s][19752][19893][info ] Total time for which application threads were stopped: 0.0077153 seconds, Stopping threads took: 0.0000546 seconds
[2025-11-10T00:28:47.934+0700][199.728s][19752][19893][info ] Application time: 3.0003593 seconds
[2025-11-10T00:28:47.934+0700][199.729s][19752][19893][info ] Entering safepoint region: Cleanup
[2025-11-10T00:28:47.935+0700][199.729s][19752][19893][info ] Leaving safepoint region
[2025-11-10T00:28:47.935+0700][199.729s][19752][19893][info ] Total time for which application threads were stopped: 0.0002048 seconds, Stopping threads took: 0.0000409 seconds
[2025-11-10T00:28:49.935+0700][201.729s][19752][19893][info ] Application time: 2.0004657 seconds
[2025-11-10T00:28:49.935+0700][201.729s][19752][19893][info ] Entering safepoint region: Cleanup
[2025-11-10T00:28:49.935+0700][201.730s][19752][19893][info ] Leaving safepoint region
[2025-11-10T00:28:49.935+0700][201.730s][19752][19893][info ] Total time for which application threads were stopped: 0.0002748 seconds, Stopping threads took: 0.0000450 seconds
[2025-11-10T00:28:55.937+0700][207.731s][19752][19893][info ] Application time: 6.0014241 seconds
[2025-11-10T00:28:55.937+0700][207.731s][19752][19893][info ] Entering safepoint region: Cleanup
[2025-11-10T00:28:55.937+0700][207.731s][19752][19893][info ] Leaving safepoint region
[2025-11-10T00:28:55.937+0700][207.731s][19752][19893][info ] Total time for which application threads were stopped: 0.0002893 seconds, Stopping threads took: 0.0000454 seconds
[2025-11-10T00:28:59.938+0700][211.732s][19752][19893][info ] Application time: 4.0004746 seconds
[2025-11-10T00:28:59.938+0700][211.732s][19752][19893][info ] Entering safepoint region: Cleanup
[2025-11-10T00:28:59.938+0700][211.732s][19752][19893][info ] Leaving safepoint region
[2025-11-10T00:28:59.938+0700][211.732s][19752][19893][info ] Total time for which application threads were stopped: 0.0003127 seconds, Stopping threads took: 0.0000446 seconds
[2025-11-10T00:29:05.939+0700][217.733s][19752][19893][info ] Application time: 6.0008800 seconds
[2025-11-10T00:29:05.939+0700][217.733s][19752][19893][info ] Entering safepoint region: Cleanup
[2025-11-10T00:29:05.940+0700][217.734s][19752][19893][info ] Leaving safepoint region
[2025-11-10T00:29:05.940+0700][217.734s][19752][19893][info ] Total time for which application threads were stopped: 0.0003746 seconds, Stopping threads took: 0.0001279 seconds
[2025-11-10T00:29:09.940+0700][221.735s][19752][19893][info ] Application time: 4.0008244 seconds
[2025-11-10T00:29:09.941+0700][221.735s][19752][19893][info ] Entering safepoint region: Cleanup
[2025-11-10T00:29:09.941+0700][221.735s][19752][19893][info ] Leaving safepoint region
[2025-11-10T00:29:09.941+0700][221.735s][19752][19893][info ] Total time for which application threads were stopped: 0.0003802 seconds, Stopping threads took: 0.0001093 seconds
[2025-11-10T00:29:15.942+0700][227.736s][19752][19893][info ] Application time: 6.0005645 seconds
[2025-11-10T00:29:15.942+0700][227.736s][19752][19893][info ] Entering safepoint region: Cleanup
[2025-11-10T00:29:15.942+0700][227.736s][19752][19893][info ] Leaving safepoint region
[2025-11-10T00:29:15.942+0700][227.736s][19752][19893][info ] Total time for which application threads were stopped: 0.0002200 seconds, Stopping threads took: 0.0000434 seconds
[2025-11-10T00:29:16.942+0700][228.736s][19752][19893][info ] Application time: 1.0003883 seconds
[2025-11-10T00:29:16.942+0700][228.736s][19752][19893][info ] Entering safepoint region: Cleanup
[2025-11-10T00:29:16.943+0700][228.737s][19752][19893][info ] Leaving safepoint region
[2025-11-10T00:29:16.943+0700][228.737s][19752][19893][info ] Total time for which application threads were stopped: 0.0002975 seconds, Stopping threads took: 0.0000439 seconds
[2025-11-10T00:29:19.943+0700][231.738s][19752][19893][info ] Application time: 3.0008144 seconds
[2025-11-10T00:29:19.944+0700][231.738s][19752][19893][info ] Entering safepoint region: Cleanup
[2025-11-10T00:29:19.944+0700][231.738s][19752][19893][info ] Leaving safepoint region
[2025-11-10T00:29:19.944+0700][231.738s][19752][19893][info ] Total time for which application threads were stopped: 0.0002479 seconds, Stopping threads took: 0.0000424 seconds
[2025-11-10T00:29:29.945+0700][241.739s][19752][19893][info ] Application time: 10.0009556 seconds
[2025-11-10T00:29:29.945+0700][241.739s][19752][19893][info ] Entering safepoint region: Cleanup
[2025-11-10T00:29:29.945+0700][241.739s][19752][19893][info ] Leaving safepoint region
[2025-11-10T00:29:29.945+0700][241.739s][19752][19893][info ] Total time for which application threads were stopped: 0.0002944 seconds, Stopping threads took: 0.0000448 seconds
[2025-11-10T00:29:39.946+0700][251.740s][19752][19893][info ] Application time: 10.0011891 seconds
[2025-11-10T00:29:39.946+0700][251.741s][19752][19893][info ] Entering safepoint region: Cleanup
[2025-11-10T00:29:39.947+0700][251.741s][19752][19893][info ] Leaving safepoint region
[2025-11-10T00:29:39.947+0700][251.741s][19752][19893][info ] Total time for which application threads were stopped: 0.0002076 seconds, Stopping threads took: 0.0000452 seconds
[2025-11-10T00:29:51.948+0700][263.742s][19752][19893][info ] Application time: 12.0016304 seconds
[2025-11-10T00:29:51.948+0700][263.743s][19752][19893][info ] Entering safepoint region: Cleanup
[2025-11-10T00:29:51.949+0700][263.743s][19752][19893][info ] Leaving safepoint region
[2025-11-10T00:29:51.949+0700][263.743s][19752][19893][info ] Total time for which application threads were stopped: 0.0002654 seconds, Stopping threads took: 0.0000436 seconds
[2025-11-10T00:29:53.949+0700][265.743s][19752][19893][info ] Application time: 2.0003123 seconds
[2025-11-10T00:29:53.949+0700][265.743s][19752][19893][info ] Entering safepoint region: Cleanup
[2025-11-10T00:29:53.949+0700][265.743s][19752][19893][info ] Leaving safepoint region
[2025-11-10T00:29:53.949+0700][265.743s][19752][19893][info ] Total time for which application threads were stopped: 0.0002862 seconds, Stopping threads took: 0.0000434 seconds
[2025-11-10T00:29:54.950+0700][266.744s][19752][19893][info ] Application time: 1.0001877 seconds
[2025-11-10T00:29:54.950+0700][266.744s][19752][19893][info ] Entering safepoint region: Cleanup
[2025-11-10T00:29:54.950+0700][266.744s][19752][19893][info ] Leaving safepoint region
[2025-11-10T00:29:54.950+0700][266.744s][19752][19893][info ] Total time for which application threads were stopped: 0.0003194 seconds, Stopping threads took: 0.0000688 seconds
[2025-11-10T00:29:56.950+0700][268.744s][19752][19893][info ] Application time: 2.0002274 seconds
[2025-11-10T00:29:56.950+0700][268.744s][19752][19893][info ] Entering safepoint region: Cleanup
[2025-11-10T00:29:56.951+0700][268.745s][19752][19893][info ] Leaving safepoint region
[2025-11-10T00:29:56.951+0700][268.745s][19752][19893][info ] Total time for which application threads were stopped: 0.0002955 seconds, Stopping threads took: 0.0000426 seconds
[2025-11-10T00:29:59.951+0700][271.745s][19752][19893][info ] Application time: 3.0004053 seconds
[2025-11-10T00:29:59.951+0700][271.745s][19752][19893][info ] Entering safepoint region: Cleanup
[2025-11-10T00:29:59.951+0700][271.746s][19752][19893][info ] Leaving safepoint region
[2025-11-10T00:29:59.952+0700][271.746s][19752][19893][info ] Total time for which application threads were stopped: 0.0003037 seconds, Stopping threads took: 0.0000858 seconds
[2025-11-10T00:30:02.952+0700][274.746s][19752][19893][info ] Application time: 3.0003814 seconds
[2025-11-10T00:30:02.952+0700][274.746s][19752][19893][info ] Entering safepoint region: Cleanup
[2025-11-10T00:30:02.952+0700][274.746s][19752][19893][info ] Leaving safepoint region
[2025-11-10T00:30:02.952+0700][274.746s][19752][19893][info ] Total time for which application threads were stopped: 0.0002610 seconds, Stopping threads took: 0.0000514 seconds
[2025-11-10T00:30:03.952+0700][275.747s][19752][19893][info ] Application time: 1.0000967 seconds
[2025-11-10T00:30:03.953+0700][275.747s][19752][19893][info ] Entering safepoint region: Cleanup
[2025-11-10T00:30:03.953+0700][275.747s][19752][19893][info ] Leaving safepoint region
[2025-11-10T00:30:03.953+0700][275.747s][19752][19893][info ] Total time for which application threads were stopped: 0.0003084 seconds, Stopping threads took: 0.0000854 seconds
[2025-11-10T00:30:04.953+0700][276.747s][19752][19893][info ] Application time: 1.0000933 seconds
[2025-11-10T00:30:04.953+0700][276.747s][19752][19893][info ] Entering safepoint region: Cleanup
[2025-11-10T00:30:04.953+0700][276.747s][19752][19893][info ] Leaving safepoint region
[2025-11-10T00:30:04.953+0700][276.747s][19752][19893][info ] Total time for which application threads were stopped: 0.0003066 seconds, Stopping threads took: 0.0001370 seconds
[2025-11-10T00:30:05.953+0700][277.748s][19752][19893][info ] Application time: 1.0000947 seconds
[2025-11-10T00:30:05.954+0700][277.748s][19752][19893][info ] Entering safepoint region: Cleanup
[2025-11-10T00:30:05.954+0700][277.748s][19752][19893][info ] Leaving safepoint region
[2025-11-10T00:30:05.954+0700][277.748s][19752][19893][info ] Total time for which application threads were stopped: 0.0002456 seconds, Stopping threads took: 0.0000501 seconds
[2025-11-10T00:30:06.954+0700][278.748s][19752][19893][info ] Application time: 1.0000813 seconds
[2025-11-10T00:30:06.954+0700][278.748s][19752][19893][info ] Entering safepoint region: Cleanup
[2025-11-10T00:30:06.954+0700][278.748s][19752][19893][info ] Leaving safepoint region
[2025-11-10T00:30:06.954+0700][278.748s][19752][19893][info ] Total time for which application threads were stopped: 0.0001717 seconds, Stopping threads took: 0.0000333 seconds
[2025-11-10T00:30:07.954+0700][279.749s][19752][19893][info ] Application time: 1.0003303 seconds
[2025-11-10T00:30:07.955+0700][279.749s][19752][19893][info ] Entering safepoint region: Cleanup
[2025-11-10T00:30:07.955+0700][279.749s][19752][19893][info ] Leaving safepoint region
[2025-11-10T00:30:07.955+0700][279.749s][19752][19893][info ] Total time for which application threads were stopped: 0.0002887 seconds, Stopping threads took: 0.0000473 seconds
[2025-11-10T00:30:08.955+0700][280.749s][19752][19893][info ] Application time: 1.0000850 seconds
[2025-11-10T00:30:08.955+0700][280.749s][19752][19893][info ] Entering safepoint region: Cleanup
[2025-11-10T00:30:08.955+0700][280.749s][19752][19893][info ] Leaving safepoint region
[2025-11-10T00:30:08.955+0700][280.749s][19752][19893][info ] Total time for which application threads were stopped: 0.0001778 seconds, Stopping threads took: 0.0000334 seconds
[2025-11-10T00:30:09.955+0700][281.749s][19752][19893][info ] Application time: 1.0001264 seconds
[2025-11-10T00:30:09.955+0700][281.750s][19752][19893][info ] Entering safepoint region: Cleanup
[2025-11-10T00:30:09.956+0700][281.750s][19752][19893][info ] Leaving safepoint region
[2025-11-10T00:30:09.956+0700][281.750s][19752][19893][info ] Total time for which application threads were stopped: 0.0002595 seconds, Stopping threads took: 0.0000432 seconds
[2025-11-10T00:30:10.956+0700][282.750s][19752][19893][info ] Application time: 1.0000958 seconds
[2025-11-10T00:30:10.956+0700][282.750s][19752][19893][info ] Entering safepoint region: Cleanup
[2025-11-10T00:30:10.956+0700][282.750s][19752][19893][info ] Leaving safepoint region
[2025-11-10T00:30:10.956+0700][282.750s][19752][19893][info ] Total time for which application threads were stopped: 0.0002292 seconds, Stopping threads took: 0.0000423 seconds
[2025-11-10T00:30:11.956+0700][283.750s][19752][19893][info ] Application time: 1.0001301 seconds
[2025-11-10T00:30:11.956+0700][283.750s][19752][19893][info ] Entering safepoint region: Cleanup
[2025-11-10T00:30:11.957+0700][283.751s][19752][19893][info ] Leaving safepoint region
[2025-11-10T00:30:11.957+0700][283.751s][19752][19893][info ] Total time for which application threads were stopped: 0.0002595 seconds, Stopping threads took: 0.0000418 seconds
[2025-11-10T00:30:12.957+0700][284.751s][19752][19893][info ] Application time: 1.0001143 seconds
[2025-11-10T00:30:12.957+0700][284.751s][19752][19893][info ] Entering safepoint region: Cleanup
[2025-11-10T00:30:12.957+0700][284.751s][19752][19893][info ] Leaving safepoint region
[2025-11-10T00:30:12.957+0700][284.751s][19752][19893][info ] Total time for which application threads were stopped: 0.0002820 seconds, Stopping threads took: 0.0000428 seconds
[2025-11-10T00:30:13.957+0700][285.751s][19752][19893][info ] Application time: 1.0001318 seconds
[2025-11-10T00:30:13.957+0700][285.751s][19752][19893][info ] Entering safepoint region: Cleanup
[2025-11-10T00:30:13.958+0700][285.752s][19752][19893][info ] Leaving safepoint region
[2025-11-10T00:30:13.958+0700][285.752s][19752][19893][info ] Total time for which application threads were stopped: 0.0002512 seconds, Stopping threads took: 0.0000508 seconds
[2025-11-10T00:30:14.958+0700][286.752s][19752][19893][info ] Application time: 1.0000998 seconds
[2025-11-10T00:30:14.958+0700][286.752s][19752][19893][info ] Entering safepoint region: Cleanup
[2025-11-10T00:30:14.958+0700][286.752s][19752][19893][info ] Leaving safepoint region
[2025-11-10T00:30:14.958+0700][286.752s][19752][19893][info ] Total time for which application threads were stopped: 0.0002055 seconds, Stopping threads took: 0.0000367 seconds
[2025-11-10T00:30:15.958+0700][287.752s][19752][19893][info ] Application time: 1.0001355 seconds
[2025-11-10T00:30:15.958+0700][287.752s][19752][19893][info ] Entering safepoint region: Cleanup
[2025-11-10T00:30:15.958+0700][287.753s][19752][19893][info ] Leaving safepoint region
[2025-11-10T00:30:15.959+0700][287.753s][19752][19893][info ] Total time for which application threads were stopped: 0.0003368 seconds, Stopping threads took: 0.0000508 seconds
[2025-11-10T00:30:16.959+0700][288.753s][19752][19893][info ] Application time: 1.0001272 seconds
[2025-11-10T00:30:16.959+0700][288.753s][19752][19893][info ] Entering safepoint region: Cleanup
[2025-11-10T00:30:16.959+0700][288.753s][19752][19893][info ] Leaving safepoint region
[2025-11-10T00:30:16.966+0700][288.761s][19752][19893][info ] Total time for which application threads were stopped: 0.0076972 seconds, Stopping threads took: 0.0000432 seconds
[2025-11-10T00:30:17.967+0700][289.761s][19752][19893][info ] Application time: 1.0003308 seconds
[2025-11-10T00:30:17.967+0700][289.761s][19752][19893][info ] Entering safepoint region: Cleanup
[2025-11-10T00:30:17.967+0700][289.761s][19752][19893][info ] Leaving safepoint region
[2025-11-10T00:30:17.967+0700][289.761s][19752][19893][info ] Total time for which application threads were stopped: 0.0002097 seconds, Stopping threads took: 0.0000420 seconds
[2025-11-10T00:30:18.967+0700][290.761s][19752][19893][info ] Application time: 1.0001256 seconds
[2025-11-10T00:30:18.967+0700][290.762s][19752][19893][info ] Entering safepoint region: Cleanup
[2025-11-10T00:30:18.968+0700][290.762s][19752][19893][info ] Leaving safepoint region
[2025-11-10T00:30:18.968+0700][290.762s][19752][19893][info ] Total time for which application threads were stopped: 0.0002605 seconds, Stopping threads took: 0.0000408 seconds
[2025-11-10T00:30:19.968+0700][291.762s][19752][19893][info ] Application time: 1.0001528 seconds
[2025-11-10T00:30:19.968+0700][291.762s][19752][19893][info ] Entering safepoint region: Cleanup
[2025-11-10T00:30:19.968+0700][291.762s][19752][19893][info ] Leaving safepoint region
[2025-11-10T00:30:19.968+0700][291.762s][19752][19893][info ] Total time for which application threads were stopped: 0.0002153 seconds, Stopping threads took: 0.0000404 seconds
[2025-11-10T00:30:20.968+0700][292.762s][19752][19893][info ] Application time: 1.0000811 seconds
[2025-11-10T00:30:20.968+0700][292.763s][19752][19893][info ] Entering safepoint region: Cleanup
[2025-11-10T00:30:20.969+0700][292.763s][19752][19893][info ] Leaving safepoint region
[2025-11-10T00:30:20.969+0700][292.763s][19752][19893][info ] Total time for which application threads were stopped: 0.0002528 seconds, Stopping threads took: 0.0000714 seconds
[2025-11-10T00:30:21.969+0700][293.763s][19752][19893][info ] Application time: 1.0001281 seconds
[2025-11-10T00:30:21.969+0700][293.763s][19752][19893][info ] Entering safepoint region: Cleanup
[2025-11-10T00:30:21.969+0700][293.763s][19752][19893][info ] Leaving safepoint region
[2025-11-10T00:30:21.969+0700][293.763s][19752][19893][info ] Total time for which application threads were stopped: 0.0002931 seconds, Stopping threads took: 0.0000412 seconds
[2025-11-10T00:30:22.969+0700][294.763s][19752][19893][info ] Application time: 1.0000760 seconds
[2025-11-10T00:30:22.969+0700][294.763s][19752][19893][info ] Entering safepoint region: Cleanup
[2025-11-10T00:30:22.969+0700][294.764s][19752][19893][info ] Leaving safepoint region
[2025-11-10T00:30:22.969+0700][294.764s][19752][19893][info ] Total time for which application threads were stopped: 0.0001240 seconds, Stopping threads took: 0.0000258 seconds
[2025-11-10T00:30:23.970+0700][295.764s][19752][19893][info ] Application time: 1.0000989 seconds
[2025-11-10T00:30:23.970+0700][295.764s][19752][19893][info ] Entering safepoint region: Cleanup
[2025-11-10T00:30:23.970+0700][295.764s][19752][19893][info ] Leaving safepoint region
[2025-11-10T00:30:23.970+0700][295.764s][19752][19893][info ] Total time for which application threads were stopped: 0.0002534 seconds, Stopping threads took: 0.0000400 seconds
[2025-11-10T00:30:24.970+0700][296.764s][19752][19893][info ] Application time: 1.0001269 seconds
[2025-11-10T00:30:24.970+0700][296.764s][19752][19893][info ] Entering safepoint region: Cleanup
[2025-11-10T00:30:24.970+0700][296.764s][19752][19893][info ] Leaving safepoint region
[2025-11-10T00:30:24.970+0700][296.764s][19752][19893][info ] Total time for which application threads were stopped: 0.0002767 seconds, Stopping threads took: 0.0000407 seconds
[2025-11-10T00:30:25.971+0700][297.765s][19752][19893][info ] Application time: 1.0001252 seconds
[2025-11-10T00:30:25.971+0700][297.765s][19752][19893][info ] Entering safepoint region: Cleanup
[2025-11-10T00:30:25.971+0700][297.765s][19752][19893][info ] Leaving safepoint region
[2025-11-10T00:30:25.971+0700][297.765s][19752][19893][info ] Total time for which application threads were stopped: 0.0002670 seconds, Stopping threads took: 0.0000406 seconds
[2025-11-10T00:30:26.971+0700][298.765s][19752][19893][info ] Application time: 1.0001421 seconds
[2025-11-10T00:30:26.971+0700][298.765s][19752][19893][info ] Entering safepoint region: Cleanup
[2025-11-10T00:30:26.971+0700][298.765s][19752][19893][info ] Leaving safepoint region
[2025-11-10T00:30:26.971+0700][298.766s][19752][19893][info ] Total time for which application threads were stopped: 0.0002804 seconds, Stopping threads took: 0.0000432 seconds
[2025-11-10T00:30:27.972+0700][299.766s][19752][19893][info ] Application time: 1.0003334 seconds
[2025-11-10T00:30:27.972+0700][299.766s][19752][19893][info ] Entering safepoint region: Cleanup
[2025-11-10T00:30:27.972+0700][299.766s][19752][19893][info ] Leaving safepoint region
[2025-11-10T00:30:27.972+0700][299.766s][19752][19893][info ] Total time for which application threads were stopped: 0.0002914 seconds, Stopping threads took: 0.0000450 seconds
[2025-11-10T00:30:28.972+0700][300.766s][19752][19893][info ] Application time: 1.0001135 seconds
[2025-11-10T00:30:28.972+0700][300.767s][19752][19893][info ] Entering safepoint region: Cleanup
[2025-11-10T00:30:28.973+0700][300.767s][19752][19893][info ] Leaving safepoint region
[2025-11-10T00:30:28.973+0700][300.767s][19752][19893][info ] Total time for which application threads were stopped: 0.0002983 seconds, Stopping threads took: 0.0000563 seconds
[2025-11-10T00:30:29.973+0700][301.767s][19752][19893][info ] Application time: 1.0001124 seconds
[2025-11-10T00:30:29.973+0700][301.767s][19752][19893][info ] Entering safepoint region: Cleanup
[2025-11-10T00:30:29.973+0700][301.767s][19752][19893][info ] Leaving safepoint region
[2025-11-10T00:30:29.973+0700][301.767s][19752][19893][info ] Total time for which application threads were stopped: 0.0002707 seconds, Stopping threads took: 0.0000420 seconds
[2025-11-10T00:30:30.974+0700][302.768s][19752][19893][info ] Application time: 1.0003365 seconds
[2025-11-10T00:30:30.974+0700][302.768s][19752][19893][info ] Entering safepoint region: Cleanup
[2025-11-10T00:30:30.974+0700][302.768s][19752][19893][info ] Leaving safepoint region
[2025-11-10T00:30:30.974+0700][302.768s][19752][19893][info ] Total time for which application threads were stopped: 0.0003141 seconds, Stopping threads took: 0.0000446 seconds
[2025-11-10T00:30:31.974+0700][303.768s][19752][19893][info ] Application time: 1.0003495 seconds
[2025-11-10T00:30:31.974+0700][303.769s][19752][19893][info ] Entering safepoint region: Cleanup
[2025-11-10T00:30:31.975+0700][303.769s][19752][19893][info ] Leaving safepoint region
[2025-11-10T00:30:31.975+0700][303.769s][19752][19893][info ] Total time for which application threads were stopped: 0.0002167 seconds, Stopping threads took: 0.0000434 seconds
[2025-11-10T00:30:32.975+0700][304.769s][19752][19893][info ] Application time: 1.0000932 seconds
[2025-11-10T00:30:32.975+0700][304.769s][19752][19893][info ] Entering safepoint region: Cleanup
[2025-11-10T00:30:32.975+0700][304.769s][19752][19893][info ] Leaving safepoint region
[2025-11-10T00:30:32.975+0700][304.769s][19752][19893][info ] Total time for which application threads were stopped: 0.0001496 seconds, Stopping threads took: 0.0000243 seconds
[2025-11-10T00:30:33.975+0700][305.769s][19752][19893][info ] Application time: 1.0000925 seconds
[2025-11-10T00:30:33.975+0700][305.769s][19752][19893][info ] Entering safepoint region: Cleanup
[2025-11-10T00:30:33.975+0700][305.769s][19752][19893][info ] Leaving safepoint region
[2025-11-10T00:30:33.975+0700][305.769s][19752][19893][info ] Total time for which application threads were stopped: 0.0001920 seconds, Stopping threads took: 0.0000437 seconds
[2025-11-10T00:30:34.976+0700][306.770s][19752][19893][info ] Application time: 1.0003352 seconds
[2025-11-10T00:30:34.976+0700][306.770s][19752][19893][info ] Entering safepoint region: Cleanup
[2025-11-10T00:30:34.976+0700][306.770s][19752][19893][info ] Leaving safepoint region
[2025-11-10T00:30:34.976+0700][306.770s][19752][19893][info ] Total time for which application threads were stopped: 0.0002440 seconds, Stopping threads took: 0.0000578 seconds
[2025-11-10T00:30:35.976+0700][307.770s][19752][19893][info ] Application time: 1.0001135 seconds
[2025-11-10T00:30:35.976+0700][307.770s][19752][19893][info ] Entering safepoint region: Cleanup
[2025-11-10T00:30:35.976+0700][307.771s][19752][19893][info ] Leaving safepoint region
[2025-11-10T00:30:35.977+0700][307.771s][19752][19893][info ] Total time for which application threads were stopped: 0.0002974 seconds, Stopping threads took: 0.0000453 seconds
[2025-11-10T00:30:36.977+0700][308.771s][19752][19893][info ] Application time: 1.0003397 seconds
[2025-11-10T00:30:36.977+0700][308.771s][19752][19893][info ] Entering safepoint region: Cleanup
[2025-11-10T00:30:36.977+0700][308.771s][19752][19893][info ] Leaving safepoint region
[2025-11-10T00:30:36.977+0700][308.771s][19752][19893][info ] Total time for which application threads were stopped: 0.0003804 seconds, Stopping threads took: 0.0000456 seconds
[2025-11-10T00:30:37.978+0700][309.772s][19752][19893][info ] Application time: 1.0003672 seconds
[2025-11-10T00:30:37.978+0700][309.772s][19752][19893][info ] Entering safepoint region: Cleanup
[2025-11-10T00:30:37.978+0700][309.772s][19752][19893][info ] Leaving safepoint region
[2025-11-10T00:30:37.986+0700][309.780s][19752][19893][info ] Total time for which application threads were stopped: 0.0080472 seconds, Stopping threads took: 0.0000462 seconds
[2025-11-10T00:30:38.986+0700][310.780s][19752][19893][info ] Application time: 1.0003352 seconds
[2025-11-10T00:30:38.986+0700][310.781s][19752][19893][info ] Entering safepoint region: Cleanup
[2025-11-10T00:30:38.987+0700][310.781s][19752][19893][info ] Leaving safepoint region
[2025-11-10T00:30:38.987+0700][310.781s][19752][19893][info ] Total time for which application threads were stopped: 0.0003706 seconds, Stopping threads took: 0.0000423 seconds
[2025-11-10T00:30:39.987+0700][311.781s][19752][19893][info ] Application time: 1.0000968 seconds
[2025-11-10T00:30:39.987+0700][311.781s][19752][19893][info ] Entering safepoint region: Cleanup
[2025-11-10T00:30:39.987+0700][311.781s][19752][19893][info ] Leaving safepoint region
[2025-11-10T00:30:39.987+0700][311.781s][19752][19893][info ] Total time for which application threads were stopped: 0.0001679 seconds, Stopping threads took: 0.0000258 seconds
[2025-11-10T00:30:40.987+0700][312.781s][19752][19893][info ] Application time: 1.0000863 seconds
[2025-11-10T00:30:40.987+0700][312.781s][19752][19893][info ] Entering safepoint region: Cleanup
[2025-11-10T00:30:40.987+0700][312.782s][19752][19893][info ] Leaving safepoint region
[2025-11-10T00:30:40.987+0700][312.782s][19752][19893][info ] Total time for which application threads were stopped: 0.0002063 seconds, Stopping threads took: 0.0000410 seconds
[2025-11-10T00:30:41.988+0700][313.782s][19752][19893][info ] Application time: 1.0001207 seconds
[2025-11-10T00:30:41.988+0700][313.782s][19752][19893][info ] Entering safepoint region: Cleanup
[2025-11-10T00:30:41.988+0700][313.782s][19752][19893][info ] Leaving safepoint region
[2025-11-10T00:30:41.988+0700][313.782s][19752][19893][info ] Total time for which application threads were stopped: 0.0002248 seconds, Stopping threads took: 0.0000631 seconds
[2025-11-10T00:30:42.988+0700][314.782s][19752][19893][info ] Application time: 1.0001082 seconds
[2025-11-10T00:30:42.988+0700][314.782s][19752][19893][info ] Entering safepoint region: Cleanup
[2025-11-10T00:30:42.988+0700][314.783s][19752][19893][info ] Leaving safepoint region
[2025-11-10T00:30:42.989+0700][314.783s][19752][19893][info ] Total time for which application threads were stopped: 0.0003389 seconds, Stopping threads took: 0.0000814 seconds
[2025-11-10T00:30:43.989+0700][315.783s][19752][19893][info ] Application time: 1.0001316 seconds
[2025-11-10T00:30:43.989+0700][315.783s][19752][19893][info ] Entering safepoint region: Cleanup
[2025-11-10T00:30:43.989+0700][315.783s][19752][19893][info ] Leaving safepoint region
[2025-11-10T00:30:43.989+0700][315.783s][19752][19893][info ] Total time for which application threads were stopped: 0.0002838 seconds, Stopping threads took: 0.0000423 seconds
[2025-11-10T00:30:44.989+0700][316.783s][19752][19893][info ] Application time: 1.0000810 seconds
[2025-11-10T00:30:44.989+0700][316.783s][19752][19893][info ] Entering safepoint region: Cleanup
[2025-11-10T00:30:44.989+0700][316.784s][19752][19893][info ] Leaving safepoint region
[2025-11-10T00:30:44.989+0700][316.784s][19752][19893][info ] Total time for which application threads were stopped: 0.0002458 seconds, Stopping threads took: 0.0000339 seconds
[2025-11-10T00:30:45.990+0700][317.784s][19752][19893][info ] Application time: 1.0003360 seconds
[2025-11-10T00:30:45.990+0700][317.784s][19752][19893][info ] Entering safepoint region: Cleanup
[2025-11-10T00:30:45.990+0700][317.784s][19752][19893][info ] Leaving safepoint region
[2025-11-10T00:30:45.990+0700][317.784s][19752][19893][info ] Total time for which application threads were stopped: 0.0002735 seconds, Stopping threads took: 0.0000420 seconds
[2025-11-10T00:30:46.990+0700][318.784s][19752][19893][info ] Application time: 1.0001291 seconds
[2025-11-10T00:30:46.990+0700][318.785s][19752][19893][info ] Entering safepoint region: Cleanup
[2025-11-10T00:30:46.991+0700][318.785s][19752][19893][info ] Leaving safepoint region
[2025-11-10T00:30:46.991+0700][318.785s][19752][19893][info ] Total time for which application threads were stopped: 0.0002743 seconds, Stopping threads took: 0.0000419 seconds
[2025-11-10T00:30:47.991+0700][319.785s][19752][19893][info ] Application time: 1.0001269 seconds
[2025-11-10T00:30:47.991+0700][319.785s][19752][19893][info ] Entering safepoint region: Cleanup
[2025-11-10T00:30:47.991+0700][319.785s][19752][19893][info ] Leaving safepoint region
[2025-11-10T00:30:47.991+0700][319.785s][19752][19893][info ] Total time for which application threads were stopped: 0.0002402 seconds, Stopping threads took: 0.0000520 seconds
[2025-11-10T00:30:48.991+0700][320.786s][19752][19893][info ] Application time: 1.0002065 seconds
[2025-11-10T00:30:48.992+0700][320.786s][19752][19893][info ] Entering safepoint region: Cleanup
[2025-11-10T00:30:48.992+0700][320.786s][19752][19893][info ] Leaving safepoint region
[2025-11-10T00:30:48.992+0700][320.786s][19752][19893][info ] Total time for which application threads were stopped: 0.0003200 seconds, Stopping threads took: 0.0000524 seconds
[2025-11-10T00:30:49.992+0700][321.786s][19752][19893][info ] Application time: 1.0001080 seconds
[2025-11-10T00:30:49.992+0700][321.786s][19752][19893][info ] Entering safepoint region: Cleanup
[2025-11-10T00:30:49.992+0700][321.786s][19752][19893][info ] Leaving safepoint region
[2025-11-10T00:30:49.992+0700][321.786s][19752][19893][info ] Total time for which application threads were stopped: 0.0002527 seconds, Stopping threads took: 0.0000443 seconds
[2025-11-10T00:30:50.992+0700][322.787s][19752][19893][info ] Application time: 1.0001221 seconds
[2025-11-10T00:30:50.993+0700][322.787s][19752][19893][info ] Entering safepoint region: Cleanup
[2025-11-10T00:30:50.993+0700][322.787s][19752][19893][info ] Leaving safepoint region
[2025-11-10T00:30:50.993+0700][322.787s][19752][19893][info ] Total time for which application threads were stopped: 0.0002475 seconds, Stopping threads took: 0.0000434 seconds
[2025-11-10T00:30:51.993+0700][323.787s][19752][19893][info ] Application time: 1.0001017 seconds
[2025-11-10T00:30:51.993+0700][323.787s][19752][19893][info ] Entering safepoint region: Cleanup
[2025-11-10T00:30:51.993+0700][323.787s][19752][19893][info ] Leaving safepoint region
[2025-11-10T00:30:51.993+0700][323.787s][19752][19893][info ] Total time for which application threads were stopped: 0.0002304 seconds, Stopping threads took: 0.0000444 seconds
[2025-11-10T00:30:52.994+0700][324.788s][19752][19893][info ] Application time: 1.0002593 seconds
[2025-11-10T00:30:52.994+0700][324.788s][19752][19893][info ] Entering safepoint region: Cleanup
[2025-11-10T00:30:52.994+0700][324.788s][19752][19893][info ] Leaving safepoint region
[2025-11-10T00:30:52.994+0700][324.788s][19752][19893][info ] Total time for which application threads were stopped: 0.0003531 seconds, Stopping threads took: 0.0000450 seconds
[2025-11-10T00:30:53.994+0700][325.788s][19752][19893][info ] Application time: 1.0001326 seconds
[2025-11-10T00:30:53.994+0700][325.788s][19752][19893][info ] Entering safepoint region: Cleanup
[2025-11-10T00:30:53.994+0700][325.789s][19752][19893][info ] Leaving safepoint region
[2025-11-10T00:30:53.995+0700][325.789s][19752][19893][info ] Total time for which application threads were stopped: 0.0003009 seconds, Stopping threads took: 0.0000426 seconds
[2025-11-10T00:30:54.995+0700][326.789s][19752][19893][info ] Application time: 1.0003386 seconds
[2025-11-10T00:30:54.995+0700][326.789s][19752][19893][info ] Entering safepoint region: Cleanup
[2025-11-10T00:30:54.995+0700][326.789s][19752][19893][info ] Leaving safepoint region
[2025-11-10T00:30:54.995+0700][326.789s][19752][19893][info ] Total time for which application threads were stopped: 0.0002851 seconds, Stopping threads took: 0.0000434 seconds
[2025-11-10T00:30:55.996+0700][327.790s][19752][19893][info ] Application time: 1.0003303 seconds
[2025-11-10T00:30:55.996+0700][327.790s][19752][19893][info ] Entering safepoint region: Cleanup
[2025-11-10T00:30:55.996+0700][327.790s][19752][19893][info ] Leaving safepoint region
[2025-11-10T00:30:55.996+0700][327.790s][19752][19893][info ] Total time for which application threads were stopped: 0.0003010 seconds, Stopping threads took: 0.0000448 seconds
[2025-11-10T00:30:56.996+0700][328.790s][19752][19893][info ] Application time: 1.0001396 seconds
[2025-11-10T00:30:56.996+0700][328.790s][19752][19893][info ] Entering safepoint region: Cleanup
[2025-11-10T00:30:56.997+0700][328.791s][19752][19893][info ] Leaving safepoint region
[2025-11-10T00:30:56.997+0700][328.791s][19752][19893][info ] Total time for which application threads were stopped: 0.0003101 seconds, Stopping threads took: 0.0000438 seconds
[2025-11-10T00:30:57.997+0700][329.791s][19752][19893][info ] Application time: 1.0000989 seconds
[2025-11-10T00:30:57.997+0700][329.791s][19752][19893][info ] Entering safepoint region: Cleanup
[2025-11-10T00:30:57.997+0700][329.791s][19752][19893][info ] Leaving safepoint region
[2025-11-10T00:30:57.997+0700][329.791s][19752][19893][info ] Total time for which application threads were stopped: 0.0002426 seconds, Stopping threads took: 0.0000428 seconds
[2025-11-10T00:30:58.997+0700][330.791s][19752][19893][info ] Application time: 1.0001015 seconds
[2025-11-10T00:30:58.997+0700][330.791s][19752][19893][info ] Entering safepoint region: Cleanup
[2025-11-10T00:30:58.998+0700][330.792s][19752][19893][info ] Leaving safepoint region
[2025-11-10T00:30:59.005+0700][330.799s][19752][19893][info ] Total time for which application threads were stopped: 0.0077600 seconds, Stopping threads took: 0.0000586 seconds
[2025-11-10T00:31:00.005+0700][331.799s][19752][19893][info ] Application time: 1.0001138 seconds
[2025-11-10T00:31:00.005+0700][331.799s][19752][19893][info ] Entering safepoint region: Cleanup
[2025-11-10T00:31:00.005+0700][331.800s][19752][19893][info ] Leaving safepoint region
[2025-11-10T00:31:00.006+0700][331.800s][19752][19893][info ] Total time for which application threads were stopped: 0.0002646 seconds, Stopping threads took: 0.0000429 seconds
[2025-11-10T00:31:01.006+0700][332.800s][19752][19893][info ] Application time: 1.0001363 seconds
[2025-11-10T00:31:01.006+0700][332.800s][19752][19893][info ] Entering safepoint region: Cleanup
[2025-11-10T00:31:01.006+0700][332.800s][19752][19893][info ] Leaving safepoint region
[2025-11-10T00:31:01.006+0700][332.800s][19752][19893][info ] Total time for which application threads were stopped: 0.0002444 seconds, Stopping threads took: 0.0000353 seconds
[2025-11-10T00:31:02.006+0700][333.800s][19752][19893][info ] Application time: 1.0001063 seconds
[2025-11-10T00:31:02.006+0700][333.800s][19752][19893][info ] Entering safepoint region: Cleanup
[2025-11-10T00:31:02.006+0700][333.801s][19752][19893][info ] Leaving safepoint region
[2025-11-10T00:31:02.007+0700][333.801s][19752][19893][info ] Total time for which application threads were stopped: 0.0003099 seconds, Stopping threads took: 0.0000429 seconds
[2025-11-10T00:31:03.007+0700][334.801s][19752][19893][info ] Application time: 1.0000861 seconds
[2025-11-10T00:31:03.007+0700][334.801s][19752][19893][info ] Entering safepoint region: Cleanup
[2025-11-10T00:31:03.007+0700][334.801s][19752][19893][info ] Leaving safepoint region
[2025-11-10T00:31:03.007+0700][334.801s][19752][19893][info ] Total time for which application threads were stopped: 0.0001864 seconds, Stopping threads took: 0.0000319 seconds
[2025-11-10T00:31:04.007+0700][335.801s][19752][19893][info ] Application time: 1.0001308 seconds
[2025-11-10T00:31:04.007+0700][335.801s][19752][19893][info ] Entering safepoint region: Cleanup
[2025-11-10T00:31:04.007+0700][335.802s][19752][19893][info ] Leaving safepoint region
[2025-11-10T00:31:04.007+0700][335.802s][19752][19893][info ] Total time for which application threads were stopped: 0.0002739 seconds, Stopping threads took: 0.0000472 seconds
[2025-11-10T00:31:05.008+0700][336.802s][19752][19893][info ] Application time: 1.0001013 seconds
[2025-11-10T00:31:05.008+0700][336.802s][19752][19893][info ] Entering safepoint region: Cleanup
[2025-11-10T00:31:05.008+0700][336.802s][19752][19893][info ] Leaving safepoint region
[2025-11-10T00:31:05.008+0700][336.802s][19752][19893][info ] Total time for which application threads were stopped: 0.0003753 seconds, Stopping threads took: 0.0001099 seconds
[2025-11-10T00:31:06.008+0700][337.802s][19752][19893][info ] Application time: 1.0001032 seconds
[2025-11-10T00:31:06.008+0700][337.802s][19752][19893][info ] Entering safepoint region: Cleanup
[2025-11-10T00:31:06.009+0700][337.803s][19752][19893][info ] Leaving safepoint region
[2025-11-10T00:31:06.009+0700][337.803s][19752][19893][info ] Total time for which application threads were stopped: 0.0002714 seconds, Stopping threads took: 0.0000438 seconds
[2025-11-10T00:31:07.009+0700][338.803s][19752][19893][info ] Application time: 1.0001575 seconds
[2025-11-10T00:31:07.009+0700][338.803s][19752][19893][info ] Entering safepoint region: Cleanup
[2025-11-10T00:31:07.009+0700][338.803s][19752][19893][info ] Leaving safepoint region
[2025-11-10T00:31:07.009+0700][338.803s][19752][19893][info ] Total time for which application threads were stopped: 0.0002647 seconds, Stopping threads took: 0.0000601 seconds
[2025-11-10T00:31:08.009+0700][339.803s][19752][19893][info ] Application time: 1.0001183 seconds
[2025-11-10T00:31:08.009+0700][339.803s][19752][19893][info ] Entering safepoint region: Cleanup
[2025-11-10T00:31:08.009+0700][339.804s][19752][19893][info ] Leaving safepoint region
[2025-11-10T00:31:08.010+0700][339.804s][19752][19893][info ] Total time for which application threads were stopped: 0.0002037 seconds, Stopping threads took: 0.0000357 seconds
[2025-11-10T00:31:09.010+0700][340.804s][19752][19893][info ] Application time: 1.0000837 seconds
[2025-11-10T00:31:09.010+0700][340.804s][19752][19893][info ] Entering safepoint region: Cleanup
[2025-11-10T00:31:09.010+0700][340.804s][19752][19893][info ] Leaving safepoint region
[2025-11-10T00:31:09.010+0700][340.804s][19752][19893][info ] Total time for which application threads were stopped: 0.0001976 seconds, Stopping threads took: 0.0000492 seconds
[2025-11-10T00:31:09.778+0700][341.572s][19752][19893][info ] Application time: 0.7681222 seconds
[2025-11-10T00:31:09.778+0700][341.572s][19752][19893][info ] Entering safepoint region: ICBufferFull
[2025-11-10T00:31:09.778+0700][341.572s][19752][19893][info ] Leaving safepoint region
[2025-11-10T00:31:09.778+0700][341.573s][19752][19893][info ] Total time for which application threads were stopped: 0.0003473 seconds, Stopping threads took: 0.0000381 seconds
[2025-11-10T00:31:10.779+0700][342.573s][19752][19893][info ] Application time: 1.0001175 seconds
[2025-11-10T00:31:10.779+0700][342.573s][19752][19893][info ] Entering safepoint region: Cleanup
[2025-11-10T00:31:10.779+0700][342.573s][19752][19893][info ] Leaving safepoint region
[2025-11-10T00:31:10.779+0700][342.573s][19752][19893][info ] Total time for which application threads were stopped: 0.0002574 seconds, Stopping threads took: 0.0000504 seconds
[2025-11-10T00:31:18.780+0700][350.574s][19752][19893][info ] Application time: 8.0013793 seconds
[2025-11-10T00:31:18.780+0700][350.575s][19752][19893][info ] Entering safepoint region: Cleanup
[2025-11-10T00:31:18.781+0700][350.575s][19752][19893][info ] Leaving safepoint region
[2025-11-10T00:31:18.781+0700][350.575s][19752][19893][info ] Total time for which application threads were stopped: 0.0002896 seconds, Stopping threads took: 0.0000519 seconds
[2025-11-10T00:31:48.785+0700][380.579s][19752][19893][info ] Application time: 30.0038967 seconds
[2025-11-10T00:31:48.785+0700][380.579s][19752][19893][info ] Entering safepoint region: Cleanup
[2025-11-10T00:31:48.785+0700][380.579s][19752][19893][info ] Leaving safepoint region
[2025-11-10T00:31:48.785+0700][380.579s][19752][19893][info ] Total time for which application threads were stopped: 0.0003530 seconds, Stopping threads took: 0.0000863 seconds
[2025-11-10T00:32:01.786+0700][393.580s][19752][19893][info ] Application time: 13.0013006 seconds
[2025-11-10T00:32:01.786+0700][393.581s][19752][19893][info ] Entering safepoint region: Cleanup
[2025-11-10T00:32:01.787+0700][393.581s][19752][19893][info ] Leaving safepoint region
[2025-11-10T00:32:01.787+0700][393.581s][19752][19893][info ] Total time for which application threads were stopped: 0.0002586 seconds, Stopping threads took: 0.0000452 seconds
[2025-11-10T00:32:02.787+0700][394.581s][19752][19893][info ] Application time: 1.0001324 seconds
[2025-11-10T00:32:02.787+0700][394.581s][19752][19893][info ] Entering safepoint region: Cleanup
[2025-11-10T00:32:02.787+0700][394.581s][19752][19893][info ] Leaving safepoint region
[2025-11-10T00:32:02.787+0700][394.581s][19752][19893][info ] Total time for which application threads were stopped: 0.0003699 seconds, Stopping threads took: 0.0000474 seconds
[2025-11-10T00:32:03.787+0700][395.582s][19752][19893][info ] Application time: 1.0000918 seconds
[2025-11-10T00:32:03.788+0700][395.582s][19752][19893][info ] Entering safepoint region: Cleanup
[2025-11-10T00:32:03.788+0700][395.582s][19752][19893][info ] Leaving safepoint region
[2025-11-10T00:32:03.788+0700][395.582s][19752][19893][info ] Total time for which application threads were stopped: 0.0003697 seconds, Stopping threads took: 0.0000423 seconds
[2025-11-10T00:32:10.789+0700][402.583s][19752][19893][info ] Application time: 7.0008697 seconds
[2025-11-10T00:32:10.789+0700][402.583s][19752][19893][info ] Entering safepoint region: Cleanup
[2025-11-10T00:32:10.789+0700][402.583s][19752][19893][info ] Leaving safepoint region
[2025-11-10T00:32:10.789+0700][402.583s][19752][19893][info ] Total time for which application threads were stopped: 0.0003001 seconds, Stopping threads took: 0.0000468 seconds
[2025-11-10T00:32:18.790+0700][410.584s][19752][19893][info ] Application time: 8.0009999 seconds
[2025-11-10T00:32:18.790+0700][410.584s][19752][19893][info ] Entering safepoint region: Cleanup
[2025-11-10T00:32:18.791+0700][410.585s][19752][19893][info ] Leaving safepoint region
[2025-11-10T00:32:18.791+0700][410.585s][19752][19893][info ] Total time for which application threads were stopped: 0.0002872 seconds, Stopping threads took: 0.0000462 seconds
[2025-11-10T00:32:51.797+0700][443.591s][19752][19893][info ] Application time: 33.0062476 seconds
[2025-11-10T00:32:51.797+0700][443.591s][19752][19893][info ] Entering safepoint region: Cleanup
[2025-11-10T00:32:51.797+0700][443.591s][19752][19893][info ] Leaving safepoint region
[2025-11-10T00:32:51.797+0700][443.591s][19752][19893][info ] Total time for which application threads were stopped: 0.0003293 seconds, Stopping threads took: 0.0000476 seconds
[2025-11-10T00:32:52.797+0700][444.592s][19752][19893][info ] Application time: 1.0000987 seconds
[2025-11-10T00:32:52.798+0700][444.592s][19752][19893][info ] Entering safepoint region: Cleanup
[2025-11-10T00:32:52.798+0700][444.592s][19752][19893][info ] Leaving safepoint region
[2025-11-10T00:32:52.798+0700][444.592s][19752][19893][info ] Total time for which application threads were stopped: 0.0003421 seconds, Stopping threads took: 0.0000467 seconds
[2025-11-10T00:32:53.798+0700][445.592s][19752][19893][info ] Application time: 1.0001626 seconds
[2025-11-10T00:32:53.798+0700][445.592s][19752][19893][info ] Entering safepoint region: Cleanup
[2025-11-10T00:32:53.798+0700][445.592s][19752][19893][info ] Leaving safepoint region
[2025-11-10T00:32:53.798+0700][445.593s][19752][19893][info ] Total time for which application threads were stopped: 0.0002912 seconds, Stopping threads took: 0.0000463 seconds
[2025-11-10T00:32:54.799+0700][446.593s][19752][19893][info ] Application time: 1.0003327 seconds
[2025-11-10T00:32:54.799+0700][446.593s][19752][19893][info ] Entering safepoint region: Cleanup
[2025-11-10T00:32:54.799+0700][446.593s][19752][19893][info ] Leaving safepoint region
[2025-11-10T00:32:54.799+0700][446.593s][19752][19893][info ] Total time for which application threads were stopped: 0.0003292 seconds, Stopping threads took: 0.0000430 seconds
[2025-11-10T00:32:55.800+0700][447.594s][19752][19893][info ] Application time: 1.0003350 seconds
[2025-11-10T00:32:55.800+0700][447.594s][19752][19893][info ] Entering safepoint region: Cleanup
[2025-11-10T00:32:55.800+0700][447.594s][19752][19893][info ] Leaving safepoint region
[2025-11-10T00:32:55.800+0700][447.594s][19752][19893][info ] Total time for which application threads were stopped: 0.0003225 seconds, Stopping threads took: 0.0000420 seconds
[2025-11-10T00:32:56.800+0700][448.594s][19752][19893][info ] Application time: 1.0002990 seconds
[2025-11-10T00:32:56.800+0700][448.595s][19752][19893][info ] Entering safepoint region: Cleanup
[2025-11-10T00:32:56.801+0700][448.595s][19752][19893][info ] Leaving safepoint region
[2025-11-10T00:32:56.801+0700][448.595s][19752][19893][info ] Total time for which application threads were stopped: 0.0002273 seconds, Stopping threads took: 0.0000471 seconds
[2025-11-10T00:32:57.801+0700][449.595s][19752][19893][info ] Application time: 1.0003333 seconds
[2025-11-10T00:32:57.801+0700][449.595s][19752][19893][info ] Entering safepoint region: Cleanup
[2025-11-10T00:32:57.801+0700][449.595s][19752][19893][info ] Leaving safepoint region
[2025-11-10T00:32:57.801+0700][449.595s][19752][19893][info ] Total time for which application threads were stopped: 0.0003005 seconds, Stopping threads took: 0.0000532 seconds
[2025-11-10T00:32:58.802+0700][450.596s][19752][19893][info ] Application time: 1.0001373 seconds
[2025-11-10T00:32:58.802+0700][450.596s][19752][19893][info ] Entering safepoint region: Cleanup
[2025-11-10T00:32:58.802+0700][450.596s][19752][19893][info ] Leaving safepoint region
[2025-11-10T00:32:58.809+0700][450.603s][19752][19893][info ] Total time for which application threads were stopped: 0.0076486 seconds, Stopping threads took: 0.0000555 seconds
[2025-11-10T00:32:59.810+0700][451.604s][19752][19893][info ] Application time: 1.0003375 seconds
[2025-11-10T00:32:59.810+0700][451.604s][19752][19893][info ] Entering safepoint region: Cleanup
[2025-11-10T00:32:59.810+0700][451.604s][19752][19893][info ] Leaving safepoint region
[2025-11-10T00:32:59.810+0700][451.604s][19752][19893][info ] Total time for which application threads were stopped: 0.0003305 seconds, Stopping threads took: 0.0000453 seconds
[2025-11-10T00:33:00.810+0700][452.604s][19752][19893][info ] Application time: 1.0001361 seconds
[2025-11-10T00:33:00.810+0700][452.604s][19752][19893][info ] Entering safepoint region: Cleanup
[2025-11-10T00:33:00.811+0700][452.605s][19752][19893][info ] Leaving safepoint region
[2025-11-10T00:33:00.811+0700][452.605s][19752][19893][info ] Total time for which application threads were stopped: 0.0002973 seconds, Stopping threads took: 0.0000430 seconds
[2025-11-10T00:33:01.811+0700][453.605s][19752][19893][info ] Application time: 1.0003424 seconds
[2025-11-10T00:33:01.811+0700][453.605s][19752][19893][info ] Entering safepoint region: Cleanup
[2025-11-10T00:33:01.811+0700][453.605s][19752][19893][info ] Leaving safepoint region
[2025-11-10T00:33:01.811+0700][453.606s][19752][19893][info ] Total time for which application threads were stopped: 0.0002941 seconds, Stopping threads took: 0.0000454 seconds
[2025-11-10T00:33:02.812+0700][454.606s][19752][19893][info ] Application time: 1.0003344 seconds
[2025-11-10T00:33:02.812+0700][454.606s][19752][19893][info ] Entering safepoint region: Cleanup
[2025-11-10T00:33:02.812+0700][454.606s][19752][19893][info ] Leaving safepoint region
[2025-11-10T00:33:02.812+0700][454.606s][19752][19893][info ] Total time for which application threads were stopped: 0.0003243 seconds, Stopping threads took: 0.0000691 seconds
[2025-11-10T00:33:03.813+0700][455.607s][19752][19893][info ] Application time: 1.0003287 seconds
[2025-11-10T00:33:03.813+0700][455.607s][19752][19893][info ] Entering safepoint region: Cleanup
[2025-11-10T00:33:03.813+0700][455.607s][19752][19893][info ] Leaving safepoint region
[2025-11-10T00:33:03.813+0700][455.607s][19752][19893][info ] Total time for which application threads were stopped: 0.0002395 seconds, Stopping threads took: 0.0000457 seconds
[2025-11-10T00:33:04.813+0700][456.607s][19752][19893][info ] Application time: 1.0003424 seconds
[2025-11-10T00:33:04.813+0700][456.607s][19752][19893][info ] Entering safepoint region: Cleanup
[2025-11-10T00:33:04.814+0700][456.608s][19752][19893][info ] Leaving safepoint region
[2025-11-10T00:33:04.814+0700][456.608s][19752][19893][info ] Total time for which application threads were stopped: 0.0002504 seconds, Stopping threads took: 0.0000436 seconds
[2025-11-10T00:33:05.814+0700][457.608s][19752][19893][info ] Application time: 1.0003369 seconds
[2025-11-10T00:33:05.814+0700][457.608s][19752][19893][info ] Entering safepoint region: Cleanup
[2025-11-10T00:33:05.814+0700][457.608s][19752][19893][info ] Leaving safepoint region
[2025-11-10T00:33:05.822+0700][457.616s][19752][19893][info ] Total time for which application threads were stopped: 0.0077800 seconds, Stopping threads took: 0.0000495 seconds
[2025-11-10T00:33:06.822+0700][458.616s][19752][19893][info ] Application time: 1.0001140 seconds
[2025-11-10T00:33:06.822+0700][458.616s][19752][19893][info ] Entering safepoint region: Cleanup
[2025-11-10T00:33:06.822+0700][458.616s][19752][19893][info ] Leaving safepoint region
[2025-11-10T00:33:06.822+0700][458.617s][19752][19893][info ] Total time for which application threads were stopped: 0.0003569 seconds, Stopping threads took: 0.0000433 seconds
[2025-11-10T00:33:07.823+0700][459.617s][19752][19893][info ] Application time: 1.0003426 seconds
[2025-11-10T00:33:07.823+0700][459.617s][19752][19893][info ] Entering safepoint region: Cleanup
[2025-11-10T00:33:07.823+0700][459.617s][19752][19893][info ] Leaving safepoint region
[2025-11-10T00:33:07.823+0700][459.617s][19752][19893][info ] Total time for which application threads were stopped: 0.0002976 seconds, Stopping threads took: 0.0000437 seconds
[2025-11-10T00:33:08.823+0700][460.617s][19752][19893][info ] Application time: 1.0001453 seconds
[2025-11-10T00:33:08.823+0700][460.618s][19752][19893][info ] Entering safepoint region: Cleanup
[2025-11-10T00:33:08.824+0700][460.618s][19752][19893][info ] Leaving safepoint region
[2025-11-10T00:33:08.824+0700][460.618s][19752][19893][info ] Total time for which application threads were stopped: 0.0002697 seconds, Stopping threads took: 0.0000420 seconds
[2025-11-10T00:33:09.824+0700][461.618s][19752][19893][info ] Application time: 1.0003893 seconds
[2025-11-10T00:33:09.824+0700][461.618s][19752][19893][info ] Entering safepoint region: Cleanup
[2025-11-10T00:33:09.824+0700][461.619s][19752][19893][info ] Leaving safepoint region
[2025-11-10T00:33:09.824+0700][461.619s][19752][19893][info ] Total time for which application threads were stopped: 0.0002772 seconds, Stopping threads took: 0.0000446 seconds
[2025-11-10T00:33:10.825+0700][462.619s][19752][19893][info ] Application time: 1.0001637 seconds
[2025-11-10T00:33:10.825+0700][462.619s][19752][19893][info ] Entering safepoint region: Cleanup
[2025-11-10T00:33:10.825+0700][462.619s][19752][19893][info ] Leaving safepoint region
[2025-11-10T00:33:10.825+0700][462.619s][19752][19893][info ] Total time for which application threads were stopped: 0.0002846 seconds, Stopping threads took: 0.0000451 seconds
[2025-11-10T00:33:11.825+0700][463.620s][19752][19893][info ] Application time: 1.0003666 seconds
[2025-11-10T00:33:11.826+0700][463.620s][19752][19893][info ] Entering safepoint region: Cleanup
[2025-11-10T00:33:11.826+0700][463.620s][19752][19893][info ] Leaving safepoint region
[2025-11-10T00:33:11.826+0700][463.620s][19752][19893][info ] Total time for which application threads were stopped: 0.0003800 seconds, Stopping threads took: 0.0000673 seconds
[2025-11-10T00:33:12.826+0700][464.620s][19752][19893][info ] Application time: 1.0001433 seconds
[2025-11-10T00:33:12.826+0700][464.620s][19752][19893][info ] Entering safepoint region: Cleanup
[2025-11-10T00:33:12.826+0700][464.621s][19752][19893][info ] Leaving safepoint region
[2025-11-10T00:33:12.826+0700][464.621s][19752][19893][info ] Total time for which application threads were stopped: 0.0002965 seconds, Stopping threads took: 0.0000515 seconds
[2025-11-10T00:33:13.827+0700][465.621s][19752][19893][info ] Application time: 1.0003183 seconds
[2025-11-10T00:33:13.827+0700][465.621s][19752][19893][info ] Entering safepoint region: Cleanup
[2025-11-10T00:33:13.827+0700][465.621s][19752][19893][info ] Leaving safepoint region
[2025-11-10T00:33:13.827+0700][465.621s][19752][19893][info ] Total time for which application threads were stopped: 0.0003583 seconds, Stopping threads took: 0.0000543 seconds
[2025-11-10T00:33:14.828+0700][466.622s][19752][19893][info ] Application time: 1.0003273 seconds
[2025-11-10T00:33:14.828+0700][466.622s][19752][19893][info ] Entering safepoint region: Cleanup
[2025-11-10T00:33:14.828+0700][466.622s][19752][19893][info ] Leaving safepoint region
[2025-11-10T00:33:14.828+0700][466.622s][19752][19893][info ] Total time for which application threads were stopped: 0.0003904 seconds, Stopping threads took: 0.0000830 seconds
[2025-11-10T00:33:15.828+0700][467.623s][19752][19893][info ] Application time: 1.0003183 seconds
[2025-11-10T00:33:15.829+0700][467.623s][19752][19893][info ] Entering safepoint region: Cleanup
[2025-11-10T00:33:15.829+0700][467.623s][19752][19893][info ] Leaving safepoint region
[2025-11-10T00:33:15.836+0700][467.631s][19752][19893][info ] Total time for which application threads were stopped: 0.0079480 seconds, Stopping threads took: 0.0000451 seconds
[2025-11-10T00:33:16.837+0700][468.631s][19752][19893][info ] Application time: 1.0003489 seconds
[2025-11-10T00:33:16.837+0700][468.631s][19752][19893][info ] Entering safepoint region: Cleanup
[2025-11-10T00:33:16.837+0700][468.631s][19752][19893][info ] Leaving safepoint region
[2025-11-10T00:33:16.837+0700][468.631s][19752][19893][info ] Total time for which application threads were stopped: 0.0003151 seconds, Stopping threads took: 0.0000435 seconds
[2025-11-10T00:33:17.838+0700][469.632s][19752][19893][info ] Application time: 1.0003273 seconds
[2025-11-10T00:33:17.838+0700][469.632s][19752][19893][info ] Entering safepoint region: Cleanup
[2025-11-10T00:33:17.838+0700][469.632s][19752][19893][info ] Leaving safepoint region
[2025-11-10T00:33:17.838+0700][469.632s][19752][19893][info ] Total time for which application threads were stopped: 0.0003271 seconds, Stopping threads took: 0.0000455 seconds
[2025-11-10T00:33:18.838+0700][470.633s][19752][19893][info ] Application time: 1.0003164 seconds
[2025-11-10T00:33:18.839+0700][470.633s][19752][19893][info ] Entering safepoint region: Cleanup
[2025-11-10T00:33:18.839+0700][470.633s][19752][19893][info ] Leaving safepoint region
[2025-11-10T00:33:18.839+0700][470.633s][19752][19893][info ] Total time for which application threads were stopped: 0.0003631 seconds, Stopping threads took: 0.0000433 seconds
[2025-11-10T00:33:19.839+0700][471.633s][19752][19893][info ] Application time: 1.0001437 seconds
[2025-11-10T00:33:19.839+0700][471.633s][19752][19893][info ] Entering safepoint region: Cleanup
[2025-11-10T00:33:19.839+0700][471.633s][19752][19893][info ] Leaving safepoint region
[2025-11-10T00:33:19.839+0700][471.633s][19752][19893][info ] Total time for which application threads were stopped: 0.0002792 seconds, Stopping threads took: 0.0000459 seconds
[2025-11-10T00:33:20.840+0700][472.634s][19752][19893][info ] Application time: 1.0001017 seconds
[2025-11-10T00:33:20.840+0700][472.634s][19752][19893][info ] Entering safepoint region: Cleanup
[2025-11-10T00:33:20.840+0700][472.634s][19752][19893][info ] Leaving safepoint region
[2025-11-10T00:33:20.840+0700][472.634s][19752][19893][info ] Total time for which application threads were stopped: 0.0002058 seconds, Stopping threads took: 0.0000643 seconds
[2025-11-10T00:33:21.840+0700][473.634s][19752][19893][info ] Application time: 1.0001440 seconds
[2025-11-10T00:33:21.840+0700][473.634s][19752][19893][info ] Entering safepoint region: Cleanup
[2025-11-10T00:33:21.840+0700][473.634s][19752][19893][info ] Leaving safepoint region
[2025-11-10T00:33:21.840+0700][473.634s][19752][19893][info ] Total time for which application threads were stopped: 0.0003253 seconds, Stopping threads took: 0.0000429 seconds
[2025-11-10T00:33:22.841+0700][474.635s][19752][19893][info ] Application time: 1.0003809 seconds
[2025-11-10T00:33:22.841+0700][474.635s][19752][19893][info ] Entering safepoint region: Cleanup
[2025-11-10T00:33:22.841+0700][474.635s][19752][19893][info ] Leaving safepoint region
[2025-11-10T00:33:22.841+0700][474.635s][19752][19893][info ] Total time for which application threads were stopped: 0.0002917 seconds, Stopping threads took: 0.0000462 seconds
[2025-11-10T00:33:23.841+0700][475.635s][19752][19893][info ] Application time: 1.0001521 seconds
[2025-11-10T00:33:23.841+0700][475.636s][19752][19893][info ] Entering safepoint region: Cleanup
[2025-11-10T00:33:23.842+0700][475.636s][19752][19893][info ] Leaving safepoint region
[2025-11-10T00:33:23.842+0700][475.636s][19752][19893][info ] Total time for which application threads were stopped: 0.0003124 seconds, Stopping threads took: 0.0000486 seconds
[2025-11-10T00:33:24.842+0700][476.636s][19752][19893][info ] Application time: 1.0001444 seconds
[2025-11-10T00:33:24.842+0700][476.636s][19752][19893][info ] Entering safepoint region: Cleanup
[2025-11-10T00:33:24.842+0700][476.636s][19752][19893][info ] Leaving safepoint region
[2025-11-10T00:33:24.842+0700][476.636s][19752][19893][info ] Total time for which application threads were stopped: 0.0003137 seconds, Stopping threads took: 0.0000471 seconds
[2025-11-10T00:33:25.842+0700][477.637s][19752][19893][info ] Application time: 1.0001613 seconds
[2025-11-10T00:33:25.843+0700][477.637s][19752][19893][info ] Entering safepoint region: Cleanup
[2025-11-10T00:33:25.843+0700][477.637s][19752][19893][info ] Leaving safepoint region
[2025-11-10T00:33:25.843+0700][477.637s][19752][19893][info ] Total time for which application threads were stopped: 0.0002820 seconds, Stopping threads took: 0.0000596 seconds
[2025-11-10T00:33:26.843+0700][478.637s][19752][19893][info ] Application time: 1.0003290 seconds
[2025-11-10T00:33:26.843+0700][478.637s][19752][19893][info ] Entering safepoint region: Cleanup
[2025-11-10T00:33:26.844+0700][478.638s][19752][19893][info ] Leaving safepoint region
[2025-11-10T00:33:26.844+0700][478.638s][19752][19893][info ] Total time for which application threads were stopped: 0.0002642 seconds, Stopping threads took: 0.0000467 seconds
[2025-11-10T00:33:27.844+0700][479.638s][19752][19893][info ] Application time: 1.0001722 seconds
[2025-11-10T00:33:27.844+0700][479.638s][19752][19893][info ] Entering safepoint region: Cleanup
[2025-11-10T00:33:27.844+0700][479.638s][19752][19893][info ] Leaving safepoint region
[2025-11-10T00:33:27.844+0700][479.638s][19752][19893][info ] Total time for which application threads were stopped: 0.0002970 seconds, Stopping threads took: 0.0000465 seconds
[2025-11-10T00:33:28.845+0700][480.639s][19752][19893][info ] Application time: 1.0003414 seconds
[2025-11-10T00:33:28.845+0700][480.639s][19752][19893][info ] Entering safepoint region: Cleanup
[2025-11-10T00:33:28.845+0700][480.639s][19752][19893][info ] Leaving safepoint region
[2025-11-10T00:33:28.845+0700][480.639s][19752][19893][info ] Total time for which application threads were stopped: 0.0003182 seconds, Stopping threads took: 0.0000534 seconds
[2025-11-10T00:33:29.845+0700][481.639s][19752][19893][info ] Application time: 1.0002114 seconds
[2025-11-10T00:33:29.845+0700][481.639s][19752][19893][info ] Entering safepoint region: Cleanup
[2025-11-10T00:33:29.846+0700][481.640s][19752][19893][info ] Leaving safepoint region
[2025-11-10T00:33:29.846+0700][481.640s][19752][19893][info ] Total time for which application threads were stopped: 0.0002971 seconds, Stopping threads took: 0.0000432 seconds
[2025-11-10T00:33:30.846+0700][482.640s][19752][19893][info ] Application time: 1.0003436 seconds
[2025-11-10T00:33:30.846+0700][482.640s][19752][19893][info ] Entering safepoint region: Cleanup
[2025-11-10T00:33:30.846+0700][482.640s][19752][19893][info ] Leaving safepoint region
[2025-11-10T00:33:30.846+0700][482.640s][19752][19893][info ] Total time for which application threads were stopped: 0.0003101 seconds, Stopping threads took: 0.0000439 seconds
[2025-11-10T00:33:31.846+0700][483.641s][19752][19893][info ] Application time: 1.0001140 seconds
[2025-11-10T00:33:31.847+0700][483.641s][19752][19893][info ] Entering safepoint region: Cleanup
[2025-11-10T00:33:31.847+0700][483.641s][19752][19893][info ] Leaving safepoint region
[2025-11-10T00:33:31.847+0700][483.641s][19752][19893][info ] Total time for which application threads were stopped: 0.0003362 seconds, Stopping threads took: 0.0000577 seconds
[2025-11-10T00:33:32.847+0700][484.641s][19752][19893][info ] Application time: 1.0002918 seconds
[2025-11-10T00:33:32.847+0700][484.641s][19752][19893][info ] Entering safepoint region: Cleanup
[2025-11-10T00:33:32.847+0700][484.642s][19752][19893][info ] Leaving safepoint region
[2025-11-10T00:33:32.848+0700][484.642s][19752][19893][info ] Total time for which application threads were stopped: 0.0002299 seconds, Stopping threads took: 0.0000435 seconds
[2025-11-10T00:33:33.848+0700][485.642s][19752][19893][info ] Application time: 1.0003278 seconds
[2025-11-10T00:33:33.848+0700][485.642s][19752][19893][info ] Entering safepoint region: Cleanup
[2025-11-10T00:33:33.848+0700][485.642s][19752][19893][info ] Leaving safepoint region
[2025-11-10T00:33:33.848+0700][485.642s][19752][19893][info ] Total time for which application threads were stopped: 0.0002509 seconds, Stopping threads took: 0.0000433 seconds
[2025-11-10T00:33:34.848+0700][486.643s][19752][19893][info ] Application time: 1.0001634 seconds
[2025-11-10T00:33:34.849+0700][486.643s][19752][19893][info ] Entering safepoint region: Cleanup
[2025-11-10T00:33:34.849+0700][486.643s][19752][19893][info ] Leaving safepoint region
[2025-11-10T00:33:34.849+0700][486.643s][19752][19893][info ] Total time for which application threads were stopped: 0.0003667 seconds, Stopping threads took: 0.0000428 seconds
[2025-11-10T00:33:35.849+0700][487.644s][19752][19893][info ] Application time: 1.0005146 seconds
[2025-11-10T00:33:35.850+0700][487.644s][19752][19893][info ] Entering safepoint region: Cleanup
[2025-11-10T00:33:35.850+0700][487.644s][19752][19893][info ] Leaving safepoint region
[2025-11-10T00:33:35.857+0700][487.652s][19752][19893][info ] Total time for which application threads were stopped: 0.0079140 seconds, Stopping threads took: 0.0000433 seconds
[2025-11-10T00:33:36.858+0700][488.652s][19752][19893][info ] Application time: 1.0004556 seconds
[2025-11-10T00:33:36.858+0700][488.652s][19752][19893][info ] Entering safepoint region: Cleanup
[2025-11-10T00:33:36.858+0700][488.652s][19752][19893][info ] Leaving safepoint region
[2025-11-10T00:33:36.858+0700][488.652s][19752][19893][info ] Total time for which application threads were stopped: 0.0002625 seconds, Stopping threads took: 0.0000440 seconds
[2025-11-10T00:33:37.858+0700][489.653s][19752][19893][info ] Application time: 1.0001614 seconds
[2025-11-10T00:33:37.859+0700][489.653s][19752][19893][info ] Entering safepoint region: Cleanup
[2025-11-10T00:33:37.859+0700][489.653s][19752][19893][info ] Leaving safepoint region
[2025-11-10T00:33:37.859+0700][489.653s][19752][19893][info ] Total time for which application threads were stopped: 0.0003432 seconds, Stopping threads took: 0.0000431 seconds
[2025-11-10T00:33:38.859+0700][490.653s][19752][19893][info ] Application time: 1.0003351 seconds
[2025-11-10T00:33:38.859+0700][490.653s][19752][19893][info ] Entering safepoint region: Cleanup
[2025-11-10T00:33:38.860+0700][490.654s][19752][19893][info ] Leaving safepoint region
[2025-11-10T00:33:38.860+0700][490.654s][19752][19893][info ] Total time for which application threads were stopped: 0.0003631 seconds, Stopping threads took: 0.0000439 seconds
[2025-11-10T00:33:39.860+0700][491.654s][19752][19893][info ] Application time: 1.0003380 seconds
[2025-11-10T00:33:39.860+0700][491.654s][19752][19893][info ] Entering safepoint region: Cleanup
[2025-11-10T00:33:39.860+0700][491.655s][19752][19893][info ] Leaving safepoint region
[2025-11-10T00:33:39.860+0700][491.655s][19752][19893][info ] Total time for which application threads were stopped: 0.0002914 seconds, Stopping threads took: 0.0000433 seconds
[2025-11-10T00:33:48.862+0700][500.656s][19752][19893][info ] Application time: 9.0018368 seconds
[2025-11-10T00:33:48.862+0700][500.657s][19752][19893][info ] Entering safepoint region: Cleanup
[2025-11-10T00:33:48.863+0700][500.657s][19752][19893][info ] Leaving safepoint region
[2025-11-10T00:33:48.863+0700][500.657s][19752][19893][info ] Total time for which application threads were stopped: 0.0003248 seconds, Stopping threads took: 0.0000442 seconds
[2025-11-10T00:33:59.864+0700][511.658s][19752][19893][info ] Application time: 11.0013533 seconds
[2025-11-10T00:33:59.864+0700][511.658s][19752][19893][info ] Entering safepoint region: Cleanup
[2025-11-10T00:33:59.864+0700][511.659s][19752][19893][info ] Leaving safepoint region
[2025-11-10T00:33:59.865+0700][511.659s][19752][19893][info ] Total time for which application threads were stopped: 0.0003120 seconds, Stopping threads took: 0.0000468 seconds
[2025-11-10T00:34:00.865+0700][512.659s][19752][19893][info ] Application time: 1.0001394 seconds
[2025-11-10T00:34:00.865+0700][512.659s][19752][19893][info ] Entering safepoint region: Cleanup
[2025-11-10T00:34:00.865+0700][512.659s][19752][19893][info ] Leaving safepoint region
[2025-11-10T00:34:00.865+0700][512.659s][19752][19893][info ] Total time for which application threads were stopped: 0.0003312 seconds, Stopping threads took: 0.0000464 seconds
[2025-11-10T00:34:10.866+0700][522.661s][19752][19893][info ] Application time: 10.0012906 seconds
[2025-11-10T00:34:10.867+0700][522.661s][19752][19893][info ] Entering safepoint region: Cleanup
[2025-11-10T00:34:10.867+0700][522.661s][19752][19893][info ] Leaving safepoint region
[2025-11-10T00:34:10.867+0700][522.661s][19752][19893][info ] Total time for which application threads were stopped: 0.0003549 seconds, Stopping threads took: 0.0000464 seconds
[2025-11-10T00:34:11.867+0700][523.661s][19752][19893][info ] Application time: 1.0001027 seconds
[2025-11-10T00:34:11.867+0700][523.661s][19752][19893][info ] Entering safepoint region: Cleanup
[2025-11-10T00:34:11.867+0700][523.661s][19752][19893][info ] Leaving safepoint region
[2025-11-10T00:34:11.867+0700][523.662s][19752][19893][info ] Total time for which application threads were stopped: 0.0003194 seconds, Stopping threads took: 0.0000446 seconds
[2025-11-10T00:34:12.868+0700][524.662s][19752][19893][info ] Application time: 1.0000943 seconds
[2025-11-10T00:34:12.868+0700][524.662s][19752][19893][info ] Entering safepoint region: Cleanup
[2025-11-10T00:34:12.868+0700][524.662s][19752][19893][info ] Leaving safepoint region
[2025-11-10T00:34:12.868+0700][524.662s][19752][19893][info ] Total time for which application threads were stopped: 0.0002486 seconds, Stopping threads took: 0.0000465 seconds
[2025-11-10T00:34:20.869+0700][532.663s][19752][19893][info ] Application time: 8.0010859 seconds
[2025-11-10T00:34:20.869+0700][532.663s][19752][19893][info ] Entering safepoint region: Cleanup
[2025-11-10T00:34:20.869+0700][532.663s][19752][19893][info ] Leaving safepoint region
[2025-11-10T00:34:20.869+0700][532.663s][19752][19893][info ] Total time for which application threads were stopped: 0.0002329 seconds, Stopping threads took: 0.0000488 seconds
[2025-11-10T00:34:29.870+0700][541.664s][19752][19893][info ] Application time: 9.0008031 seconds
[2025-11-10T00:34:29.870+0700][541.664s][19752][19893][info ] Entering safepoint region: Cleanup
[2025-11-10T00:34:29.871+0700][541.665s][19752][19893][info ] Leaving safepoint region
[2025-11-10T00:34:29.871+0700][541.665s][19752][19893][info ] Total time for which application threads were stopped: 0.0005322 seconds, Stopping threads took: 0.0000427 seconds
[2025-11-10T00:34:30.871+0700][542.665s][19752][19893][info ] Application time: 1.0001720 seconds
[2025-11-10T00:34:30.871+0700][542.665s][19752][19893][info ] Entering safepoint region: Cleanup
[2025-11-10T00:34:30.871+0700][542.665s][19752][19893][info ] Leaving safepoint region
[2025-11-10T00:34:30.871+0700][542.665s][19752][19893][info ] Total time for which application threads were stopped: 0.0002973 seconds, Stopping threads took: 0.0000428 seconds
[2025-11-10T00:34:48.873+0700][560.667s][19752][19893][info ] Application time: 18.0019475 seconds
[2025-11-10T00:34:48.873+0700][560.668s][19752][19893][info ] Entering safepoint region: Cleanup
[2025-11-10T00:34:48.874+0700][560.668s][19752][19893][info ] Leaving safepoint region
[2025-11-10T00:34:48.874+0700][560.668s][19752][19893][info ] Total time for which application threads were stopped: 0.0002533 seconds, Stopping threads took: 0.0000443 seconds
[2025-11-10T00:35:00.875+0700][572.669s][19752][19893][info ] Application time: 12.0014998 seconds
[2025-11-10T00:35:00.875+0700][572.669s][19752][19893][info ] Entering safepoint region: Cleanup
[2025-11-10T00:35:00.876+0700][572.670s][19752][19893][info ] Leaving safepoint region
[2025-11-10T00:35:00.876+0700][572.670s][19752][19893][info ] Total time for which application threads were stopped: 0.0002980 seconds, Stopping threads took: 0.0000467 seconds
[2025-11-10T00:35:10.877+0700][582.671s][19752][19893][info ] Application time: 10.0011822 seconds
[2025-11-10T00:35:10.877+0700][582.671s][19752][19893][info ] Entering safepoint region: Cleanup
[2025-11-10T00:35:10.877+0700][582.671s][19752][19893][info ] Leaving safepoint region
[2025-11-10T00:35:10.877+0700][582.671s][19752][19893][info ] Total time for which application threads were stopped: 0.0002586 seconds, Stopping threads took: 0.0000443 seconds
[2025-11-10T00:35:17.878+0700][589.672s][19752][19893][info ] Application time: 7.0006335 seconds
[2025-11-10T00:35:17.878+0700][589.672s][19752][19893][info ] Entering safepoint region: Cleanup
[2025-11-10T00:35:17.878+0700][589.672s][19752][19893][info ] Leaving safepoint region
[2025-11-10T00:35:17.878+0700][589.672s][19752][19893][info ] Total time for which application threads were stopped: 0.0003310 seconds, Stopping threads took: 0.0000452 seconds
[2025-11-10T00:35:18.878+0700][590.672s][19752][19893][info ] Application time: 1.0001535 seconds
[2025-11-10T00:35:18.878+0700][590.673s][19752][19893][info ] Entering safepoint region: Cleanup
[2025-11-10T00:35:18.879+0700][590.673s][19752][19893][info ] Leaving safepoint region
[2025-11-10T00:35:18.879+0700][590.673s][19752][19893][info ] Total time for which application threads were stopped: 0.0003025 seconds, Stopping threads took: 0.0000448 seconds
[2025-11-10T00:35:20.879+0700][592.673s][19752][19893][info ] Application time: 2.0002070 seconds
[2025-11-10T00:35:20.879+0700][592.673s][19752][19893][info ] Entering safepoint region: Cleanup
[2025-11-10T00:35:20.879+0700][592.673s][19752][19893][info ] Leaving safepoint region
[2025-11-10T00:35:20.879+0700][592.673s][19752][19893][info ] Total time for which application threads were stopped: 0.0002585 seconds, Stopping threads took: 0.0000478 seconds
[2025-11-10T00:35:21.879+0700][593.674s][19752][19893][info ] Application time: 1.0000843 seconds
[2025-11-10T00:35:21.879+0700][593.674s][19752][19893][info ] Entering safepoint region: Cleanup
[2025-11-10T00:35:21.880+0700][593.674s][19752][19893][info ] Leaving safepoint region
[2025-11-10T00:35:21.880+0700][593.674s][19752][19893][info ] Total time for which application threads were stopped: 0.0001399 seconds, Stopping threads took: 0.0000262 seconds
[2025-11-10T00:35:22.880+0700][594.674s][19752][19893][info ] Application time: 1.0000757 seconds
[2025-11-10T00:35:22.880+0700][594.674s][19752][19893][info ] Entering safepoint region: Cleanup
[2025-11-10T00:35:22.880+0700][594.674s][19752][19893][info ] Leaving safepoint region
[2025-11-10T00:35:22.880+0700][594.674s][19752][19893][info ] Total time for which application threads were stopped: 0.0001431 seconds, Stopping threads took: 0.0000286 seconds
[2025-11-10T00:35:23.880+0700][595.674s][19752][19893][info ] Application time: 1.0000771 seconds
[2025-11-10T00:35:23.880+0700][595.674s][19752][19893][info ] Entering safepoint region: Cleanup
[2025-11-10T00:35:23.880+0700][595.674s][19752][19893][info ] Leaving safepoint region
[2025-11-10T00:35:23.880+0700][595.674s][19752][19893][info ] Total time for which application threads were stopped: 0.0002364 seconds, Stopping threads took: 0.0000286 seconds
[2025-11-10T00:35:24.880+0700][596.675s][19752][19893][info ] Application time: 1.0001120 seconds
[2025-11-10T00:35:24.881+0700][596.675s][19752][19893][info ] Entering safepoint region: Cleanup
[2025-11-10T00:35:24.881+0700][596.675s][19752][19893][info ] Leaving safepoint region
[2025-11-10T00:35:24.881+0700][596.675s][19752][19893][info ] Total time for which application threads were stopped: 0.0002224 seconds, Stopping threads took: 0.0000371 seconds
[2025-11-10T00:35:25.881+0700][597.675s][19752][19893][info ] Application time: 1.0000988 seconds
[2025-11-10T00:35:25.881+0700][597.675s][19752][19893][info ] Entering safepoint region: Cleanup
[2025-11-10T00:35:25.881+0700][597.675s][19752][19893][info ] Leaving safepoint region
[2025-11-10T00:35:25.881+0700][597.675s][19752][19893][info ] Total time for which application threads were stopped: 0.0001661 seconds, Stopping threads took: 0.0000444 seconds
[2025-11-10T00:35:26.881+0700][598.675s][19752][19893][info ] Application time: 1.0001442 seconds
[2025-11-10T00:35:26.881+0700][598.675s][19752][19893][info ] Entering safepoint region: Cleanup
[2025-11-10T00:35:26.882+0700][598.676s][19752][19893][info ] Leaving safepoint region
[2025-11-10T00:35:26.882+0700][598.676s][19752][19893][info ] Total time for which application threads were stopped: 0.0002751 seconds, Stopping threads took: 0.0000425 seconds
[2025-11-10T00:35:27.882+0700][599.676s][19752][19893][info ] Application time: 1.0001083 seconds
[2025-11-10T00:35:27.882+0700][599.676s][19752][19893][info ] Entering safepoint region: Cleanup
[2025-11-10T00:35:27.882+0700][599.676s][19752][19893][info ] Leaving safepoint region
[2025-11-10T00:35:27.882+0700][599.676s][19752][19893][info ] Total time for which application threads were stopped: 0.0001884 seconds, Stopping threads took: 0.0000300 seconds
[2025-11-10T00:35:28.882+0700][600.676s][19752][19893][info ] Application time: 1.0000921 seconds
[2025-11-10T00:35:28.882+0700][600.676s][19752][19893][info ] Entering safepoint region: Cleanup
[2025-11-10T00:35:28.882+0700][600.676s][19752][19893][info ] Leaving safepoint region
[2025-11-10T00:35:28.882+0700][600.677s][19752][19893][info ] Total time for which application threads were stopped: 0.0002763 seconds, Stopping threads took: 0.0000362 seconds
[2025-11-10T00:35:29.883+0700][601.677s][19752][19893][info ] Application time: 1.0001284 seconds
[2025-11-10T00:35:29.883+0700][601.677s][19752][19893][info ] Entering safepoint region: Cleanup
[2025-11-10T00:35:29.883+0700][601.677s][19752][19893][info ] Leaving safepoint region
[2025-11-10T00:35:29.883+0700][601.677s][19752][19893][info ] Total time for which application threads were stopped: 0.0002095 seconds, Stopping threads took: 0.0000715 seconds
[2025-11-10T00:35:30.883+0700][602.677s][19752][19893][info ] Application time: 1.0001270 seconds
[2025-11-10T00:35:30.883+0700][602.677s][19752][19893][info ] Entering safepoint region: Cleanup
[2025-11-10T00:35:30.883+0700][602.677s][19752][19893][info ] Leaving safepoint region
[2025-11-10T00:35:30.883+0700][602.678s][19752][19893][info ] Total time for which application threads were stopped: 0.0003258 seconds, Stopping threads took: 0.0000439 seconds
[2025-11-10T00:35:31.884+0700][603.678s][19752][19893][info ] Application time: 1.0000927 seconds
[2025-11-10T00:35:31.884+0700][603.678s][19752][19893][info ] Entering safepoint region: Cleanup
[2025-11-10T00:35:31.884+0700][603.678s][19752][19893][info ] Leaving safepoint region
[2025-11-10T00:35:31.884+0700][603.678s][19752][19893][info ] Total time for which application threads were stopped: 0.0002192 seconds, Stopping threads took: 0.0000244 seconds
[2025-11-10T00:35:32.884+0700][604.678s][19752][19893][info ] Application time: 1.0003228 seconds
[2025-11-10T00:35:32.884+0700][604.678s][19752][19893][info ] Entering safepoint region: Cleanup
[2025-11-10T00:35:32.885+0700][604.679s][19752][19893][info ] Leaving safepoint region
[2025-11-10T00:35:32.885+0700][604.679s][19752][19893][info ] Total time for which application threads were stopped: 0.0002942 seconds, Stopping threads took: 0.0000439 seconds
[2025-11-10T00:35:33.885+0700][605.679s][19752][19893][info ] Application time: 1.0001126 seconds
[2025-11-10T00:35:33.885+0700][605.679s][19752][19893][info ] Entering safepoint region: Cleanup
[2025-11-10T00:35:33.885+0700][605.679s][19752][19893][info ] Leaving safepoint region
[2025-11-10T00:35:33.885+0700][605.679s][19752][19893][info ] Total time for which application threads were stopped: 0.0001831 seconds, Stopping threads took: 0.0000358 seconds
[2025-11-10T00:35:34.885+0700][606.679s][19752][19893][info ] Application time: 1.0001271 seconds
[2025-11-10T00:35:34.885+0700][606.679s][19752][19893][info ] Entering safepoint region: Cleanup
[2025-11-10T00:35:34.885+0700][606.679s][19752][19893][info ] Leaving safepoint region
[2025-11-10T00:35:34.885+0700][606.680s][19752][19893][info ] Total time for which application threads were stopped: 0.0002562 seconds, Stopping threads took: 0.0000431 seconds
[2025-11-10T00:35:35.886+0700][607.680s][19752][19893][info ] Application time: 1.0001624 seconds
[2025-11-10T00:35:35.886+0700][607.680s][19752][19893][info ] Entering safepoint region: Cleanup
[2025-11-10T00:35:35.886+0700][607.680s][19752][19893][info ] Leaving safepoint region
[2025-11-10T00:35:35.886+0700][607.680s][19752][19893][info ] Total time for which application threads were stopped: 0.0003205 seconds, Stopping threads took: 0.0000791 seconds
[2025-11-10T00:35:36.886+0700][608.680s][19752][19893][info ] Application time: 1.0001257 seconds
[2025-11-10T00:35:36.886+0700][608.680s][19752][19893][info ] Entering safepoint region: Cleanup
[2025-11-10T00:35:36.886+0700][608.681s][19752][19893][info ] Leaving safepoint region
[2025-11-10T00:35:36.887+0700][608.681s][19752][19893][info ] Total time for which application threads were stopped: 0.0002857 seconds, Stopping threads took: 0.0000439 seconds
[2025-11-10T00:35:37.887+0700][609.681s][19752][19893][info ] Application time: 1.0001343 seconds
[2025-11-10T00:35:37.887+0700][609.681s][19752][19893][info ] Entering safepoint region: Cleanup
[2025-11-10T00:35:37.887+0700][609.681s][19752][19893][info ] Leaving safepoint region
[2025-11-10T00:35:37.887+0700][609.681s][19752][19893][info ] Total time for which application threads were stopped: 0.0002484 seconds, Stopping threads took: 0.0000476 seconds
[2025-11-10T00:35:38.887+0700][610.681s][19752][19893][info ] Application time: 1.0001182 seconds
[2025-11-10T00:35:38.887+0700][610.681s][19752][19893][info ] Entering safepoint region: Cleanup
[2025-11-10T00:35:38.888+0700][610.682s][19752][19893][info ] Leaving safepoint region
[2025-11-10T00:35:38.888+0700][610.682s][19752][19893][info ] Total time for which application threads were stopped: 0.0003272 seconds, Stopping threads took: 0.0000564 seconds
[2025-11-10T00:35:39.888+0700][611.682s][19752][19893][info ] Application time: 1.0001430 seconds
[2025-11-10T00:35:39.888+0700][611.682s][19752][19893][info ] Entering safepoint region: Cleanup
[2025-11-10T00:35:39.888+0700][611.682s][19752][19893][info ] Leaving safepoint region
[2025-11-10T00:35:39.888+0700][611.682s][19752][19893][info ] Total time for which application threads were stopped: 0.0002802 seconds, Stopping threads took: 0.0000444 seconds
[2025-11-10T00:35:40.889+0700][612.683s][19752][19893][info ] Application time: 1.0003431 seconds
[2025-11-10T00:35:40.889+0700][612.683s][19752][19893][info ] Entering safepoint region: Cleanup
[2025-11-10T00:35:40.889+0700][612.683s][19752][19893][info ] Leaving safepoint region
[2025-11-10T00:35:40.889+0700][612.683s][19752][19893][info ] Total time for which application threads were stopped: 0.0003403 seconds, Stopping threads took: 0.0000963 seconds
[2025-11-10T00:35:41.889+0700][613.683s][19752][19893][info ] Application time: 1.0001409 seconds
[2025-11-10T00:35:41.889+0700][613.683s][19752][19893][info ] Entering safepoint region: Cleanup
[2025-11-10T00:35:41.890+0700][613.684s][19752][19893][info ] Leaving safepoint region
[2025-11-10T00:35:41.890+0700][613.684s][19752][19893][info ] Total time for which application threads were stopped: 0.0002882 seconds, Stopping threads took: 0.0000514 seconds
[2025-11-10T00:35:42.890+0700][614.684s][19752][19893][info ] Application time: 1.0001499 seconds
[2025-11-10T00:35:42.890+0700][614.684s][19752][19893][info ] Entering safepoint region: Cleanup
[2025-11-10T00:35:42.890+0700][614.684s][19752][19893][info ] Leaving safepoint region
[2025-11-10T00:35:42.890+0700][614.684s][19752][19893][info ] Total time for which application threads were stopped: 0.0002834 seconds, Stopping threads took: 0.0000420 seconds
[2025-11-10T00:35:43.890+0700][615.684s][19752][19893][info ] Application time: 1.0000857 seconds
[2025-11-10T00:35:43.890+0700][615.684s][19752][19893][info ] Entering safepoint region: Cleanup
[2025-11-10T00:35:43.890+0700][615.685s][19752][19893][info ] Leaving safepoint region
[2025-11-10T00:35:43.890+0700][615.685s][19752][19893][info ] Total time for which application threads were stopped: 0.0002316 seconds, Stopping threads took: 0.0000370 seconds
[2025-11-10T00:35:44.891+0700][616.685s][19752][19893][info ] Application time: 1.0000808 seconds
[2025-11-10T00:35:44.891+0700][616.685s][19752][19893][info ] Entering safepoint region: Cleanup
[2025-11-10T00:35:44.891+0700][616.685s][19752][19893][info ] Leaving safepoint region
[2025-11-10T00:35:44.891+0700][616.685s][19752][19893][info ] Total time for which application threads were stopped: 0.0003223 seconds, Stopping threads took: 0.0000411 seconds
[2025-11-10T00:35:45.891+0700][617.685s][19752][19893][info ] Application time: 1.0000968 seconds
[2025-11-10T00:35:45.891+0700][617.685s][19752][19893][info ] Entering safepoint region: Cleanup
[2025-11-10T00:35:45.891+0700][617.685s][19752][19893][info ] Leaving safepoint region
[2025-11-10T00:35:45.891+0700][617.685s][19752][19893][info ] Total time for which application threads were stopped: 0.0002168 seconds, Stopping threads took: 0.0000523 seconds
[2025-11-10T00:35:46.891+0700][618.686s][19752][19893][info ] Application time: 1.0000930 seconds
[2025-11-10T00:35:46.892+0700][618.686s][19752][19893][info ] Entering safepoint region: Cleanup
[2025-11-10T00:35:46.892+0700][618.686s][19752][19893][info ] Leaving safepoint region
[2025-11-10T00:35:46.892+0700][618.686s][19752][19893][info ] Total time for which application threads were stopped: 0.0002901 seconds, Stopping threads took: 0.0000486 seconds
[2025-11-10T00:35:47.892+0700][619.686s][19752][19893][info ] Application time: 1.0000857 seconds
[2025-11-10T00:35:47.892+0700][619.686s][19752][19893][info ] Entering safepoint region: Cleanup
[2025-11-10T00:35:47.892+0700][619.686s][19752][19893][info ] Leaving safepoint region
[2025-11-10T00:35:47.892+0700][619.686s][19752][19893][info ] Total time for which application threads were stopped: 0.0001838 seconds, Stopping threads took: 0.0000518 seconds
[2025-11-10T00:35:48.892+0700][620.686s][19752][19893][info ] Application time: 1.0000927 seconds
[2025-11-10T00:35:48.892+0700][620.687s][19752][19893][info ] Entering safepoint region: Cleanup
[2025-11-10T00:35:48.893+0700][620.687s][19752][19893][info ] Leaving safepoint region
[2025-11-10T00:35:48.893+0700][620.687s][19752][19893][info ] Total time for which application threads were stopped: 0.0001686 seconds, Stopping threads took: 0.0000375 seconds
[2025-11-10T00:35:49.893+0700][621.687s][19752][19893][info ] Application time: 1.0000979 seconds
[2025-11-10T00:35:49.893+0700][621.687s][19752][19893][info ] Entering safepoint region: Cleanup
[2025-11-10T00:35:49.893+0700][621.687s][19752][19893][info ] Leaving safepoint region
[2025-11-10T00:35:49.893+0700][621.687s][19752][19893][info ] Total time for which application threads were stopped: 0.0002739 seconds, Stopping threads took: 0.0000539 seconds
[2025-11-10T00:35:50.893+0700][622.687s][19752][19893][info ] Application time: 1.0000947 seconds
[2025-11-10T00:35:50.893+0700][622.687s][19752][19893][info ] Entering safepoint region: Cleanup
[2025-11-10T00:35:50.893+0700][622.688s][19752][19893][info ] Leaving safepoint region
[2025-11-10T00:35:50.894+0700][622.688s][19752][19893][info ] Total time for which application threads were stopped: 0.0002598 seconds, Stopping threads took: 0.0000476 seconds
[2025-11-10T00:35:51.894+0700][623.688s][19752][19893][info ] Application time: 1.0001359 seconds
[2025-11-10T00:35:51.894+0700][623.688s][19752][19893][info ] Entering safepoint region: Cleanup
[2025-11-10T00:35:51.894+0700][623.688s][19752][19893][info ] Leaving safepoint region
[2025-11-10T00:35:51.894+0700][623.688s][19752][19893][info ] Total time for which application threads were stopped: 0.0003159 seconds, Stopping threads took: 0.0000439 seconds
[2025-11-10T00:35:52.894+0700][624.688s][19752][19893][info ] Application time: 1.0000879 seconds
[2025-11-10T00:35:52.894+0700][624.688s][19752][19893][info ] Entering safepoint region: Cleanup
[2025-11-10T00:35:52.894+0700][624.689s][19752][19893][info ] Leaving safepoint region
[2025-11-10T00:35:52.894+0700][624.689s][19752][19893][info ] Total time for which application threads were stopped: 0.0001763 seconds, Stopping threads took: 0.0000281 seconds
[2025-11-10T00:35:53.895+0700][625.689s][19752][19893][info ] Application time: 1.0001320 seconds
[2025-11-10T00:35:53.895+0700][625.689s][19752][19893][info ] Entering safepoint region: Cleanup
[2025-11-10T00:35:53.895+0700][625.689s][19752][19893][info ] Leaving safepoint region
[2025-11-10T00:35:53.895+0700][625.689s][19752][19893][info ] Total time for which application threads were stopped: 0.0003054 seconds, Stopping threads took: 0.0000769 seconds
[2025-11-10T00:35:54.895+0700][626.689s][19752][19893][info ] Application time: 1.0000826 seconds
[2025-11-10T00:35:54.895+0700][626.689s][19752][19893][info ] Entering safepoint region: Cleanup
[2025-11-10T00:35:54.895+0700][626.689s][19752][19893][info ] Leaving safepoint region
[2025-11-10T00:35:54.895+0700][626.689s][19752][19893][info ] Total time for which application threads were stopped: 0.0001708 seconds, Stopping threads took: 0.0000271 seconds
[2025-11-10T00:35:55.895+0700][627.690s][19752][19893][info ] Application time: 1.0000793 seconds
[2025-11-10T00:35:55.895+0700][627.690s][19752][19893][info ] Entering safepoint region: Cleanup
[2025-11-10T00:35:55.896+0700][627.690s][19752][19893][info ] Leaving safepoint region
[2025-11-10T00:35:55.896+0700][627.690s][19752][19893][info ] Total time for which application threads were stopped: 0.0001793 seconds, Stopping threads took: 0.0000277 seconds
[2025-11-10T00:35:56.896+0700][628.690s][19752][19893][info ] Application time: 1.0001155 seconds
[2025-11-10T00:35:56.896+0700][628.690s][19752][19893][info ] Entering safepoint region: Cleanup
[2025-11-10T00:35:56.896+0700][628.690s][19752][19893][info ] Leaving safepoint region
[2025-11-10T00:35:56.896+0700][628.690s][19752][19893][info ] Total time for which application threads were stopped: 0.0004012 seconds, Stopping threads took: 0.0000490 seconds
[2025-11-10T00:35:57.896+0700][629.690s][19752][19893][info ] Application time: 1.0000884 seconds
[2025-11-10T00:35:57.896+0700][629.691s][19752][19893][info ] Entering safepoint region: Cleanup
[2025-11-10T00:35:57.897+0700][629.691s][19752][19893][info ] Leaving safepoint region
[2025-11-10T00:35:57.897+0700][629.691s][19752][19893][info ] Total time for which application threads were stopped: 0.0002968 seconds, Stopping threads took: 0.0000455 seconds
[2025-11-10T00:35:58.897+0700][630.691s][19752][19893][info ] Application time: 1.0000771 seconds
[2025-11-10T00:35:58.897+0700][630.691s][19752][19893][info ] Entering safepoint region: Cleanup
[2025-11-10T00:35:58.897+0700][630.691s][19752][19893][info ] Leaving safepoint region
[2025-11-10T00:35:58.897+0700][630.691s][19752][19893][info ] Total time for which application threads were stopped: 0.0001597 seconds, Stopping threads took: 0.0000254 seconds
[2025-11-10T00:35:59.897+0700][631.691s][19752][19893][info ] Application time: 1.0001060 seconds
[2025-11-10T00:35:59.897+0700][631.691s][19752][19893][info ] Entering safepoint region: Cleanup
[2025-11-10T00:35:59.897+0700][631.691s][19752][19893][info ] Leaving safepoint region
[2025-11-10T00:35:59.897+0700][631.692s][19752][19893][info ] Total time for which application threads were stopped: 0.0001771 seconds, Stopping threads took: 0.0000296 seconds
[2025-11-10T00:36:00.898+0700][632.692s][19752][19893][info ] Application time: 1.0001292 seconds
[2025-11-10T00:36:00.898+0700][632.692s][19752][19893][info ] Entering safepoint region: Cleanup
[2025-11-10T00:36:00.898+0700][632.692s][19752][19893][info ] Leaving safepoint region
[2025-11-10T00:36:00.898+0700][632.692s][19752][19893][info ] Total time for which application threads were stopped: 0.0002683 seconds, Stopping threads took: 0.0000450 seconds
[2025-11-10T00:36:01.898+0700][633.692s][19752][19893][info ] Application time: 1.0001061 seconds
[2025-11-10T00:36:01.898+0700][633.692s][19752][19893][info ] Entering safepoint region: Cleanup
[2025-11-10T00:36:01.898+0700][633.692s][19752][19893][info ] Leaving safepoint region
[2025-11-10T00:36:01.898+0700][633.692s][19752][19893][info ] Total time for which application threads were stopped: 0.0001903 seconds, Stopping threads took: 0.0000396 seconds
[2025-11-10T00:36:02.898+0700][634.693s][19752][19893][info ] Application time: 1.0000875 seconds
[2025-11-10T00:36:02.898+0700][634.693s][19752][19893][info ] Entering safepoint region: Cleanup
[2025-11-10T00:36:02.899+0700][634.693s][19752][19893][info ] Leaving safepoint region
[2025-11-10T00:36:02.899+0700][634.693s][19752][19893][info ] Total time for which application threads were stopped: 0.0001978 seconds, Stopping threads took: 0.0000339 seconds
[2025-11-10T00:36:03.899+0700][635.693s][19752][19893][info ] Application time: 1.0001084 seconds
[2025-11-10T00:36:03.899+0700][635.693s][19752][19893][info ] Entering safepoint region: Cleanup
[2025-11-10T00:36:03.899+0700][635.693s][19752][19893][info ] Leaving safepoint region
[2025-11-10T00:36:03.899+0700][635.693s][19752][19893][info ] Total time for which application threads were stopped: 0.0002964 seconds, Stopping threads took: 0.0000421 seconds
[2025-11-10T00:36:04.899+0700][636.693s][19752][19893][info ] Application time: 1.0001033 seconds
[2025-11-10T00:36:04.899+0700][636.693s][19752][19893][info ] Entering safepoint region: Cleanup
[2025-11-10T00:36:04.900+0700][636.694s][19752][19893][info ] Leaving safepoint region
[2025-11-10T00:36:04.900+0700][636.694s][19752][19893][info ] Total time for which application threads were stopped: 0.0002519 seconds, Stopping threads took: 0.0000543 seconds
[2025-11-10T00:36:05.900+0700][637.694s][19752][19893][info ] Application time: 1.0001376 seconds
[2025-11-10T00:36:05.900+0700][637.694s][19752][19893][info ] Entering safepoint region: Cleanup
[2025-11-10T00:36:05.900+0700][637.694s][19752][19893][info ] Leaving safepoint region
[2025-11-10T00:36:05.900+0700][637.694s][19752][19893][info ] Total time for which application threads were stopped: 0.0003904 seconds, Stopping threads took: 0.0000683 seconds
[2025-11-10T00:36:06.900+0700][638.695s][19752][19893][info ] Application time: 1.0001249 seconds
[2025-11-10T00:36:06.900+0700][638.695s][19752][19893][info ] Entering safepoint region: Cleanup
[2025-11-10T00:36:06.901+0700][638.695s][19752][19893][info ] Leaving safepoint region
[2025-11-10T00:36:06.901+0700][638.695s][19752][19893][info ] Total time for which application threads were stopped: 0.0003392 seconds, Stopping threads took: 0.0000447 seconds
[2025-11-10T00:36:07.901+0700][639.695s][19752][19893][info ] Application time: 1.0001118 seconds
[2025-11-10T00:36:07.901+0700][639.695s][19752][19893][info ] Entering safepoint region: Cleanup
[2025-11-10T00:36:07.901+0700][639.695s][19752][19893][info ] Leaving safepoint region
[2025-11-10T00:36:07.901+0700][639.695s][19752][19893][info ] Total time for which application threads were stopped: 0.0002940 seconds, Stopping threads took: 0.0000420 seconds
[2025-11-10T00:36:08.901+0700][640.696s][19752][19893][info ] Application time: 1.0001136 seconds
[2025-11-10T00:36:08.902+0700][640.696s][19752][19893][info ] Entering safepoint region: Cleanup
[2025-11-10T00:36:08.902+0700][640.696s][19752][19893][info ] Leaving safepoint region
[2025-11-10T00:36:08.902+0700][640.696s][19752][19893][info ] Total time for which application threads were stopped: 0.0002993 seconds, Stopping threads took: 0.0000491 seconds
[2025-11-10T00:36:09.902+0700][641.696s][19752][19893][info ] Application time: 1.0003602 seconds
[2025-11-10T00:36:09.902+0700][641.696s][19752][19893][info ] Entering safepoint region: Cleanup
[2025-11-10T00:36:09.903+0700][641.697s][19752][19893][info ] Leaving safepoint region
[2025-11-10T00:36:09.903+0700][641.697s][19752][19893][info ] Total time for which application threads were stopped: 0.0004323 seconds, Stopping threads took: 0.0000887 seconds
[2025-11-10T00:36:10.903+0700][642.697s][19752][19893][info ] Application time: 1.0000914 seconds
[2025-11-10T00:36:10.903+0700][642.697s][19752][19893][info ] Entering safepoint region: Cleanup
[2025-11-10T00:36:10.903+0700][642.697s][19752][19893][info ] Leaving safepoint region
[2025-11-10T00:36:10.903+0700][642.697s][19752][19893][info ] Total time for which application threads were stopped: 0.0002138 seconds, Stopping threads took: 0.0000430 seconds
[2025-11-10T00:36:11.903+0700][643.697s][19752][19893][info ] Application time: 1.0001008 seconds
[2025-11-10T00:36:11.903+0700][643.697s][19752][19893][info ] Entering safepoint region: Cleanup
[2025-11-10T00:36:11.904+0700][643.698s][19752][19893][info ] Leaving safepoint region
[2025-11-10T00:36:11.904+0700][643.698s][19752][19893][info ] Total time for which application threads were stopped: 0.0003134 seconds, Stopping threads took: 0.0000407 seconds
[2025-11-10T00:36:12.904+0700][644.698s][19752][19893][info ] Application time: 1.0001290 seconds
[2025-11-10T00:36:12.904+0700][644.698s][19752][19893][info ] Entering safepoint region: Cleanup
[2025-11-10T00:36:12.904+0700][644.698s][19752][19893][info ] Leaving safepoint region
[2025-11-10T00:36:12.904+0700][644.698s][19752][19893][info ] Total time for which application threads were stopped: 0.0002350 seconds, Stopping threads took: 0.0000423 seconds
[2025-11-10T00:36:13.904+0700][645.698s][19752][19893][info ] Application time: 1.0000941 seconds
[2025-11-10T00:36:13.904+0700][645.698s][19752][19893][info ] Entering safepoint region: Cleanup
[2025-11-10T00:36:13.904+0700][645.699s][19752][19893][info ] Leaving safepoint region
[2025-11-10T00:36:13.904+0700][645.699s][19752][19893][info ] Total time for which application threads were stopped: 0.0001754 seconds, Stopping threads took: 0.0000411 seconds
[2025-11-10T00:36:14.905+0700][646.699s][19752][19893][info ] Application time: 1.0001422 seconds
[2025-11-10T00:36:14.905+0700][646.699s][19752][19893][info ] Entering safepoint region: Cleanup
[2025-11-10T00:36:14.905+0700][646.699s][19752][19893][info ] Leaving safepoint region
[2025-11-10T00:36:14.905+0700][646.699s][19752][19893][info ] Total time for which application threads were stopped: 0.0002725 seconds, Stopping threads took: 0.0000692 seconds
[2025-11-10T00:36:15.905+0700][647.699s][19752][19893][info ] Application time: 1.0001297 seconds
[2025-11-10T00:36:15.905+0700][647.699s][19752][19893][info ] Entering safepoint region: Cleanup
[2025-11-10T00:36:15.906+0700][647.700s][19752][19893][info ] Leaving safepoint region
[2025-11-10T00:36:15.906+0700][647.700s][19752][19893][info ] Total time for which application threads were stopped: 0.0004414 seconds, Stopping threads took: 0.0000429 seconds
[2025-11-10T00:36:16.906+0700][648.700s][19752][19893][info ] Application time: 1.0001257 seconds
[2025-11-10T00:36:16.906+0700][648.700s][19752][19893][info ] Entering safepoint region: Cleanup
[2025-11-10T00:36:16.906+0700][648.700s][19752][19893][info ] Leaving safepoint region
[2025-11-10T00:36:16.906+0700][648.700s][19752][19893][info ] Total time for which application threads were stopped: 0.0003020 seconds, Stopping threads took: 0.0000427 seconds
[2025-11-10T00:36:17.906+0700][649.701s][19752][19893][info ] Application time: 1.0001276 seconds
[2025-11-10T00:36:17.907+0700][649.701s][19752][19893][info ] Entering safepoint region: Cleanup
[2025-11-10T00:36:17.907+0700][649.701s][19752][19893][info ] Leaving safepoint region
[2025-11-10T00:36:17.907+0700][649.701s][19752][19893][info ] Total time for which application threads were stopped: 0.0003248 seconds, Stopping threads took: 0.0000434 seconds
[2025-11-10T00:36:18.907+0700][650.701s][19752][19893][info ] Application time: 1.0001264 seconds
[2025-11-10T00:36:18.907+0700][650.701s][19752][19893][info ] Entering safepoint region: Cleanup
[2025-11-10T00:36:18.907+0700][650.701s][19752][19893][info ] Leaving safepoint region
[2025-11-10T00:36:18.907+0700][650.701s][19752][19893][info ] Total time for which application threads were stopped: 0.0002315 seconds, Stopping threads took: 0.0000444 seconds
[2025-11-10T00:36:19.908+0700][651.702s][19752][19893][info ] Application time: 1.0003300 seconds
[2025-11-10T00:36:19.908+0700][651.702s][19752][19893][info ] Entering safepoint region: Cleanup
[2025-11-10T00:36:19.908+0700][651.702s][19752][19893][info ] Leaving safepoint region
[2025-11-10T00:36:19.908+0700][651.702s][19752][19893][info ] Total time for which application threads were stopped: 0.0003155 seconds, Stopping threads took: 0.0000460 seconds
[2025-11-10T00:36:20.908+0700][652.702s][19752][19893][info ] Application time: 1.0001270 seconds
[2025-11-10T00:36:20.908+0700][652.702s][19752][19893][info ] Entering safepoint region: Cleanup
[2025-11-10T00:36:20.909+0700][652.703s][19752][19893][info ] Leaving safepoint region
[2025-11-10T00:36:20.909+0700][652.703s][19752][19893][info ] Total time for which application threads were stopped: 0.0002512 seconds, Stopping threads took: 0.0000604 seconds
[2025-11-10T00:36:21.909+0700][653.703s][19752][19893][info ] Application time: 1.0003280 seconds
[2025-11-10T00:36:21.909+0700][653.703s][19752][19893][info ] Entering safepoint region: Cleanup
[2025-11-10T00:36:21.909+0700][653.703s][19752][19893][info ] Leaving safepoint region
[2025-11-10T00:36:21.909+0700][653.703s][19752][19893][info ] Total time for which application threads were stopped: 0.0002659 seconds, Stopping threads took: 0.0000426 seconds
[2025-11-10T00:36:22.910+0700][654.704s][19752][19893][info ] Application time: 1.0003284 seconds
[2025-11-10T00:36:22.910+0700][654.704s][19752][19893][info ] Entering safepoint region: Cleanup
[2025-11-10T00:36:22.910+0700][654.704s][19752][19893][info ] Leaving safepoint region
[2025-11-10T00:36:22.910+0700][654.704s][19752][19893][info ] Total time for which application threads were stopped: 0.0002947 seconds, Stopping threads took: 0.0000488 seconds
[2025-11-10T00:36:23.910+0700][655.704s][19752][19893][info ] Application time: 1.0000941 seconds
[2025-11-10T00:36:23.910+0700][655.704s][19752][19893][info ] Entering safepoint region: Cleanup
[2025-11-10T00:36:23.910+0700][655.705s][19752][19893][info ] Leaving safepoint region
[2025-11-10T00:36:23.911+0700][655.705s][19752][19893][info ] Total time for which application threads were stopped: 0.0002725 seconds, Stopping threads took: 0.0000435 seconds
[2025-11-10T00:36:24.911+0700][656.705s][19752][19893][info ] Application time: 1.0000923 seconds
[2025-11-10T00:36:24.911+0700][656.705s][19752][19893][info ] Entering safepoint region: Cleanup
[2025-11-10T00:36:24.911+0700][656.705s][19752][19893][info ] Leaving safepoint region
[2025-11-10T00:36:24.911+0700][656.705s][19752][19893][info ] Total time for which application threads were stopped: 0.0002802 seconds, Stopping threads took: 0.0000749 seconds
[2025-11-10T00:36:25.911+0700][657.705s][19752][19893][info ] Application time: 1.0000937 seconds
[2025-11-10T00:36:25.911+0700][657.705s][19752][19893][info ] Entering safepoint region: Cleanup
[2025-11-10T00:36:25.911+0700][657.706s][19752][19893][info ] Leaving safepoint region
[2025-11-10T00:36:25.912+0700][657.706s][19752][19893][info ] Total time for which application threads were stopped: 0.0003151 seconds, Stopping threads took: 0.0000439 seconds
[2025-11-10T00:36:26.912+0700][658.706s][19752][19893][info ] Application time: 1.0001029 seconds
[2025-11-10T00:36:26.912+0700][658.706s][19752][19893][info ] Entering safepoint region: Cleanup
[2025-11-10T00:36:26.912+0700][658.706s][19752][19893][info ] Leaving safepoint region
[2025-11-10T00:36:26.912+0700][658.706s][19752][19893][info ] Total time for which application threads were stopped: 0.0002887 seconds, Stopping threads took: 0.0000513 seconds
[2025-11-10T00:36:27.912+0700][659.707s][19752][19893][info ] Application time: 1.0003305 seconds
[2025-11-10T00:36:27.913+0700][659.707s][19752][19893][info ] Entering safepoint region: Cleanup
[2025-11-10T00:36:27.913+0700][659.707s][19752][19893][info ] Leaving safepoint region
[2025-11-10T00:36:27.913+0700][659.707s][19752][19893][info ] Total time for which application threads were stopped: 0.0003243 seconds, Stopping threads took: 0.0000573 seconds
[2025-11-10T00:36:28.913+0700][660.707s][19752][19893][info ] Application time: 1.0001857 seconds
[2025-11-10T00:36:28.913+0700][660.707s][19752][19893][info ] Entering safepoint region: Cleanup
[2025-11-10T00:36:28.913+0700][660.708s][19752][19893][info ] Leaving safepoint region
[2025-11-10T00:36:28.913+0700][660.708s][19752][19893][info ] Total time for which application threads were stopped: 0.0003255 seconds, Stopping threads took: 0.0000471 seconds
[2025-11-10T00:36:29.914+0700][661.708s][19752][19893][info ] Application time: 1.0003158 seconds
[2025-11-10T00:36:29.914+0700][661.708s][19752][19893][info ] Entering safepoint region: Cleanup
[2025-11-10T00:36:29.914+0700][661.708s][19752][19893][info ] Leaving safepoint region
[2025-11-10T00:36:29.914+0700][661.708s][19752][19893][info ] Total time for which application threads were stopped: 0.0002576 seconds, Stopping threads took: 0.0000483 seconds
[2025-11-10T00:36:30.914+0700][662.709s][19752][19893][info ] Application time: 1.0003333 seconds
[2025-11-10T00:36:30.915+0700][662.709s][19752][19893][info ] Entering safepoint region: Cleanup
[2025-11-10T00:36:30.915+0700][662.709s][19752][19893][info ] Leaving safepoint region
[2025-11-10T00:36:30.915+0700][662.709s][19752][19893][info ] Total time for which application threads were stopped: 0.0003499 seconds, Stopping threads took: 0.0000446 seconds
[2025-11-10T00:36:31.915+0700][663.709s][19752][19893][info ] Application time: 1.0003350 seconds
[2025-11-10T00:36:31.915+0700][663.710s][19752][19893][info ] Entering safepoint region: Cleanup
[2025-11-10T00:36:31.916+0700][663.710s][19752][19893][info ] Leaving safepoint region
[2025-11-10T00:36:31.916+0700][663.710s][19752][19893][info ] Total time for which application threads were stopped: 0.0002875 seconds, Stopping threads took: 0.0000454 seconds
[2025-11-10T00:36:32.916+0700][664.710s][19752][19893][info ] Application time: 1.0003412 seconds
[2025-11-10T00:36:32.916+0700][664.710s][19752][19893][info ] Entering safepoint region: Cleanup
[2025-11-10T00:36:32.916+0700][664.710s][19752][19893][info ] Leaving safepoint region
[2025-11-10T00:36:32.916+0700][664.711s][19752][19893][info ] Total time for which application threads were stopped: 0.0002294 seconds, Stopping threads took: 0.0000462 seconds
[2025-11-10T00:36:33.917+0700][665.711s][19752][19893][info ] Application time: 1.0003442 seconds
[2025-11-10T00:36:33.917+0700][665.711s][19752][19893][info ] Entering safepoint region: Cleanup
[2025-11-10T00:36:33.917+0700][665.711s][19752][19893][info ] Leaving safepoint region
[2025-11-10T00:36:33.917+0700][665.711s][19752][19893][info ] Total time for which application threads were stopped: 0.0002700 seconds, Stopping threads took: 0.0000696 seconds
[2025-11-10T00:36:34.917+0700][666.711s][19752][19893][info ] Application time: 1.0001242 seconds
[2025-11-10T00:36:34.917+0700][666.711s][19752][19893][info ] Entering safepoint region: Cleanup
[2025-11-10T00:36:34.918+0700][666.712s][19752][19893][info ] Leaving safepoint region
[2025-11-10T00:36:34.918+0700][666.712s][19752][19893][info ] Total time for which application threads were stopped: 0.0002252 seconds, Stopping threads took: 0.0000428 seconds
[2025-11-10T00:36:35.918+0700][667.712s][19752][19893][info ] Application time: 1.0003386 seconds
[2025-11-10T00:36:35.918+0700][667.712s][19752][19893][info ] Entering safepoint region: Cleanup
[2025-11-10T00:36:35.918+0700][667.712s][19752][19893][info ] Leaving safepoint region
[2025-11-10T00:36:35.926+0700][667.720s][19752][19893][info ] Total time for which application threads were stopped: 0.0076913 seconds, Stopping threads took: 0.0000467 seconds
[2025-11-10T00:36:36.926+0700][668.720s][19752][19893][info ] Application time: 1.0001904 seconds
[2025-11-10T00:36:36.926+0700][668.720s][19752][19893][info ] Entering safepoint region: Cleanup
[2025-11-10T00:36:36.926+0700][668.720s][19752][19893][info ] Leaving safepoint region
[2025-11-10T00:36:36.926+0700][668.720s][19752][19893][info ] Total time for which application threads were stopped: 0.0002864 seconds, Stopping threads took: 0.0000446 seconds
[2025-11-10T00:36:37.926+0700][669.721s][19752][19893][info ] Application time: 1.0001041 seconds
[2025-11-10T00:36:37.927+0700][669.721s][19752][19893][info ] Entering safepoint region: Cleanup
[2025-11-10T00:36:37.927+0700][669.721s][19752][19893][info ] Leaving safepoint region
[2025-11-10T00:36:37.927+0700][669.721s][19752][19893][info ] Total time for which application threads were stopped: 0.0003085 seconds, Stopping threads took: 0.0000446 seconds
[2025-11-10T00:36:38.927+0700][670.721s][19752][19893][info ] Application time: 1.0000984 seconds
[2025-11-10T00:36:38.927+0700][670.721s][19752][19893][info ] Entering safepoint region: Cleanup
[2025-11-10T00:36:38.927+0700][670.721s][19752][19893][info ] Leaving safepoint region
[2025-11-10T00:36:38.927+0700][670.721s][19752][19893][info ] Total time for which application threads were stopped: 0.0002491 seconds, Stopping threads took: 0.0000424 seconds
[2025-11-10T00:36:39.928+0700][671.722s][19752][19893][info ] Application time: 1.0003343 seconds
[2025-11-10T00:36:39.928+0700][671.722s][19752][19893][info ] Entering safepoint region: Cleanup
[2025-11-10T00:36:39.928+0700][671.722s][19752][19893][info ] Leaving safepoint region
[2025-11-10T00:36:39.928+0700][671.722s][19752][19893][info ] Total time for which application threads were stopped: 0.0002041 seconds, Stopping threads took: 0.0000434 seconds
[2025-11-10T00:36:40.928+0700][672.722s][19752][19893][info ] Application time: 1.0001328 seconds
[2025-11-10T00:36:40.928+0700][672.722s][19752][19893][info ] Entering safepoint region: Cleanup
[2025-11-10T00:36:40.929+0700][672.723s][19752][19893][info ] Leaving safepoint region
[2025-11-10T00:36:40.929+0700][672.723s][19752][19893][info ] Total time for which application threads were stopped: 0.0002676 seconds, Stopping threads took: 0.0000418 seconds
[2025-11-10T00:36:55.931+0700][687.726s][19752][19893][info ] Application time: 15.0029076 seconds
[2025-11-10T00:36:55.932+0700][687.726s][19752][19893][info ] Entering safepoint region: Cleanup
[2025-11-10T00:36:55.932+0700][687.726s][19752][19893][info ] Leaving safepoint region
[2025-11-10T00:36:55.932+0700][687.726s][19752][19893][info ] Total time for which application threads were stopped: 0.0002254 seconds, Stopping threads took: 0.0000376 seconds
[2025-11-10T00:36:58.933+0700][690.727s][19752][19893][info ] Application time: 3.0007654 seconds
[2025-11-10T00:36:58.933+0700][690.727s][19752][19893][info ] Entering safepoint region: Cleanup
[2025-11-10T00:36:58.933+0700][690.727s][19752][19893][info ] Leaving safepoint region
[2025-11-10T00:36:58.933+0700][690.727s][19752][19893][info ] Total time for which application threads were stopped: 0.0003308 seconds, Stopping threads took: 0.0000677 seconds
[2025-11-10T00:36:59.933+0700][691.727s][19752][19893][info ] Application time: 1.0000976 seconds
[2025-11-10T00:36:59.933+0700][691.727s][19752][19893][info ] Entering safepoint region: Cleanup
[2025-11-10T00:36:59.933+0700][691.727s][19752][19893][info ] Leaving safepoint region
[2025-11-10T00:36:59.933+0700][691.727s][19752][19893][info ] Total time for which application threads were stopped: 0.0001994 seconds, Stopping threads took: 0.0000392 seconds
[2025-11-10T00:37:00.934+0700][692.728s][19752][19893][info ] Application time: 1.0001395 seconds
[2025-11-10T00:37:00.934+0700][692.728s][19752][19893][info ] Entering safepoint region: Cleanup
[2025-11-10T00:37:00.934+0700][692.728s][19752][19893][info ] Leaving safepoint region
[2025-11-10T00:37:00.934+0700][692.728s][19752][19893][info ] Total time for which application threads were stopped: 0.0002380 seconds, Stopping threads took: 0.0000423 seconds
[2025-11-10T00:37:10.936+0700][702.730s][19752][19893][info ] Application time: 10.0020676 seconds
[2025-11-10T00:37:10.936+0700][702.730s][19752][19893][info ] Entering safepoint region: Cleanup
[2025-11-10T00:37:10.936+0700][702.730s][19752][19893][info ] Leaving safepoint region
[2025-11-10T00:37:10.936+0700][702.730s][19752][19893][info ] Total time for which application threads were stopped: 0.0002625 seconds, Stopping threads took: 0.0000457 seconds
[2025-11-10T00:37:17.938+0700][709.732s][19752][19893][info ] Application time: 7.0012211 seconds
[2025-11-10T00:37:17.938+0700][709.732s][19752][19893][info ] Entering safepoint region: Cleanup
[2025-11-10T00:37:17.938+0700][709.732s][19752][19893][info ] Leaving safepoint region
[2025-11-10T00:37:17.938+0700][709.732s][19752][19893][info ] Total time for which application threads were stopped: 0.0001976 seconds, Stopping threads took: 0.0000367 seconds
[2025-11-10T00:37:40.942+0700][732.736s][19752][19893][info ] Application time: 23.0045013 seconds
[2025-11-10T00:37:40.942+0700][732.737s][19752][19893][info ] Entering safepoint region: Cleanup
[2025-11-10T00:37:40.943+0700][732.737s][19752][19893][info ] Leaving safepoint region
[2025-11-10T00:37:40.943+0700][732.737s][19752][19893][info ] Total time for which application threads were stopped: 0.0004031 seconds, Stopping threads took: 0.0000459 seconds
[2025-11-10T00:38:10.949+0700][762.743s][19752][19893][info ] Application time: 30.0060340 seconds
[2025-11-10T00:38:10.949+0700][762.743s][19752][19893][info ] Entering safepoint region: Cleanup
[2025-11-10T00:38:10.949+0700][762.743s][19752][19893][info ] Leaving safepoint region
[2025-11-10T00:38:10.949+0700][762.743s][19752][19893][info ] Total time for which application threads were stopped: 0.0002410 seconds, Stopping threads took: 0.0000462 seconds
[2025-11-10T00:38:20.952+0700][772.746s][19752][19893][info ] Application time: 10.0027010 seconds
[2025-11-10T00:38:20.952+0700][772.746s][19752][19893][info ] Entering safepoint region: Cleanup
[2025-11-10T00:38:20.952+0700][772.746s][19752][19893][info ] Leaving safepoint region
[2025-11-10T00:38:20.952+0700][772.746s][19752][19893][info ] Total time for which application threads were stopped: 0.0002901 seconds, Stopping threads took: 0.0000467 seconds
[2025-11-10T00:38:21.953+0700][773.747s][19752][19893][info ] Application time: 1.0001630 seconds
[2025-11-10T00:38:21.953+0700][773.747s][19752][19893][info ] Entering safepoint region: Cleanup
[2025-11-10T00:38:21.953+0700][773.747s][19752][19893][info ] Leaving safepoint region
[2025-11-10T00:38:21.953+0700][773.747s][19752][19893][info ] Total time for which application threads were stopped: 0.0003892 seconds, Stopping threads took: 0.0000452 seconds
[2025-11-10T00:38:22.953+0700][774.747s][19752][19893][info ] Application time: 1.0003374 seconds
[2025-11-10T00:38:22.953+0700][774.748s][19752][19893][info ] Entering safepoint region: Cleanup
[2025-11-10T00:38:22.954+0700][774.748s][19752][19893][info ] Leaving safepoint region
[2025-11-10T00:38:22.954+0700][774.748s][19752][19893][info ] Total time for which application threads were stopped: 0.0003477 seconds, Stopping threads took: 0.0000444 seconds
[2025-11-10T00:38:23.954+0700][775.748s][19752][19893][info ] Application time: 1.0001052 seconds
[2025-11-10T00:38:23.954+0700][775.748s][19752][19893][info ] Entering safepoint region: Cleanup
[2025-11-10T00:38:23.954+0700][775.748s][19752][19893][info ] Leaving safepoint region
[2025-11-10T00:38:23.954+0700][775.748s][19752][19893][info ] Total time for which application threads were stopped: 0.0003019 seconds, Stopping threads took: 0.0000511 seconds
[2025-11-10T00:38:24.955+0700][776.749s][19752][19893][info ] Application time: 1.0003700 seconds
[2025-11-10T00:38:24.955+0700][776.749s][19752][19893][info ] Entering safepoint region: Cleanup
[2025-11-10T00:38:24.955+0700][776.749s][19752][19893][info ] Leaving safepoint region
[2025-11-10T00:38:24.955+0700][776.749s][19752][19893][info ] Total time for which application threads were stopped: 0.0003411 seconds, Stopping threads took: 0.0000459 seconds
[2025-11-10T00:38:25.955+0700][777.749s][19752][19893][info ] Application time: 1.0001015 seconds
[2025-11-10T00:38:25.955+0700][777.750s][19752][19893][info ] Entering safepoint region: Cleanup
[2025-11-10T00:38:25.956+0700][777.750s][19752][19893][info ] Leaving safepoint region
[2025-11-10T00:38:25.956+0700][777.750s][19752][19893][info ] Total time for which application threads were stopped: 0.0003435 seconds, Stopping threads took: 0.0000448 seconds
[2025-11-10T00:38:26.964+0700][778.758s][19752][19893][info ] Application time: 1.0003679 seconds
[2025-11-10T00:38:26.964+0700][778.758s][19752][19893][info ] Entering safepoint region: Cleanup
[2025-11-10T00:38:26.964+0700][778.758s][19752][19893][info ] Leaving safepoint region
[2025-11-10T00:38:26.964+0700][778.758s][19752][19893][info ] Total time for which application threads were stopped: 0.0002973 seconds, Stopping threads took: 0.0000433 seconds
[2025-11-10T00:38:27.965+0700][779.759s][19752][19893][info ] Application time: 1.0003913 seconds
[2025-11-10T00:38:27.965+0700][779.759s][19752][19893][info ] Entering safepoint region: Cleanup
[2025-11-10T00:38:27.965+0700][779.759s][19752][19893][info ] Leaving safepoint region
[2025-11-10T00:38:27.965+0700][779.759s][19752][19893][info ] Total time for which application threads were stopped: 0.0003105 seconds, Stopping threads took: 0.0000465 seconds
[2025-11-10T00:38:28.965+0700][780.759s][19752][19893][info ] Application time: 1.0003594 seconds
[2025-11-10T00:38:28.965+0700][780.760s][19752][19893][info ] Entering safepoint region: Cleanup
[2025-11-10T00:38:28.966+0700][780.760s][19752][19893][info ] Leaving safepoint region
[2025-11-10T00:38:28.966+0700][780.760s][19752][19893][info ] Total time for which application threads were stopped: 0.0003307 seconds, Stopping threads took: 0.0000453 seconds
[2025-11-10T00:38:29.966+0700][781.760s][19752][19893][info ] Application time: 1.0003349 seconds
[2025-11-10T00:38:29.966+0700][781.760s][19752][19893][info ] Entering safepoint region: Cleanup
[2025-11-10T00:38:29.966+0700][781.761s][19752][19893][info ] Leaving safepoint region
[2025-11-10T00:38:29.966+0700][781.761s][19752][19893][info ] Total time for which application threads were stopped: 0.0003064 seconds, Stopping threads took: 0.0000425 seconds
[2025-11-10T00:38:30.967+0700][782.761s][19752][19893][info ] Application time: 1.0001610 seconds
[2025-11-10T00:38:30.967+0700][782.761s][19752][19893][info ] Entering safepoint region: Cleanup
[2025-11-10T00:38:30.967+0700][782.761s][19752][19893][info ] Leaving safepoint region
[2025-11-10T00:38:30.967+0700][782.761s][19752][19893][info ] Total time for which application threads were stopped: 0.0003206 seconds, Stopping threads took: 0.0000428 seconds
[2025-11-10T00:38:31.967+0700][783.762s][19752][19893][info ] Application time: 1.0003153 seconds
[2025-11-10T00:38:31.968+0700][783.762s][19752][19893][info ] Entering safepoint region: Cleanup
[2025-11-10T00:38:31.968+0700][783.762s][19752][19893][info ] Leaving safepoint region
[2025-11-10T00:38:31.968+0700][783.762s][19752][19893][info ] Total time for which application threads were stopped: 0.0003374 seconds, Stopping threads took: 0.0000434 seconds
[2025-11-10T00:38:32.968+0700][784.762s][19752][19893][info ] Application time: 1.0003335 seconds
[2025-11-10T00:38:32.968+0700][784.762s][19752][19893][info ] Entering safepoint region: Cleanup
[2025-11-10T00:38:32.969+0700][784.763s][19752][19893][info ] Leaving safepoint region
[2025-11-10T00:38:32.969+0700][784.763s][19752][19893][info ] Total time for which application threads were stopped: 0.0002993 seconds, Stopping threads took: 0.0000442 seconds
[2025-11-10T00:38:33.969+0700][785.763s][19752][19893][info ] Application time: 1.0003201 seconds
[2025-11-10T00:38:33.969+0700][785.763s][19752][19893][info ] Entering safepoint region: Cleanup
[2025-11-10T00:38:33.969+0700][785.763s][19752][19893][info ] Leaving safepoint region
[2025-11-10T00:38:33.969+0700][785.763s][19752][19893][info ] Total time for which application threads were stopped: 0.0002905 seconds, Stopping threads took: 0.0000445 seconds
[2025-11-10T00:38:34.970+0700][786.764s][19752][19893][info ] Application time: 1.0003481 seconds
[2025-11-10T00:38:34.970+0700][786.764s][19752][19893][info ] Entering safepoint region: Cleanup
[2025-11-10T00:38:34.970+0700][786.764s][19752][19893][info ] Leaving safepoint region
[2025-11-10T00:38:34.970+0700][786.764s][19752][19893][info ] Total time for which application threads were stopped: 0.0003082 seconds, Stopping threads took: 0.0000444 seconds
[2025-11-10T00:38:35.970+0700][787.764s][19752][19893][info ] Application time: 1.0001484 seconds
[2025-11-10T00:38:35.970+0700][787.765s][19752][19893][info ] Entering safepoint region: Cleanup
[2025-11-10T00:38:35.971+0700][787.765s][19752][19893][info ] Leaving safepoint region
[2025-11-10T00:38:35.978+0700][787.772s][19752][19893][info ] Total time for which application threads were stopped: 0.0078846 seconds, Stopping threads took: 0.0000439 seconds
[2025-11-10T00:38:36.979+0700][788.773s][19752][19893][info ] Application time: 1.0003754 seconds
[2025-11-10T00:38:36.979+0700][788.773s][19752][19893][info ] Entering safepoint region: Cleanup
[2025-11-10T00:38:36.979+0700][788.773s][19752][19893][info ] Leaving safepoint region
[2025-11-10T00:38:36.979+0700][788.773s][19752][19893][info ] Total time for which application threads were stopped: 0.0002947 seconds, Stopping threads took: 0.0000437 seconds
[2025-11-10T00:38:37.979+0700][789.773s][19752][19893][info ] Application time: 1.0001434 seconds
[2025-11-10T00:38:37.979+0700][789.773s][19752][19893][info ] Entering safepoint region: Cleanup
[2025-11-10T00:38:37.980+0700][789.774s][19752][19893][info ] Leaving safepoint region
[2025-11-10T00:38:37.980+0700][789.774s][19752][19893][info ] Total time for which application threads were stopped: 0.0003317 seconds, Stopping threads took: 0.0000445 seconds
[2025-11-10T00:38:38.980+0700][790.774s][19752][19893][info ] Application time: 1.0003411 seconds
[2025-11-10T00:38:38.980+0700][790.774s][19752][19893][info ] Entering safepoint region: Cleanup
[2025-11-10T00:38:38.980+0700][790.775s][19752][19893][info ] Leaving safepoint region
[2025-11-10T00:38:38.980+0700][790.775s][19752][19893][info ] Total time for which application threads were stopped: 0.0003179 seconds, Stopping threads took: 0.0000511 seconds
[2025-11-10T00:38:39.981+0700][791.775s][19752][19893][info ] Application time: 1.0003158 seconds
[2025-11-10T00:38:39.981+0700][791.775s][19752][19893][info ] Entering safepoint region: Cleanup
[2025-11-10T00:38:39.981+0700][791.775s][19752][19893][info ] Leaving safepoint region
[2025-11-10T00:38:39.981+0700][791.775s][19752][19893][info ] Total time for which application threads were stopped: 0.0002534 seconds, Stopping threads took: 0.0000520 seconds
[2025-11-10T00:38:40.982+0700][792.776s][19752][19893][info ] Application time: 1.0003233 seconds
[2025-11-10T00:38:40.982+0700][792.776s][19752][19893][info ] Entering safepoint region: Cleanup
[2025-11-10T00:38:40.982+0700][792.776s][19752][19893][info ] Leaving safepoint region
[2025-11-10T00:38:40.982+0700][792.776s][19752][19893][info ] Total time for which application threads were stopped: 0.0002987 seconds, Stopping threads took: 0.0000781 seconds
[2025-11-10T00:38:41.982+0700][793.776s][19752][19893][info ] Application time: 1.0003278 seconds
[2025-11-10T00:38:41.982+0700][793.777s][19752][19893][info ] Entering safepoint region: Cleanup
[2025-11-10T00:38:41.983+0700][793.777s][19752][19893][info ] Leaving safepoint region
[2025-11-10T00:38:41.983+0700][793.777s][19752][19893][info ] Total time for which application threads were stopped: 0.0003580 seconds, Stopping threads took: 0.0000533 seconds
[2025-11-10T00:38:42.983+0700][794.777s][19752][19893][info ] Application time: 1.0001431 seconds
[2025-11-10T00:38:42.983+0700][794.777s][19752][19893][info ] Entering safepoint region: Cleanup
[2025-11-10T00:38:42.983+0700][794.777s][19752][19893][info ] Leaving safepoint region
[2025-11-10T00:38:42.983+0700][794.777s][19752][19893][info ] Total time for which application threads were stopped: 0.0003454 seconds, Stopping threads took: 0.0000578 seconds
[2025-11-10T00:38:43.984+0700][795.778s][19752][19893][info ] Application time: 1.0003710 seconds
[2025-11-10T00:38:43.984+0700][795.778s][19752][19893][info ] Entering safepoint region: Cleanup
[2025-11-10T00:38:43.984+0700][795.778s][19752][19893][info ] Leaving safepoint region
[2025-11-10T00:38:43.984+0700][795.778s][19752][19893][info ] Total time for which application threads were stopped: 0.0002986 seconds, Stopping threads took: 0.0000530 seconds
[2025-11-10T00:38:44.984+0700][796.779s][19752][19893][info ] Application time: 1.0003241 seconds
[2025-11-10T00:38:44.985+0700][796.779s][19752][19893][info ] Entering safepoint region: Cleanup
[2025-11-10T00:38:44.985+0700][796.779s][19752][19893][info ] Leaving safepoint region
[2025-11-10T00:38:44.985+0700][796.779s][19752][19893][info ] Total time for which application threads were stopped: 0.0002863 seconds, Stopping threads took: 0.0000566 seconds
[2025-11-10T00:38:45.985+0700][797.779s][19752][19893][info ] Application time: 1.0003026 seconds
[2025-11-10T00:38:45.985+0700][797.779s][19752][19893][info ] Entering safepoint region: Cleanup
[2025-11-10T00:38:45.985+0700][797.780s][19752][19893][info ] Leaving safepoint region
[2025-11-10T00:38:45.986+0700][797.780s][19752][19893][info ] Total time for which application threads were stopped: 0.0002462 seconds, Stopping threads took: 0.0000577 seconds
[2025-11-10T00:38:46.986+0700][798.780s][19752][19893][info ] Application time: 1.0003292 seconds
[2025-11-10T00:38:46.986+0700][798.780s][19752][19893][info ] Entering safepoint region: Cleanup
[2025-11-10T00:38:46.986+0700][798.780s][19752][19893][info ] Leaving safepoint region
[2025-11-10T00:38:46.986+0700][798.780s][19752][19893][info ] Total time for which application threads were stopped: 0.0003773 seconds, Stopping threads took: 0.0000515 seconds
[2025-11-10T00:38:47.987+0700][799.781s][19752][19893][info ] Application time: 1.0003910 seconds
[2025-11-10T00:38:47.987+0700][799.781s][19752][19893][info ] Entering safepoint region: Cleanup
[2025-11-10T00:38:47.987+0700][799.781s][19752][19893][info ] Leaving safepoint region
[2025-11-10T00:38:47.987+0700][799.781s][19752][19893][info ] Total time for which application threads were stopped: 0.0002807 seconds, Stopping threads took: 0.0000471 seconds
[2025-11-10T00:38:48.988+0700][800.782s][19752][19893][info ] Application time: 1.0003455 seconds
[2025-11-10T00:38:48.988+0700][800.782s][19752][19893][info ] Entering safepoint region: Cleanup
[2025-11-10T00:38:48.988+0700][800.782s][19752][19893][info ] Leaving safepoint region
[2025-11-10T00:38:48.988+0700][800.782s][19752][19893][info ] Total time for which application threads were stopped: 0.0002753 seconds, Stopping threads took: 0.0000440 seconds
[2025-11-10T00:38:49.988+0700][801.782s][19752][19893][info ] Application time: 1.0003392 seconds
[2025-11-10T00:38:49.988+0700][801.782s][19752][19893][info ] Entering safepoint region: Cleanup
[2025-11-10T00:38:49.989+0700][801.783s][19752][19893][info ] Leaving safepoint region
[2025-11-10T00:38:49.989+0700][801.783s][19752][19893][info ] Total time for which application threads were stopped: 0.0003159 seconds, Stopping threads took: 0.0000435 seconds
[2025-11-10T00:38:50.989+0700][802.783s][19752][19893][info ] Application time: 1.0004074 seconds
[2025-11-10T00:38:50.989+0700][802.783s][19752][19893][info ] Entering safepoint region: Cleanup
[2025-11-10T00:38:50.989+0700][802.784s][19752][19893][info ] Leaving safepoint region
[2025-11-10T00:38:50.989+0700][802.784s][19752][19893][info ] Total time for which application threads were stopped: 0.0002879 seconds, Stopping threads took: 0.0000452 seconds
[2025-11-10T00:38:51.990+0700][803.784s][19752][19893][info ] Application time: 1.0003344 seconds
[2025-11-10T00:38:51.990+0700][803.784s][19752][19893][info ] Entering safepoint region: Cleanup
[2025-11-10T00:38:51.990+0700][803.784s][19752][19893][info ] Leaving safepoint region
[2025-11-10T00:38:51.990+0700][803.784s][19752][19893][info ] Total time for which application threads were stopped: 0.0003114 seconds, Stopping threads took: 0.0000467 seconds
[2025-11-10T00:38:52.991+0700][804.785s][19752][19893][info ] Application time: 1.0003380 seconds
[2025-11-10T00:38:52.991+0700][804.785s][19752][19893][info ] Entering safepoint region: Cleanup
[2025-11-10T00:38:52.991+0700][804.785s][19752][19893][info ] Leaving safepoint region
[2025-11-10T00:38:52.991+0700][804.785s][19752][19893][info ] Total time for which application threads were stopped: 0.0002720 seconds, Stopping threads took: 0.0000731 seconds
[2025-11-10T00:38:53.991+0700][805.785s][19752][19893][info ] Application time: 1.0001424 seconds
[2025-11-10T00:38:53.991+0700][805.785s][19752][19893][info ] Entering safepoint region: Cleanup
[2025-11-10T00:38:53.991+0700][805.786s][19752][19893][info ] Leaving safepoint region
[2025-11-10T00:38:53.992+0700][805.786s][19752][19893][info ] Total time for which application threads were stopped: 0.0002905 seconds, Stopping threads took: 0.0000445 seconds
[2025-11-10T00:38:54.992+0700][806.786s][19752][19893][info ] Application time: 1.0001327 seconds
[2025-11-10T00:38:54.992+0700][806.786s][19752][19893][info ] Entering safepoint region: Cleanup
[2025-11-10T00:38:54.992+0700][806.786s][19752][19893][info ] Leaving safepoint region
[2025-11-10T00:38:54.992+0700][806.786s][19752][19893][info ] Total time for which application threads were stopped: 0.0002781 seconds, Stopping threads took: 0.0000520 seconds
[2025-11-10T00:38:55.992+0700][807.787s][19752][19893][info ] Application time: 1.0003179 seconds
[2025-11-10T00:38:55.992+0700][807.787s][19752][19893][info ] Entering safepoint region: Cleanup
[2025-11-10T00:38:55.993+0700][807.787s][19752][19893][info ] Leaving safepoint region
[2025-11-10T00:38:55.993+0700][807.787s][19752][19893][info ] Total time for which application threads were stopped: 0.0003278 seconds, Stopping threads took: 0.0000467 seconds
[2025-11-10T00:38:56.993+0700][808.787s][19752][19893][info ] Application time: 1.0003307 seconds
[2025-11-10T00:38:56.993+0700][808.787s][19752][19893][info ] Entering safepoint region: Cleanup
[2025-11-10T00:38:56.994+0700][808.788s][19752][19893][info ] Leaving safepoint region
[2025-11-10T00:38:56.994+0700][808.788s][19752][19893][info ] Total time for which application threads were stopped: 0.0003660 seconds, Stopping threads took: 0.0000474 seconds
[2025-11-10T00:38:57.994+0700][809.788s][19752][19893][info ] Application time: 1.0003329 seconds
[2025-11-10T00:38:57.994+0700][809.788s][19752][19893][info ] Entering safepoint region: Cleanup
[2025-11-10T00:38:57.994+0700][809.788s][19752][19893][info ] Leaving safepoint region
[2025-11-10T00:38:57.994+0700][809.788s][19752][19893][info ] Total time for which application threads were stopped: 0.0002915 seconds, Stopping threads took: 0.0000460 seconds
[2025-11-10T00:38:58.995+0700][810.789s][19752][19893][info ] Application time: 1.0001922 seconds
[2025-11-10T00:38:58.995+0700][810.789s][19752][19893][info ] Entering safepoint region: Cleanup
[2025-11-10T00:38:58.995+0700][810.789s][19752][19893][info ] Leaving safepoint region
[2025-11-10T00:38:59.002+0700][810.797s][19752][19893][info ] Total time for which application threads were stopped: 0.0076932 seconds, Stopping threads took: 0.0000468 seconds
[2025-11-10T00:39:00.003+0700][811.797s][19752][19893][info ] Application time: 1.0001000 seconds
[2025-11-10T00:39:00.003+0700][811.797s][19752][19893][info ] Entering safepoint region: Cleanup
[2025-11-10T00:39:00.003+0700][811.797s][19752][19893][info ] Leaving safepoint region
[2025-11-10T00:39:00.003+0700][811.797s][19752][19893][info ] Total time for which application threads were stopped: 0.0003316 seconds, Stopping threads took: 0.0000467 seconds
[2025-11-10T00:39:01.003+0700][812.797s][19752][19893][info ] Application time: 1.0003309 seconds
[2025-11-10T00:39:01.003+0700][812.798s][19752][19893][info ] Entering safepoint region: Cleanup
[2025-11-10T00:39:01.004+0700][812.798s][19752][19893][info ] Leaving safepoint region
[2025-11-10T00:39:01.004+0700][812.798s][19752][19893][info ] Total time for which application threads were stopped: 0.0003304 seconds, Stopping threads took: 0.0000469 seconds
[2025-11-10T00:39:02.004+0700][813.798s][19752][19893][info ] Application time: 1.0003430 seconds
[2025-11-10T00:39:02.004+0700][813.798s][19752][19893][info ] Entering safepoint region: Cleanup
[2025-11-10T00:39:02.004+0700][813.799s][19752][19893][info ] Leaving safepoint region
[2025-11-10T00:39:02.005+0700][813.799s][19752][19893][info ] Total time for which application threads were stopped: 0.0003536 seconds, Stopping threads took: 0.0000445 seconds
[2025-11-10T00:39:03.005+0700][814.799s][19752][19893][info ] Application time: 1.0002549 seconds
[2025-11-10T00:39:03.005+0700][814.799s][19752][19893][info ] Entering safepoint region: Cleanup
[2025-11-10T00:39:03.005+0700][814.799s][19752][19893][info ] Leaving safepoint region
[2025-11-10T00:39:03.005+0700][814.799s][19752][19893][info ] Total time for which application threads were stopped: 0.0002624 seconds, Stopping threads took: 0.0000444 seconds
[2025-11-10T00:39:04.006+0700][815.800s][19752][19893][info ] Application time: 1.0003444 seconds
[2025-11-10T00:39:04.006+0700][815.800s][19752][19893][info ] Entering safepoint region: Cleanup
[2025-11-10T00:39:04.006+0700][815.800s][19752][19893][info ] Leaving safepoint region
[2025-11-10T00:39:04.006+0700][815.800s][19752][19893][info ] Total time for which application threads were stopped: 0.0002603 seconds, Stopping threads took: 0.0000437 seconds
[2025-11-10T00:39:05.006+0700][816.800s][19752][19893][info ] Application time: 1.0003199 seconds
[2025-11-10T00:39:05.006+0700][816.800s][19752][19893][info ] Entering safepoint region: Cleanup
[2025-11-10T00:39:05.007+0700][816.801s][19752][19893][info ] Leaving safepoint region
[2025-11-10T00:39:05.007+0700][816.801s][19752][19893][info ] Total time for which application threads were stopped: 0.0003608 seconds, Stopping threads took: 0.0000431 seconds
[2025-11-10T00:39:06.007+0700][817.801s][19752][19893][info ] Application time: 1.0004097 seconds
[2025-11-10T00:39:06.007+0700][817.801s][19752][19893][info ] Entering safepoint region: Cleanup
[2025-11-10T00:39:06.008+0700][817.802s][19752][19893][info ] Leaving safepoint region
[2025-11-10T00:39:06.015+0700][817.809s][19752][19893][info ] Total time for which application threads were stopped: 0.0077455 seconds, Stopping threads took: 0.0000440 seconds
[2025-11-10T00:39:07.015+0700][818.809s][19752][19893][info ] Application time: 1.0001425 seconds
[2025-11-10T00:39:07.015+0700][818.809s][19752][19893][info ] Entering safepoint region: Cleanup
[2025-11-10T00:39:07.016+0700][818.810s][19752][19893][info ] Leaving safepoint region
[2025-11-10T00:39:07.016+0700][818.810s][19752][19893][info ] Total time for which application threads were stopped: 0.0003262 seconds, Stopping threads took: 0.0000427 seconds
[2025-11-10T00:39:08.016+0700][819.810s][19752][19893][info ] Application time: 1.0003181 seconds
[2025-11-10T00:39:08.016+0700][819.810s][19752][19893][info ] Entering safepoint region: Cleanup
[2025-11-10T00:39:08.016+0700][819.810s][19752][19893][info ] Leaving safepoint region
[2025-11-10T00:39:08.016+0700][819.810s][19752][19893][info ] Total time for which application threads were stopped: 0.0003092 seconds, Stopping threads took: 0.0000439 seconds
[2025-11-10T00:39:09.017+0700][820.811s][19752][19893][info ] Application time: 1.0003115 seconds
[2025-11-10T00:39:09.017+0700][820.811s][19752][19893][info ] Entering safepoint region: Cleanup
[2025-11-10T00:39:09.017+0700][820.811s][19752][19893][info ] Leaving safepoint region
[2025-11-10T00:39:09.017+0700][820.811s][19752][19893][info ] Total time for which application threads were stopped: 0.0002915 seconds, Stopping threads took: 0.0000454 seconds
[2025-11-10T00:39:10.017+0700][821.812s][19752][19893][info ] Application time: 1.0003425 seconds
[2025-11-10T00:39:10.018+0700][821.812s][19752][19893][info ] Entering safepoint region: Cleanup
[2025-11-10T00:39:10.018+0700][821.812s][19752][19893][info ] Leaving safepoint region
[2025-11-10T00:39:10.018+0700][821.812s][19752][19893][info ] Total time for which application threads were stopped: 0.0003724 seconds, Stopping threads took: 0.0000439 seconds
[2025-11-10T00:39:11.018+0700][822.812s][19752][19893][info ] Application time: 1.0002504 seconds
[2025-11-10T00:39:11.018+0700][822.812s][19752][19893][info ] Entering safepoint region: Cleanup
[2025-11-10T00:39:11.019+0700][822.813s][19752][19893][info ] Leaving safepoint region
[2025-11-10T00:39:11.019+0700][822.813s][19752][19893][info ] Total time for which application threads were stopped: 0.0002997 seconds, Stopping threads took: 0.0000463 seconds
[2025-11-10T00:39:12.019+0700][823.813s][19752][19893][info ] Application time: 1.0001294 seconds
[2025-11-10T00:39:12.019+0700][823.813s][19752][19893][info ] Entering safepoint region: Cleanup
[2025-11-10T00:39:12.019+0700][823.813s][19752][19893][info ] Leaving safepoint region
[2025-11-10T00:39:12.019+0700][823.813s][19752][19893][info ] Total time for which application threads were stopped: 0.0002713 seconds, Stopping threads took: 0.0000426 seconds
[2025-11-10T00:39:13.019+0700][824.814s][19752][19893][info ] Application time: 1.0003372 seconds
[2025-11-10T00:39:13.020+0700][824.814s][19752][19893][info ] Entering safepoint region: Cleanup
[2025-11-10T00:39:13.020+0700][824.814s][19752][19893][info ] Leaving safepoint region
[2025-11-10T00:39:13.020+0700][824.814s][19752][19893][info ] Total time for which application threads were stopped: 0.0003212 seconds, Stopping threads took: 0.0000439 seconds
[2025-11-10T00:39:14.020+0700][825.814s][19752][19893][info ] Application time: 1.0003403 seconds
[2025-11-10T00:39:14.020+0700][825.814s][19752][19893][info ] Entering safepoint region: Cleanup
[2025-11-10T00:39:14.021+0700][825.815s][19752][19893][info ] Leaving safepoint region
[2025-11-10T00:39:14.021+0700][825.815s][19752][19893][info ] Total time for which application threads were stopped: 0.0003206 seconds, Stopping threads took: 0.0000921 seconds
[2025-11-10T00:39:15.021+0700][826.815s][19752][19893][info ] Application time: 1.0001231 seconds
[2025-11-10T00:39:15.021+0700][826.815s][19752][19893][info ] Entering safepoint region: Cleanup
[2025-11-10T00:39:15.021+0700][826.815s][19752][19893][info ] Leaving safepoint region
[2025-11-10T00:39:15.021+0700][826.815s][19752][19893][info ] Total time for which application threads were stopped: 0.0003243 seconds, Stopping threads took: 0.0000449 seconds
[2025-11-10T00:39:16.022+0700][827.816s][19752][19893][info ] Application time: 1.0003290 seconds
[2025-11-10T00:39:16.022+0700][827.816s][19752][19893][info ] Entering safepoint region: Cleanup
[2025-11-10T00:39:16.022+0700][827.816s][19752][19893][info ] Leaving safepoint region
[2025-11-10T00:39:16.030+0700][827.824s][19752][19893][info ] Total time for which application threads were stopped: 0.0081614 seconds, Stopping threads took: 0.0000444 seconds
[2025-11-10T00:39:17.030+0700][828.824s][19752][19893][info ] Application time: 1.0003425 seconds
[2025-11-10T00:39:17.030+0700][828.824s][19752][19893][info ] Entering safepoint region: Cleanup
[2025-11-10T00:39:17.031+0700][828.825s][19752][19893][info ] Leaving safepoint region
[2025-11-10T00:39:17.031+0700][828.825s][19752][19893][info ] Total time for which application threads were stopped: 0.0003151 seconds, Stopping threads took: 0.0000444 seconds
[2025-11-10T00:39:18.031+0700][829.825s][19752][19893][info ] Application time: 1.0003388 seconds
[2025-11-10T00:39:18.031+0700][829.825s][19752][19893][info ] Entering safepoint region: Cleanup
[2025-11-10T00:39:18.031+0700][829.825s][19752][19893][info ] Leaving safepoint region
[2025-11-10T00:39:18.031+0700][829.825s][19752][19893][info ] Total time for which application threads were stopped: 0.0003158 seconds, Stopping threads took: 0.0000445 seconds
[2025-11-10T00:39:19.031+0700][830.826s][19752][19893][info ] Application time: 1.0001116 seconds
[2025-11-10T00:39:19.032+0700][830.826s][19752][19893][info ] Entering safepoint region: Cleanup
[2025-11-10T00:39:19.032+0700][830.826s][19752][19893][info ] Leaving safepoint region
[2025-11-10T00:39:19.032+0700][830.826s][19752][19893][info ] Total time for which application threads were stopped: 0.0002786 seconds, Stopping threads took: 0.0000437 seconds
[2025-11-10T00:39:20.032+0700][831.826s][19752][19893][info ] Application time: 1.0002850 seconds
[2025-11-10T00:39:20.032+0700][831.826s][19752][19893][info ] Entering safepoint region: Cleanup
[2025-11-10T00:39:20.033+0700][831.827s][19752][19893][info ] Leaving safepoint region
[2025-11-10T00:39:20.033+0700][831.827s][19752][19893][info ] Total time for which application threads were stopped: 0.0003726 seconds, Stopping threads took: 0.0000440 seconds
[2025-11-10T00:39:21.033+0700][832.827s][19752][19893][info ] Application time: 1.0003360 seconds
[2025-11-10T00:39:21.033+0700][832.827s][19752][19893][info ] Entering safepoint region: Cleanup
[2025-11-10T00:39:21.033+0700][832.827s][19752][19893][info ] Leaving safepoint region
[2025-11-10T00:39:21.033+0700][832.827s][19752][19893][info ] Total time for which application threads were stopped: 0.0002498 seconds, Stopping threads took: 0.0000454 seconds
[2025-11-10T00:39:22.033+0700][833.828s][19752][19893][info ] Application time: 1.0001068 seconds
[2025-11-10T00:39:22.034+0700][833.828s][19752][19893][info ] Entering safepoint region: Cleanup
[2025-11-10T00:39:22.034+0700][833.828s][19752][19893][info ] Leaving safepoint region
[2025-11-10T00:39:22.034+0700][833.828s][19752][19893][info ] Total time for which application threads were stopped: 0.0003218 seconds, Stopping threads took: 0.0000457 seconds
[2025-11-10T00:39:23.034+0700][834.828s][19752][19893][info ] Application time: 1.0003382 seconds
[2025-11-10T00:39:23.034+0700][834.828s][19752][19893][info ] Entering safepoint region: Cleanup
[2025-11-10T00:39:23.035+0700][834.829s][19752][19893][info ] Leaving safepoint region
[2025-11-10T00:39:23.035+0700][834.829s][19752][19893][info ] Total time for which application threads were stopped: 0.0003054 seconds, Stopping threads took: 0.0000446 seconds
[2025-11-10T00:39:24.035+0700][835.829s][19752][19893][info ] Application time: 1.0001150 seconds
[2025-11-10T00:39:24.035+0700][835.829s][19752][19893][info ] Entering safepoint region: Cleanup
[2025-11-10T00:39:24.035+0700][835.829s][19752][19893][info ] Leaving safepoint region
[2025-11-10T00:39:24.035+0700][835.829s][19752][19893][info ] Total time for which application threads were stopped: 0.0002734 seconds, Stopping threads took: 0.0000436 seconds
[2025-11-10T00:39:25.035+0700][836.830s][19752][19893][info ] Application time: 1.0003242 seconds
[2025-11-10T00:39:25.036+0700][836.830s][19752][19893][info ] Entering safepoint region: Cleanup
[2025-11-10T00:39:25.036+0700][836.830s][19752][19893][info ] Leaving safepoint region
[2025-11-10T00:39:25.036+0700][836.830s][19752][19893][info ] Total time for which application threads were stopped: 0.0003685 seconds, Stopping threads took: 0.0000446 seconds
[2025-11-10T00:39:26.036+0700][837.830s][19752][19893][info ] Application time: 1.0003334 seconds
[2025-11-10T00:39:26.036+0700][837.830s][19752][19893][info ] Entering safepoint region: Cleanup
[2025-11-10T00:39:26.037+0700][837.831s][19752][19893][info ] Leaving safepoint region
[2025-11-10T00:39:26.037+0700][837.831s][19752][19893][info ] Total time for which application threads were stopped: 0.0003027 seconds, Stopping threads took: 0.0000639 seconds
[2025-11-10T00:39:27.037+0700][838.831s][19752][19893][info ] Application time: 1.0001835 seconds
[2025-11-10T00:39:27.037+0700][838.831s][19752][19893][info ] Entering safepoint region: Cleanup
[2025-11-10T00:39:27.037+0700][838.831s][19752][19893][info ] Leaving safepoint region
[2025-11-10T00:39:27.037+0700][838.831s][19752][19893][info ] Total time for which application threads were stopped: 0.0002509 seconds, Stopping threads took: 0.0000572 seconds
[2025-11-10T00:39:28.038+0700][839.832s][19752][19893][info ] Application time: 1.0003290 seconds
[2025-11-10T00:39:28.038+0700][839.832s][19752][19893][info ] Entering safepoint region: Cleanup
[2025-11-10T00:39:28.038+0700][839.832s][19752][19893][info ] Leaving safepoint region
[2025-11-10T00:39:28.038+0700][839.832s][19752][19893][info ] Total time for which application threads were stopped: 0.0002593 seconds, Stopping threads took: 0.0000462 seconds
[2025-11-10T00:39:29.038+0700][840.832s][19752][19893][info ] Application time: 1.0003215 seconds
[2025-11-10T00:39:29.038+0700][840.832s][19752][19893][info ] Entering safepoint region: Cleanup
[2025-11-10T00:39:29.039+0700][840.833s][19752][19893][info ] Leaving safepoint region
[2025-11-10T00:39:29.039+0700][840.833s][19752][19893][info ] Total time for which application threads were stopped: 0.0002409 seconds, Stopping threads took: 0.0000500 seconds
[2025-11-10T00:39:30.039+0700][841.833s][19752][19893][info ] Application time: 1.0002332 seconds
[2025-11-10T00:39:30.039+0700][841.833s][19752][19893][info ] Entering safepoint region: Cleanup
[2025-11-10T00:39:30.039+0700][841.833s][19752][19893][info ] Leaving safepoint region
[2025-11-10T00:39:30.039+0700][841.833s][19752][19893][info ] Total time for which application threads were stopped: 0.0002770 seconds, Stopping threads took: 0.0000473 seconds
[2025-11-10T00:39:31.039+0700][842.833s][19752][19893][info ] Application time: 1.0001334 seconds
[2025-11-10T00:39:31.039+0700][842.834s][19752][19893][info ] Entering safepoint region: Cleanup
[2025-11-10T00:39:31.040+0700][842.834s][19752][19893][info ] Leaving safepoint region
[2025-11-10T00:39:31.040+0700][842.834s][19752][19893][info ] Total time for which application threads were stopped: 0.0002219 seconds, Stopping threads took: 0.0000462 seconds
[2025-11-10T00:39:32.040+0700][843.834s][19752][19893][info ] Application time: 1.0001997 seconds
[2025-11-10T00:39:32.040+0700][843.834s][19752][19893][info ] Entering safepoint region: Cleanup
[2025-11-10T00:39:32.040+0700][843.834s][19752][19893][info ] Leaving safepoint region
[2025-11-10T00:39:32.040+0700][843.834s][19752][19893][info ] Total time for which application threads were stopped: 0.0002836 seconds, Stopping threads took: 0.0000471 seconds
[2025-11-10T00:39:48.044+0700][859.838s][19752][19893][info ] Application time: 16.0038274 seconds
[2025-11-10T00:39:48.044+0700][859.838s][19752][19893][info ] Entering safepoint region: Cleanup
[2025-11-10T00:39:48.044+0700][859.839s][19752][19893][info ] Leaving safepoint region
[2025-11-10T00:39:48.044+0700][859.839s][19752][19893][info ] Total time for which application threads were stopped: 0.0003138 seconds, Stopping threads took: 0.0000457 seconds
[2025-11-10T00:39:50.045+0700][861.839s][19752][19893][info ] Application time: 2.0002149 seconds
[2025-11-10T00:39:50.045+0700][861.839s][19752][19893][info ] Entering safepoint region: Cleanup
[2025-11-10T00:39:50.045+0700][861.839s][19752][19893][info ] Leaving safepoint region
[2025-11-10T00:39:50.045+0700][861.839s][19752][19893][info ] Total time for which application threads were stopped: 0.0002144 seconds, Stopping threads took: 0.0000400 seconds
[2025-11-10T00:39:51.045+0700][862.840s][19752][19893][info ] Application time: 1.0003640 seconds
[2025-11-10T00:39:51.046+0700][862.840s][19752][19893][info ] Entering safepoint region: Cleanup
[2025-11-10T00:39:51.046+0700][862.840s][19752][19893][info ] Leaving safepoint region
[2025-11-10T00:39:51.046+0700][862.840s][19752][19893][info ] Total time for which application threads were stopped: 0.0003393 seconds, Stopping threads took: 0.0000497 seconds
[2025-11-10T00:40:00.048+0700][871.842s][19752][19893][info ] Application time: 9.0019137 seconds
[2025-11-10T00:40:00.048+0700][871.842s][19752][19893][info ] Entering safepoint region: Cleanup
[2025-11-10T00:40:00.048+0700][871.842s][19752][19893][info ] Leaving safepoint region
[2025-11-10T00:40:00.048+0700][871.842s][19752][19893][info ] Total time for which application threads were stopped: 0.0002792 seconds, Stopping threads took: 0.0000463 seconds
[2025-11-10T00:40:11.051+0700][882.845s][19752][19893][info ] Application time: 11.0028658 seconds
[2025-11-10T00:40:11.051+0700][882.845s][19752][19893][info ] Entering safepoint region: Cleanup
[2025-11-10T00:40:11.051+0700][882.846s][19752][19893][info ] Leaving safepoint region
[2025-11-10T00:40:11.051+0700][882.846s][19752][19893][info ] Total time for which application threads were stopped: 0.0003127 seconds, Stopping threads took: 0.0000485 seconds
[2025-11-10T00:40:18.053+0700][889.847s][19752][19893][info ] Application time: 7.0013668 seconds
[2025-11-10T00:40:18.053+0700][889.847s][19752][19893][info ] Entering safepoint region: Cleanup
[2025-11-10T00:40:18.053+0700][889.847s][19752][19893][info ] Leaving safepoint region
[2025-11-10T00:40:18.053+0700][889.847s][19752][19893][info ] Total time for which application threads were stopped: 0.0002937 seconds, Stopping threads took: 0.0000464 seconds
[2025-11-10T00:40:31.057+0700][902.851s][19752][19893][info ] Application time: 13.0032739 seconds
[2025-11-10T00:40:31.057+0700][902.851s][19752][19893][info ] Entering safepoint region: Cleanup
[2025-11-10T00:40:31.057+0700][902.851s][19752][19893][info ] Leaving safepoint region
[2025-11-10T00:40:31.057+0700][902.851s][19752][19893][info ] Total time for which application threads were stopped: 0.0003600 seconds, Stopping threads took: 0.0000457 seconds
[2025-11-10T00:40:56.063+0700][927.857s][19752][19893][info ] Application time: 25.0057488 seconds
[2025-11-10T00:40:56.063+0700][927.857s][19752][19893][info ] Entering safepoint region: Cleanup
[2025-11-10T00:40:56.063+0700][927.857s][19752][19893][info ] Leaving safepoint region
[2025-11-10T00:40:56.063+0700][927.857s][19752][19893][info ] Total time for which application threads were stopped: 0.0003540 seconds, Stopping threads took: 0.0000478 seconds
[2025-11-10T00:41:10.067+0700][941.861s][19752][19893][info ] Application time: 14.0038397 seconds
[2025-11-10T00:41:10.067+0700][941.861s][19752][19893][info ] Entering safepoint region: Cleanup
[2025-11-10T00:41:10.067+0700][941.862s][19752][19893][info ] Leaving safepoint region
[2025-11-10T00:41:10.067+0700][941.862s][19752][19893][info ] Total time for which application threads were stopped: 0.0003189 seconds, Stopping threads took: 0.0000482 seconds
[2025-11-10T00:41:11.068+0700][942.862s][19752][19893][info ] Application time: 1.0001621 seconds
[2025-11-10T00:41:11.068+0700][942.862s][19752][19893][info ] Entering safepoint region: Cleanup
[2025-11-10T00:41:11.068+0700][942.862s][19752][19893][info ] Leaving safepoint region
[2025-11-10T00:41:11.068+0700][942.862s][19752][19893][info ] Total time for which application threads were stopped: 0.0003007 seconds, Stopping threads took: 0.0000469 seconds
[2025-11-10T00:41:13.069+0700][944.863s][19752][19893][info ] Application time: 2.0006531 seconds
[2025-11-10T00:41:13.069+0700][944.863s][19752][19893][info ] Entering safepoint region: Cleanup
[2025-11-10T00:41:13.069+0700][944.863s][19752][19893][info ] Leaving safepoint region
[2025-11-10T00:41:13.069+0700][944.863s][19752][19893][info ] Total time for which application threads were stopped: 0.0003250 seconds, Stopping threads took: 0.0000468 seconds
[2025-11-10T00:41:14.069+0700][945.863s][19752][19893][info ] Application time: 1.0001008 seconds
[2025-11-10T00:41:14.069+0700][945.864s][19752][19893][info ] Entering safepoint region: Cleanup
[2025-11-10T00:41:14.070+0700][945.864s][19752][19893][info ] Leaving safepoint region
[2025-11-10T00:41:14.070+0700][945.864s][19752][19893][info ] Total time for which application threads were stopped: 0.0003533 seconds, Stopping threads took: 0.0000893 seconds
[2025-11-10T00:41:15.070+0700][946.864s][19752][19893][info ] Application time: 1.0003440 seconds
[2025-11-10T00:41:15.070+0700][946.864s][19752][19893][info ] Entering safepoint region: Cleanup
[2025-11-10T00:41:15.070+0700][946.865s][19752][19893][info ] Leaving safepoint region
[2025-11-10T00:41:15.070+0700][946.865s][19752][19893][info ] Total time for which application threads were stopped: 0.0003001 seconds, Stopping threads took: 0.0000434 seconds
[2025-11-10T00:41:16.071+0700][947.865s][19752][19893][info ] Application time: 1.0003566 seconds
[2025-11-10T00:41:16.071+0700][947.865s][19752][19893][info ] Entering safepoint region: Cleanup
[2025-11-10T00:41:16.071+0700][947.865s][19752][19893][info ] Leaving safepoint region
[2025-11-10T00:41:16.079+0700][947.873s][19752][19893][info ] Total time for which application threads were stopped: 0.0079743 seconds, Stopping threads took: 0.0000469 seconds
[2025-11-10T00:41:17.079+0700][948.873s][19752][19893][info ] Application time: 1.0003479 seconds
[2025-11-10T00:41:17.079+0700][948.874s][19752][19893][info ] Entering safepoint region: Cleanup
[2025-11-10T00:41:17.080+0700][948.874s][19752][19893][info ] Leaving safepoint region
[2025-11-10T00:41:17.080+0700][948.874s][19752][19893][info ] Total time for which application threads were stopped: 0.0003040 seconds, Stopping threads took: 0.0000444 seconds
[2025-11-10T00:41:18.080+0700][949.874s][19752][19893][info ] Application time: 1.0001056 seconds
[2025-11-10T00:41:18.080+0700][949.874s][19752][19893][info ] Entering safepoint region: Cleanup
[2025-11-10T00:41:18.080+0700][949.874s][19752][19893][info ] Leaving safepoint region
[2025-11-10T00:41:18.080+0700][949.874s][19752][19893][info ] Total time for which application threads were stopped: 0.0002710 seconds, Stopping threads took: 0.0000427 seconds
[2025-11-10T00:41:19.081+0700][950.875s][19752][19893][info ] Application time: 1.0004149 seconds
[2025-11-10T00:41:19.081+0700][950.875s][19752][19893][info ] Entering safepoint region: Cleanup
[2025-11-10T00:41:19.081+0700][950.875s][19752][19893][info ] Leaving safepoint region
[2025-11-10T00:41:19.081+0700][950.875s][19752][19893][info ] Total time for which application threads were stopped: 0.0002996 seconds, Stopping threads took: 0.0000457 seconds
[2025-11-10T00:41:20.081+0700][951.875s][19752][19893][info ] Application time: 1.0000927 seconds
[2025-11-10T00:41:20.081+0700][951.875s][19752][19893][info ] Entering safepoint region: Cleanup
[2025-11-10T00:41:20.081+0700][951.875s][19752][19893][info ] Leaving safepoint region
[2025-11-10T00:41:20.081+0700][951.875s][19752][19893][info ] Total time for which application threads were stopped: 0.0001495 seconds, Stopping threads took: 0.0000238 seconds
[2025-11-10T00:41:21.081+0700][952.876s][19752][19893][info ] Application time: 1.0000625 seconds
[2025-11-10T00:41:21.082+0700][952.876s][19752][19893][info ] Entering safepoint region: Cleanup
[2025-11-10T00:41:21.082+0700][952.876s][19752][19893][info ] Leaving safepoint region
[2025-11-10T00:41:21.082+0700][952.876s][19752][19893][info ] Total time for which application threads were stopped: 0.0002487 seconds, Stopping threads took: 0.0000349 seconds
[2025-11-10T00:41:22.082+0700][953.876s][19752][19893][info ] Application time: 1.0001150 seconds
[2025-11-10T00:41:22.082+0700][953.876s][19752][19893][info ] Entering safepoint region: Cleanup
[2025-11-10T00:41:22.082+0700][953.876s][19752][19893][info ] Leaving safepoint region
[2025-11-10T00:41:22.082+0700][953.876s][19752][19893][info ] Total time for which application threads were stopped: 0.0002205 seconds, Stopping threads took: 0.0000524 seconds
[2025-11-10T00:41:23.082+0700][954.876s][19752][19893][info ] Application time: 1.0000947 seconds
[2025-11-10T00:41:23.082+0700][954.877s][19752][19893][info ] Entering safepoint region: Cleanup
[2025-11-10T00:41:23.083+0700][954.877s][19752][19893][info ] Leaving safepoint region
[2025-11-10T00:41:23.083+0700][954.877s][19752][19893][info ] Total time for which application threads were stopped: 0.0002077 seconds, Stopping threads took: 0.0000386 seconds
[2025-11-10T00:41:24.083+0700][955.877s][19752][19893][info ] Application time: 1.0001292 seconds
[2025-11-10T00:41:24.083+0700][955.877s][19752][19893][info ] Entering safepoint region: Cleanup
[2025-11-10T00:41:24.083+0700][955.877s][19752][19893][info ] Leaving safepoint region
[2025-11-10T00:41:24.083+0700][955.877s][19752][19893][info ] Total time for which application threads were stopped: 0.0002131 seconds, Stopping threads took: 0.0000405 seconds
[2025-11-10T00:41:25.083+0700][956.877s][19752][19893][info ] Application time: 1.0001243 seconds
[2025-11-10T00:41:25.083+0700][956.877s][19752][19893][info ] Entering safepoint region: Cleanup
[2025-11-10T00:41:25.084+0700][956.878s][19752][19893][info ] Leaving safepoint region
[2025-11-10T00:41:25.084+0700][956.878s][19752][19893][info ] Total time for which application threads were stopped: 0.0004223 seconds, Stopping threads took: 0.0000501 seconds
[2025-11-10T00:41:26.084+0700][957.878s][19752][19893][info ] Application time: 1.0002960 seconds
[2025-11-10T00:41:26.084+0700][957.878s][19752][19893][info ] Entering safepoint region: Cleanup
[2025-11-10T00:41:26.084+0700][957.878s][19752][19893][info ] Leaving safepoint region
[2025-11-10T00:41:26.084+0700][957.879s][19752][19893][info ] Total time for which application threads were stopped: 0.0003557 seconds, Stopping threads took: 0.0000434 seconds
[2025-11-10T00:41:27.085+0700][958.879s][19752][19893][info ] Application time: 1.0003242 seconds
[2025-11-10T00:41:27.085+0700][958.879s][19752][19893][info ] Entering safepoint region: Cleanup
[2025-11-10T00:41:27.085+0700][958.879s][19752][19893][info ] Leaving safepoint region
[2025-11-10T00:41:27.085+0700][958.879s][19752][19893][info ] Total time for which application threads were stopped: 0.0003038 seconds, Stopping threads took: 0.0000444 seconds
[2025-11-10T00:41:28.085+0700][959.879s][19752][19893][info ] Application time: 1.0001408 seconds
[2025-11-10T00:41:28.085+0700][959.880s][19752][19893][info ] Entering safepoint region: Cleanup
[2025-11-10T00:41:28.086+0700][959.880s][19752][19893][info ] Leaving safepoint region
[2025-11-10T00:41:28.086+0700][959.880s][19752][19893][info ] Total time for which application threads were stopped: 0.0003811 seconds, Stopping threads took: 0.0000516 seconds
[2025-11-10T00:41:29.086+0700][960.880s][19752][19893][info ] Application time: 1.0003453 seconds
[2025-11-10T00:41:29.086+0700][960.880s][19752][19893][info ] Entering safepoint region: Cleanup
[2025-11-10T00:41:29.086+0700][960.881s][19752][19893][info ] Leaving safepoint region
[2025-11-10T00:41:29.087+0700][960.881s][19752][19893][info ] Total time for which application threads were stopped: 0.0002797 seconds, Stopping threads took: 0.0000477 seconds
[2025-11-10T00:41:30.087+0700][961.881s][19752][19893][info ] Application time: 1.0003513 seconds
[2025-11-10T00:41:30.087+0700][961.881s][19752][19893][info ] Entering safepoint region: Cleanup
[2025-11-10T00:41:30.087+0700][961.881s][19752][19893][info ] Leaving safepoint region
[2025-11-10T00:41:30.087+0700][961.881s][19752][19893][info ] Total time for which application threads were stopped: 0.0002959 seconds, Stopping threads took: 0.0000462 seconds
[2025-11-10T00:41:31.087+0700][962.882s][19752][19893][info ] Application time: 1.0001666 seconds
[2025-11-10T00:41:31.088+0700][962.882s][19752][19893][info ] Entering safepoint region: Cleanup
[2025-11-10T00:41:31.088+0700][962.882s][19752][19893][info ] Leaving safepoint region
[2025-11-10T00:41:31.088+0700][962.882s][19752][19893][info ] Total time for which application threads were stopped: 0.0003211 seconds, Stopping threads took: 0.0000775 seconds
[2025-11-10T00:41:32.088+0700][963.882s][19752][19893][info ] Application time: 1.0001003 seconds
[2025-11-10T00:41:32.088+0700][963.882s][19752][19893][info ] Entering safepoint region: Cleanup
[2025-11-10T00:41:32.088+0700][963.882s][19752][19893][info ] Leaving safepoint region
[2025-11-10T00:41:32.088+0700][963.883s][19752][19893][info ] Total time for which application threads were stopped: 0.0002877 seconds, Stopping threads took: 0.0000439 seconds
[2025-11-10T00:41:33.089+0700][964.883s][19752][19893][info ] Application time: 1.0003359 seconds
[2025-11-10T00:41:33.089+0700][964.883s][19752][19893][info ] Entering safepoint region: Cleanup
[2025-11-10T00:41:33.089+0700][964.883s][19752][19893][info ] Leaving safepoint region
[2025-11-10T00:41:33.089+0700][964.883s][19752][19893][info ] Total time for which application threads were stopped: 0.0003391 seconds, Stopping threads took: 0.0000447 seconds
[2025-11-10T00:41:34.090+0700][965.884s][19752][19893][info ] Application time: 1.0003336 seconds
[2025-11-10T00:41:34.090+0700][965.884s][19752][19893][info ] Entering safepoint region: Cleanup
[2025-11-10T00:41:34.090+0700][965.884s][19752][19893][info ] Leaving safepoint region
[2025-11-10T00:41:34.090+0700][965.884s][19752][19893][info ] Total time for which application threads were stopped: 0.0003600 seconds, Stopping threads took: 0.0000433 seconds
[2025-11-10T00:41:35.090+0700][966.884s][19752][19893][info ] Application time: 1.0003397 seconds
[2025-11-10T00:41:35.090+0700][966.885s][19752][19893][info ] Entering safepoint region: Cleanup
[2025-11-10T00:41:35.091+0700][966.885s][19752][19893][info ] Leaving safepoint region
[2025-11-10T00:41:35.091+0700][966.885s][19752][19893][info ] Total time for which application threads were stopped: 0.0003040 seconds, Stopping threads took: 0.0000449 seconds
[2025-11-10T00:41:36.091+0700][967.885s][19752][19893][info ] Application time: 1.0003367 seconds
[2025-11-10T00:41:36.091+0700][967.885s][19752][19893][info ] Entering safepoint region: Cleanup
[2025-11-10T00:41:36.091+0700][967.886s][19752][19893][info ] Leaving safepoint region
[2025-11-10T00:41:36.099+0700][967.893s][19752][19893][info ] Total time for which application threads were stopped: 0.0079139 seconds, Stopping threads took: 0.0000440 seconds
[2025-11-10T00:41:37.099+0700][968.893s][19752][19893][info ] Application time: 1.0001524 seconds
[2025-11-10T00:41:37.099+0700][968.894s][19752][19893][info ] Entering safepoint region: Cleanup
[2025-11-10T00:41:37.100+0700][968.894s][19752][19893][info ] Leaving safepoint region
[2025-11-10T00:41:37.100+0700][968.894s][19752][19893][info ] Total time for which application threads were stopped: 0.0003578 seconds, Stopping threads took: 0.0000455 seconds
[2025-11-10T00:41:38.100+0700][969.894s][19752][19893][info ] Application time: 1.0001391 seconds
[2025-11-10T00:41:38.100+0700][969.894s][19752][19893][info ] Entering safepoint region: Cleanup
[2025-11-10T00:41:38.100+0700][969.894s][19752][19893][info ] Leaving safepoint region
[2025-11-10T00:41:38.100+0700][969.894s][19752][19893][info ] Total time for which application threads were stopped: 0.0002737 seconds, Stopping threads took: 0.0000462 seconds
[2025-11-10T00:41:39.101+0700][970.895s][19752][19893][info ] Application time: 1.0003691 seconds
[2025-11-10T00:41:39.101+0700][970.895s][19752][19893][info ] Entering safepoint region: Cleanup
[2025-11-10T00:41:39.101+0700][970.895s][19752][19893][info ] Leaving safepoint region
[2025-11-10T00:41:39.101+0700][970.895s][19752][19893][info ] Total time for which application threads were stopped: 0.0003142 seconds, Stopping threads took: 0.0000446 seconds
[2025-11-10T00:41:40.101+0700][971.896s][19752][19893][info ] Application time: 1.0002920 seconds
[2025-11-10T00:41:40.102+0700][971.896s][19752][19893][info ] Entering safepoint region: Cleanup
[2025-11-10T00:41:40.102+0700][971.896s][19752][19893][info ] Leaving safepoint region
[2025-11-10T00:41:40.102+0700][971.896s][19752][19893][info ] Total time for which application threads were stopped: 0.0002829 seconds, Stopping threads took: 0.0000658 seconds
[2025-11-10T00:41:41.102+0700][972.896s][19752][19893][info ] Application time: 1.0003483 seconds
[2025-11-10T00:41:41.102+0700][972.896s][19752][19893][info ] Entering safepoint region: Cleanup
[2025-11-10T00:41:41.102+0700][972.897s][19752][19893][info ] Leaving safepoint region
[2025-11-10T00:41:41.103+0700][972.897s][19752][19893][info ] Total time for which application threads were stopped: 0.0003017 seconds, Stopping threads took: 0.0000445 seconds
[2025-11-10T00:41:42.103+0700][973.897s][19752][19893][info ] Application time: 1.0003419 seconds
[2025-11-10T00:41:42.103+0700][973.897s][19752][19893][info ] Entering safepoint region: Cleanup
[2025-11-10T00:41:42.103+0700][973.897s][19752][19893][info ] Leaving safepoint region
[2025-11-10T00:41:42.103+0700][973.897s][19752][19893][info ] Total time for which application threads were stopped: 0.0003017 seconds, Stopping threads took: 0.0000439 seconds
[2025-11-10T00:41:43.104+0700][974.898s][19752][19893][info ] Application time: 1.0003308 seconds
[2025-11-10T00:41:43.104+0700][974.898s][19752][19893][info ] Entering safepoint region: Cleanup
[2025-11-10T00:41:43.104+0700][974.898s][19752][19893][info ] Leaving safepoint region
[2025-11-10T00:41:43.104+0700][974.898s][19752][19893][info ] Total time for which application threads were stopped: 0.0002391 seconds, Stopping threads took: 0.0000460 seconds
[2025-11-10T00:41:44.104+0700][975.898s][19752][19893][info ] Application time: 1.0003163 seconds
[2025-11-10T00:41:44.104+0700][975.899s][19752][19893][info ] Entering safepoint region: Cleanup
[2025-11-10T00:41:44.105+0700][975.899s][19752][19893][info ] Leaving safepoint region
[2025-11-10T00:41:44.105+0700][975.899s][19752][19893][info ] Total time for which application threads were stopped: 0.0003416 seconds, Stopping threads took: 0.0000439 seconds
[2025-11-10T00:41:45.105+0700][976.899s][19752][19893][info ] Application time: 1.0003069 seconds
[2025-11-10T00:41:45.105+0700][976.899s][19752][19893][info ] Entering safepoint region: Cleanup
[2025-11-10T00:41:45.105+0700][976.900s][19752][19893][info ] Leaving safepoint region
[2025-11-10T00:41:45.105+0700][976.900s][19752][19893][info ] Total time for which application threads were stopped: 0.0002915 seconds, Stopping threads took: 0.0000444 seconds
[2025-11-10T00:41:46.106+0700][977.900s][19752][19893][info ] Application time: 1.0001652 seconds
[2025-11-10T00:41:46.106+0700][977.900s][19752][19893][info ] Entering safepoint region: Cleanup
[2025-11-10T00:41:46.106+0700][977.900s][19752][19893][info ] Leaving safepoint region
[2025-11-10T00:41:46.114+0700][977.908s][19752][19893][info ] Total time for which application threads were stopped: 0.0079489 seconds, Stopping threads took: 0.0000442 seconds
[2025-11-10T00:41:47.114+0700][978.908s][19752][19893][info ] Application time: 1.0001842 seconds
[2025-11-10T00:41:47.114+0700][978.908s][19752][19893][info ] Entering safepoint region: Cleanup
[2025-11-10T00:41:47.114+0700][978.908s][19752][19893][info ] Leaving safepoint region
[2025-11-10T00:41:47.114+0700][978.908s][19752][19893][info ] Total time for which application threads were stopped: 0.0002757 seconds, Stopping threads took: 0.0000423 seconds
[2025-11-10T00:41:48.115+0700][979.909s][19752][19893][info ] Application time: 1.0002284 seconds
[2025-11-10T00:41:48.115+0700][979.909s][19752][19893][info ] Entering safepoint region: Cleanup
[2025-11-10T00:41:48.115+0700][979.909s][19752][19893][info ] Leaving safepoint region
[2025-11-10T00:41:48.115+0700][979.909s][19752][19893][info ] Total time for which application threads were stopped: 0.0003446 seconds, Stopping threads took: 0.0000780 seconds
[2025-11-10T00:41:49.115+0700][980.909s][19752][19893][info ] Application time: 1.0001641 seconds
[2025-11-10T00:41:49.115+0700][980.909s][19752][19893][info ] Entering safepoint region: Cleanup
[2025-11-10T00:41:49.116+0700][980.910s][19752][19893][info ] Leaving safepoint region
[2025-11-10T00:41:49.116+0700][980.910s][19752][19893][info ] Total time for which application threads were stopped: 0.0002948 seconds, Stopping threads took: 0.0000439 seconds
[2025-11-10T00:41:50.116+0700][981.910s][19752][19893][info ] Application time: 1.0003368 seconds
[2025-11-10T00:41:50.116+0700][981.910s][19752][19893][info ] Entering safepoint region: Cleanup
[2025-11-10T00:41:50.116+0700][981.910s][19752][19893][info ] Leaving safepoint region
[2025-11-10T00:41:50.116+0700][981.910s][19752][19893][info ] Total time for which application threads were stopped: 0.0003248 seconds, Stopping threads took: 0.0000439 seconds
[2025-11-10T00:41:51.117+0700][982.911s][19752][19893][info ] Application time: 1.0003620 seconds
[2025-11-10T00:41:51.117+0700][982.911s][19752][19893][info ] Entering safepoint region: Cleanup
[2025-11-10T00:41:51.117+0700][982.911s][19752][19893][info ] Leaving safepoint region
[2025-11-10T00:41:51.117+0700][982.911s][19752][19893][info ] Total time for which application threads were stopped: 0.0003605 seconds, Stopping threads took: 0.0000525 seconds
[2025-11-10T00:41:52.118+0700][983.912s][19752][19893][info ] Application time: 1.0003287 seconds
[2025-11-10T00:41:52.118+0700][983.912s][19752][19893][info ] Entering safepoint region: Cleanup
[2025-11-10T00:41:52.118+0700][983.912s][19752][19893][info ] Leaving safepoint region
[2025-11-10T00:41:52.118+0700][983.912s][19752][19893][info ] Total time for which application threads were stopped: 0.0002713 seconds, Stopping threads took: 0.0000525 seconds
[2025-11-10T00:41:53.118+0700][984.912s][19752][19893][info ] Application time: 1.0003174 seconds
[2025-11-10T00:41:53.118+0700][984.912s][19752][19893][info ] Entering safepoint region: Cleanup
[2025-11-10T00:41:53.119+0700][984.913s][19752][19893][info ] Leaving safepoint region
[2025-11-10T00:41:53.119+0700][984.913s][19752][19893][info ] Total time for which application threads were stopped: 0.0002503 seconds, Stopping threads took: 0.0000518 seconds
[2025-11-10T00:41:54.119+0700][985.913s][19752][19893][info ] Application time: 1.0001248 seconds
[2025-11-10T00:41:54.119+0700][985.913s][19752][19893][info ] Entering safepoint region: Cleanup
[2025-11-10T00:41:54.119+0700][985.913s][19752][19893][info ] Leaving safepoint region
[2025-11-10T00:41:54.119+0700][985.913s][19752][19893][info ] Total time for which application threads were stopped: 0.0003042 seconds, Stopping threads took: 0.0000538 seconds
[2025-11-10T00:41:55.119+0700][986.914s][19752][19893][info ] Application time: 1.0003157 seconds
[2025-11-10T00:41:55.120+0700][986.914s][19752][19893][info ] Entering safepoint region: Cleanup
[2025-11-10T00:41:55.120+0700][986.914s][19752][19893][info ] Leaving safepoint region
[2025-11-10T00:41:55.120+0700][986.914s][19752][19893][info ] Total time for which application threads were stopped: 0.0004186 seconds, Stopping threads took: 0.0000441 seconds
[2025-11-10T00:41:56.120+0700][987.914s][19752][19893][info ] Application time: 1.0003429 seconds
[2025-11-10T00:41:56.121+0700][987.915s][19752][19893][info ] Entering safepoint region: Cleanup
[2025-11-10T00:41:56.121+0700][987.915s][19752][19893][info ] Leaving safepoint region
[2025-11-10T00:41:56.121+0700][987.915s][19752][19893][info ] Total time for which application threads were stopped: 0.0003283 seconds, Stopping threads took: 0.0001059 seconds
[2025-11-10T00:41:57.121+0700][988.915s][19752][19893][info ] Application time: 1.0001114 seconds
[2025-11-10T00:41:57.121+0700][988.915s][19752][19893][info ] Entering safepoint region: Cleanup
[2025-11-10T00:41:57.121+0700][988.915s][19752][19893][info ] Leaving safepoint region
[2025-11-10T00:41:57.121+0700][988.915s][19752][19893][info ] Total time for which application threads were stopped: 0.0002970 seconds, Stopping threads took: 0.0000536 seconds
[2025-11-10T00:41:58.122+0700][989.916s][19752][19893][info ] Application time: 1.0004465 seconds
[2025-11-10T00:41:58.122+0700][989.916s][19752][19893][info ] Entering safepoint region: Cleanup
[2025-11-10T00:41:58.122+0700][989.916s][19752][19893][info ] Leaving safepoint region
[2025-11-10T00:41:58.122+0700][989.916s][19752][19893][info ] Total time for which application threads were stopped: 0.0003772 seconds, Stopping threads took: 0.0000534 seconds
[2025-11-10T00:41:59.122+0700][990.917s][19752][19893][info ] Application time: 1.0001605 seconds
[2025-11-10T00:41:59.123+0700][990.917s][19752][19893][info ] Entering safepoint region: Cleanup
[2025-11-10T00:41:59.123+0700][990.917s][19752][19893][info ] Leaving safepoint region
[2025-11-10T00:41:59.130+0700][990.924s][19752][19893][info ] Total time for which application threads were stopped: 0.0077443 seconds, Stopping threads took: 0.0000596 seconds
[2025-11-10T00:42:00.131+0700][991.925s][19752][19893][info ] Application time: 1.0001682 seconds
[2025-11-10T00:42:00.131+0700][991.925s][19752][19893][info ] Entering safepoint region: Cleanup
[2025-11-10T00:42:00.131+0700][991.925s][19752][19893][info ] Leaving safepoint region
[2025-11-10T00:42:00.131+0700][991.925s][19752][19893][info ] Total time for which application threads were stopped: 0.0003055 seconds, Stopping threads took: 0.0000457 seconds
[2025-11-10T00:42:01.131+0700][992.925s][19752][19893][info ] Application time: 1.0001614 seconds
[2025-11-10T00:42:01.131+0700][992.925s][19752][19893][info ] Entering safepoint region: Cleanup
[2025-11-10T00:42:01.131+0700][992.926s][19752][19893][info ] Leaving safepoint region
[2025-11-10T00:42:01.131+0700][992.926s][19752][19893][info ] Total time for which application threads were stopped: 0.0003068 seconds, Stopping threads took: 0.0000471 seconds
[2025-11-10T00:42:02.132+0700][993.926s][19752][19893][info ] Application time: 1.0003376 seconds
[2025-11-10T00:42:02.132+0700][993.926s][19752][19893][info ] Entering safepoint region: Cleanup
[2025-11-10T00:42:02.132+0700][993.926s][19752][19893][info ] Leaving safepoint region
[2025-11-10T00:42:02.132+0700][993.926s][19752][19893][info ] Total time for which application threads were stopped: 0.0003490 seconds, Stopping threads took: 0.0001067 seconds
[2025-11-10T00:42:03.133+0700][994.927s][19752][19893][info ] Application time: 1.0003403 seconds
[2025-11-10T00:42:03.133+0700][994.927s][19752][19893][info ] Entering safepoint region: Cleanup
[2025-11-10T00:42:03.133+0700][994.927s][19752][19893][info ] Leaving safepoint region
[2025-11-10T00:42:03.133+0700][994.927s][19752][19893][info ] Total time for which application threads were stopped: 0.0002949 seconds, Stopping threads took: 0.0000462 seconds
[2025-11-10T00:42:04.134+0700][995.928s][19752][19893][info ] Application time: 1.0004125 seconds
[2025-11-10T00:42:04.134+0700][995.928s][19752][19893][info ] Entering safepoint region: Cleanup
[2025-11-10T00:42:04.134+0700][995.928s][19752][19893][info ] Leaving safepoint region
[2025-11-10T00:42:04.134+0700][995.928s][19752][19893][info ] Total time for which application threads were stopped: 0.0003158 seconds, Stopping threads took: 0.0000469 seconds
[2025-11-10T00:42:05.134+0700][996.928s][19752][19893][info ] Application time: 1.0001632 seconds
[2025-11-10T00:42:05.134+0700][996.928s][19752][19893][info ] Entering safepoint region: Cleanup
[2025-11-10T00:42:05.134+0700][996.929s][19752][19893][info ] Leaving safepoint region
[2025-11-10T00:42:05.134+0700][996.929s][19752][19893][info ] Total time for which application threads were stopped: 0.0002775 seconds, Stopping threads took: 0.0000468 seconds
[2025-11-10T00:42:06.135+0700][997.929s][19752][19893][info ] Application time: 1.0003474 seconds
[2025-11-10T00:42:06.135+0700][997.929s][19752][19893][info ] Entering safepoint region: Cleanup
[2025-11-10T00:42:06.135+0700][997.929s][19752][19893][info ] Leaving safepoint region
[2025-11-10T00:42:06.135+0700][997.929s][19752][19893][info ] Total time for which application threads were stopped: 0.0003014 seconds, Stopping threads took: 0.0000587 seconds
[2025-11-10T00:42:07.136+0700][998.930s][19752][19893][info ] Application time: 1.0002679 seconds
[2025-11-10T00:42:07.136+0700][998.930s][19752][19893][info ] Entering safepoint region: Cleanup
[2025-11-10T00:42:07.136+0700][998.930s][19752][19893][info ] Leaving safepoint region
[2025-11-10T00:42:07.136+0700][998.930s][19752][19893][info ] Total time for which application threads were stopped: 0.0003762 seconds, Stopping threads took: 0.0000443 seconds
[2025-11-10T00:42:08.136+0700][999.930s][19752][19893][info ] Application time: 1.0002975 seconds
[2025-11-10T00:42:08.136+0700][999.931s][19752][19893][info ] Entering safepoint region: Cleanup
[2025-11-10T00:42:08.137+0700][999.931s][19752][19893][info ] Leaving safepoint region
[2025-11-10T00:42:08.137+0700][999.931s][19752][19893][info ] Total time for which application threads were stopped: 0.0003433 seconds, Stopping threads took: 0.0000521 seconds
[2025-11-10T00:42:09.137+0700][1000.931s][19752][19893][info ] Application time: 1.0004428 seconds
[2025-11-10T00:42:09.137+0700][1000.931s][19752][19893][info ] Entering safepoint region: Cleanup
[2025-11-10T00:42:09.138+0700][1000.932s][19752][19893][info ] Leaving safepoint region
[2025-11-10T00:42:09.138+0700][1000.932s][19752][19893][info ] Total time for which application threads were stopped: 0.0004031 seconds, Stopping threads took: 0.0000525 seconds
[2025-11-10T00:42:10.138+0700][1001.932s][19752][19893][info ] Application time: 1.0001249 seconds
[2025-11-10T00:42:10.138+0700][1001.932s][19752][19893][info ] Entering safepoint region: Cleanup
[2025-11-10T00:42:10.138+0700][1001.932s][19752][19893][info ] Leaving safepoint region
[2025-11-10T00:42:10.138+0700][1001.932s][19752][19893][info ] Total time for which application threads were stopped: 0.0002776 seconds, Stopping threads took: 0.0000533 seconds
[2025-11-10T00:42:11.139+0700][1002.933s][19752][19893][info ] Application time: 1.0003400 seconds
[2025-11-10T00:42:11.139+0700][1002.933s][19752][19893][info ] Entering safepoint region: Cleanup
[2025-11-10T00:42:11.139+0700][1002.933s][19752][19893][info ] Leaving safepoint region
[2025-11-10T00:42:11.139+0700][1002.933s][19752][19893][info ] Total time for which application threads were stopped: 0.0003061 seconds, Stopping threads took: 0.0000459 seconds
[2025-11-10T00:42:12.139+0700][1003.934s][19752][19893][info ] Application time: 1.0003258 seconds
[2025-11-10T00:42:12.140+0700][1003.934s][19752][19893][info ] Entering safepoint region: Cleanup
[2025-11-10T00:42:12.140+0700][1003.934s][19752][19893][info ] Leaving safepoint region
[2025-11-10T00:42:12.140+0700][1003.934s][19752][19893][info ] Total time for which application threads were stopped: 0.0003322 seconds, Stopping threads took: 0.0000462 seconds
[2025-11-10T00:42:13.140+0700][1004.934s][19752][19893][info ] Application time: 1.0003341 seconds
[2025-11-10T00:42:13.140+0700][1004.934s][19752][19893][info ] Entering safepoint region: Cleanup
[2025-11-10T00:42:13.140+0700][1004.935s][19752][19893][info ] Leaving safepoint region
[2025-11-10T00:42:13.140+0700][1004.935s][19752][19893][info ] Total time for which application threads were stopped: 0.0002329 seconds, Stopping threads took: 0.0000430 seconds
[2025-11-10T00:42:14.141+0700][1005.935s][19752][19893][info ] Application time: 1.0000976 seconds
[2025-11-10T00:42:14.141+0700][1005.935s][19752][19893][info ] Entering safepoint region: Cleanup
[2025-11-10T00:42:14.141+0700][1005.935s][19752][19893][info ] Leaving safepoint region
[2025-11-10T00:42:14.141+0700][1005.935s][19752][19893][info ] Total time for which application threads were stopped: 0.0002926 seconds, Stopping threads took: 0.0000759 seconds
[2025-11-10T00:42:15.141+0700][1006.935s][19752][19893][info ] Application time: 1.0003335 seconds
[2025-11-10T00:42:15.141+0700][1006.936s][19752][19893][info ] Entering safepoint region: Cleanup
[2025-11-10T00:42:15.142+0700][1006.936s][19752][19893][info ] Leaving safepoint region
[2025-11-10T00:42:15.142+0700][1006.936s][19752][19893][info ] Total time for which application threads were stopped: 0.0003560 seconds, Stopping threads took: 0.0000525 seconds
[2025-11-10T00:42:16.142+0700][1007.936s][19752][19893][info ] Application time: 1.0003208 seconds
[2025-11-10T00:42:16.142+0700][1007.936s][19752][19893][info ] Entering safepoint region: Cleanup
[2025-11-10T00:42:16.143+0700][1007.937s][19752][19893][info ] Leaving safepoint region
[2025-11-10T00:42:16.150+0700][1007.944s][19752][19893][info ] Total time for which application threads were stopped: 0.0080176 seconds, Stopping threads took: 0.0000529 seconds
[2025-11-10T00:42:17.150+0700][1008.945s][19752][19893][info ] Application time: 1.0000958 seconds
[2025-11-10T00:42:17.151+0700][1008.945s][19752][19893][info ] Entering safepoint region: Cleanup
[2025-11-10T00:42:17.151+0700][1008.945s][19752][19893][info ] Leaving safepoint region
[2025-11-10T00:42:17.151+0700][1008.945s][19752][19893][info ] Total time for which application threads were stopped: 0.0003288 seconds, Stopping threads took: 0.0000430 seconds
[2025-11-10T00:42:18.151+0700][1009.945s][19752][19893][info ] Application time: 1.0001033 seconds
[2025-11-10T00:42:18.151+0700][1009.945s][19752][19893][info ] Entering safepoint region: Cleanup
[2025-11-10T00:42:18.151+0700][1009.945s][19752][19893][info ] Leaving safepoint region
[2025-11-10T00:42:18.151+0700][1009.945s][19752][19893][info ] Total time for which application threads were stopped: 0.0002824 seconds, Stopping threads took: 0.0000519 seconds
[2025-11-10T00:42:19.151+0700][1010.946s][19752][19893][info ] Application time: 1.0001328 seconds
[2025-11-10T00:42:19.152+0700][1010.946s][19752][19893][info ] Entering safepoint region: Cleanup
[2025-11-10T00:42:19.152+0700][1010.946s][19752][19893][info ] Leaving safepoint region
[2025-11-10T00:42:19.152+0700][1010.946s][19752][19893][info ] Total time for which application threads were stopped: 0.0002644 seconds, Stopping threads took: 0.0000522 seconds
[2025-11-10T00:42:20.152+0700][1011.946s][19752][19893][info ] Application time: 1.0003296 seconds
[2025-11-10T00:42:20.152+0700][1011.946s][19752][19893][info ] Entering safepoint region: Cleanup
[2025-11-10T00:42:20.153+0700][1011.947s][19752][19893][info ] Leaving safepoint region
[2025-11-10T00:42:20.153+0700][1011.947s][19752][19893][info ] Total time for which application threads were stopped: 0.0003575 seconds, Stopping threads took: 0.0000530 seconds
[2025-11-10T00:42:21.153+0700][1012.947s][19752][19893][info ] Application time: 1.0003245 seconds
[2025-11-10T00:42:21.153+0700][1012.947s][19752][19893][info ] Entering safepoint region: Cleanup
[2025-11-10T00:42:21.153+0700][1012.947s][19752][19893][info ] Leaving safepoint region
[2025-11-10T00:42:21.153+0700][1012.948s][19752][19893][info ] Total time for which application threads were stopped: 0.0003056 seconds, Stopping threads took: 0.0000521 seconds
[2025-11-10T00:42:22.154+0700][1013.948s][19752][19893][info ] Application time: 1.0003373 seconds
[2025-11-10T00:42:22.154+0700][1013.948s][19752][19893][info ] Entering safepoint region: Cleanup
[2025-11-10T00:42:22.154+0700][1013.948s][19752][19893][info ] Leaving safepoint region
[2025-11-10T00:42:22.154+0700][1013.948s][19752][19893][info ] Total time for which application threads were stopped: 0.0002725 seconds, Stopping threads took: 0.0000574 seconds
[2025-11-10T00:42:23.155+0700][1014.949s][19752][19893][info ] Application time: 1.0004362 seconds
[2025-11-10T00:42:23.155+0700][1014.949s][19752][19893][info ] Entering safepoint region: Cleanup
[2025-11-10T00:42:23.155+0700][1014.949s][19752][19893][info ] Leaving safepoint region
[2025-11-10T00:42:23.155+0700][1014.949s][19752][19893][info ] Total time for which application threads were stopped: 0.0003598 seconds, Stopping threads took: 0.0000954 seconds
[2025-11-10T00:42:24.155+0700][1015.950s][19752][19893][info ] Application time: 1.0003288 seconds
[2025-11-10T00:42:24.155+0700][1015.950s][19752][19893][info ] Entering safepoint region: Cleanup
[2025-11-10T00:42:24.156+0700][1015.950s][19752][19893][info ] Leaving safepoint region
[2025-11-10T00:42:24.156+0700][1015.950s][19752][19893][info ] Total time for which application threads were stopped: 0.0003658 seconds, Stopping threads took: 0.0000521 seconds
[2025-11-10T00:42:25.156+0700][1016.950s][19752][19893][info ] Application time: 1.0003413 seconds
[2025-11-10T00:42:25.156+0700][1016.950s][19752][19893][info ] Entering safepoint region: Cleanup
[2025-11-10T00:42:25.157+0700][1016.951s][19752][19893][info ] Leaving safepoint region
[2025-11-10T00:42:25.157+0700][1016.951s][19752][19893][info ] Total time for which application threads were stopped: 0.0003283 seconds, Stopping threads took: 0.0000444 seconds
[2025-11-10T00:42:26.157+0700][1017.951s][19752][19893][info ] Application time: 1.0003342 seconds
[2025-11-10T00:42:26.157+0700][1017.951s][19752][19893][info ] Entering safepoint region: Cleanup
[2025-11-10T00:42:26.157+0700][1017.951s][19752][19893][info ] Leaving safepoint region
[2025-11-10T00:42:26.165+0700][1017.959s][19752][19893][info ] Total time for which application threads were stopped: 0.0077066 seconds, Stopping threads took: 0.0000444 seconds
[2025-11-10T00:42:27.165+0700][1018.959s][19752][19893][info ] Application time: 1.0001675 seconds
[2025-11-10T00:42:27.165+0700][1018.959s][19752][19893][info ] Entering safepoint region: Cleanup
[2025-11-10T00:42:27.165+0700][1018.959s][19752][19893][info ] Leaving safepoint region
[2025-11-10T00:42:27.165+0700][1018.960s][19752][19893][info ] Total time for which application threads were stopped: 0.0002831 seconds, Stopping threads took: 0.0000431 seconds
[2025-11-10T00:42:28.166+0700][1019.960s][19752][19893][info ] Application time: 1.0003409 seconds
[2025-11-10T00:42:28.166+0700][1019.960s][19752][19893][info ] Entering safepoint region: Cleanup
[2025-11-10T00:42:28.166+0700][1019.960s][19752][19893][info ] Leaving safepoint region
[2025-11-10T00:42:28.166+0700][1019.960s][19752][19893][info ] Total time for which application threads were stopped: 0.0003677 seconds, Stopping threads took: 0.0000440 seconds
[2025-11-10T00:42:29.167+0700][1020.961s][19752][19893][info ] Application time: 1.0002963 seconds
[2025-11-10T00:42:29.167+0700][1020.961s][19752][19893][info ] Entering safepoint region: Cleanup
[2025-11-10T00:42:29.167+0700][1020.961s][19752][19893][info ] Leaving safepoint region
[2025-11-10T00:42:29.167+0700][1020.961s][19752][19893][info ] Total time for which application threads were stopped: 0.0002930 seconds, Stopping threads took: 0.0000460 seconds
[2025-11-10T00:42:30.167+0700][1021.961s][19752][19893][info ] Application time: 1.0001234 seconds
[2025-11-10T00:42:30.167+0700][1021.961s][19752][19893][info ] Entering safepoint region: Cleanup
[2025-11-10T00:42:30.167+0700][1021.961s][19752][19893][info ] Leaving safepoint region
[2025-11-10T00:42:30.167+0700][1021.962s][19752][19893][info ] Total time for which application threads were stopped: 0.0002779 seconds, Stopping threads took: 0.0000432 seconds
[2025-11-10T00:42:31.168+0700][1022.962s][19752][19893][info ] Application time: 1.0003382 seconds
[2025-11-10T00:42:31.168+0700][1022.962s][19752][19893][info ] Entering safepoint region: Cleanup
[2025-11-10T00:42:31.168+0700][1022.962s][19752][19893][info ] Leaving safepoint region
[2025-11-10T00:42:31.168+0700][1022.962s][19752][19893][info ] Total time for which application threads were stopped: 0.0003054 seconds, Stopping threads took: 0.0000435 seconds
[2025-11-10T00:42:32.169+0700][1023.963s][19752][19893][info ] Application time: 1.0003513 seconds
[2025-11-10T00:42:32.169+0700][1023.963s][19752][19893][info ] Entering safepoint region: Cleanup
[2025-11-10T00:42:32.169+0700][1023.963s][19752][19893][info ] Leaving safepoint region
[2025-11-10T00:42:32.169+0700][1023.963s][19752][19893][info ] Total time for which application threads were stopped: 0.0002412 seconds, Stopping threads took: 0.0000429 seconds
[2025-11-10T00:42:49.173+0700][1040.967s][19752][19893][info ] Application time: 17.0041435 seconds
[2025-11-10T00:42:49.173+0700][1040.967s][19752][19893][info ] Entering safepoint region: Cleanup
[2025-11-10T00:42:49.173+0700][1040.967s][19752][19893][info ] Leaving safepoint region
[2025-11-10T00:42:49.173+0700][1040.967s][19752][19893][info ] Total time for which application threads were stopped: 0.0002088 seconds, Stopping threads took: 0.0000314 seconds
[2025-11-10T00:43:11.180+0700][1062.974s][19752][19893][info ] Application time: 22.0062554 seconds
[2025-11-10T00:43:11.180+0700][1062.974s][19752][19893][info ] Entering safepoint region: Cleanup
[2025-11-10T00:43:11.180+0700][1062.974s][19752][19893][info ] Leaving safepoint region
[2025-11-10T00:43:11.180+0700][1062.974s][19752][19893][info ] Total time for which application threads were stopped: 0.0003946 seconds, Stopping threads took: 0.0000840 seconds
[2025-11-10T00:44:11.197+0700][1122.991s][19752][19893][info ] Application time: 60.0164261 seconds
[2025-11-10T00:44:11.197+0700][1122.991s][19752][19893][info ] Entering safepoint region: Cleanup
[2025-11-10T00:44:11.197+0700][1122.991s][19752][19893][info ] Leaving safepoint region
[2025-11-10T00:44:11.197+0700][1122.991s][19752][19893][info ] Total time for which application threads were stopped: 0.0003172 seconds, Stopping threads took: 0.0000473 seconds
[2025-11-10T00:44:13.197+0700][1124.992s][19752][19893][info ] Application time: 2.0004180 seconds
[2025-11-10T00:44:13.197+0700][1124.992s][19752][19893][info ] Entering safepoint region: Cleanup
[2025-11-10T00:44:13.198+0700][1124.992s][19752][19893][info ] Leaving safepoint region
[2025-11-10T00:44:13.198+0700][1124.992s][19752][19893][info ] Total time for which application threads were stopped: 0.0003350 seconds, Stopping threads took: 0.0000467 seconds
[2025-11-10T00:44:14.198+0700][1125.992s][19752][19893][info ] Application time: 1.0003466 seconds
[2025-11-10T00:44:14.198+0700][1125.992s][19752][19893][info ] Entering safepoint region: Cleanup
[2025-11-10T00:44:14.199+0700][1125.993s][19752][19893][info ] Leaving safepoint region
[2025-11-10T00:44:14.199+0700][1125.993s][19752][19893][info ] Total time for which application threads were stopped: 0.0002846 seconds, Stopping threads took: 0.0000470 seconds
[2025-11-10T00:44:15.199+0700][1126.993s][19752][19893][info ] Application time: 1.0003022 seconds
[2025-11-10T00:44:15.199+0700][1126.993s][19752][19893][info ] Entering safepoint region: Cleanup
[2025-11-10T00:44:15.199+0700][1126.993s][19752][19893][info ] Leaving safepoint region
[2025-11-10T00:44:15.199+0700][1126.993s][19752][19893][info ] Total time for which application threads were stopped: 0.0002919 seconds, Stopping threads took: 0.0000467 seconds
[2025-11-10T00:44:16.200+0700][1127.994s][19752][19893][info ] Application time: 1.0003237 seconds
[2025-11-10T00:44:16.200+0700][1127.994s][19752][19893][info ] Entering safepoint region: Cleanup
[2025-11-10T00:44:16.208+0700][1128.002s][19752][19893][info ] Leaving safepoint region
[2025-11-10T00:44:16.208+0700][1128.002s][19752][19893][info ] Total time for which application threads were stopped: 0.0078962 seconds, Stopping threads took: 0.0076797 seconds
[2025-11-10T00:44:17.208+0700][1129.002s][19752][19893][info ] Application time: 1.0001675 seconds
[2025-11-10T00:44:17.208+0700][1129.002s][19752][19893][info ] Entering safepoint region: Cleanup
[2025-11-10T00:44:17.208+0700][1129.002s][19752][19893][info ] Leaving safepoint region
[2025-11-10T00:44:17.208+0700][1129.002s][19752][19893][info ] Total time for which application threads were stopped: 0.0002848 seconds, Stopping threads took: 0.0000471 seconds
[2025-11-10T00:44:18.208+0700][1130.003s][19752][19893][info ] Application time: 1.0001598 seconds
[2025-11-10T00:44:18.209+0700][1130.003s][19752][19893][info ] Entering safepoint region: Cleanup
[2025-11-10T00:44:18.209+0700][1130.003s][19752][19893][info ] Leaving safepoint region
[2025-11-10T00:44:18.209+0700][1130.003s][19752][19893][info ] Total time for which application threads were stopped: 0.0003520 seconds, Stopping threads took: 0.0000465 seconds
[2025-11-10T00:44:19.209+0700][1131.003s][19752][19893][info ] Application time: 1.0003371 seconds
[2025-11-10T00:44:19.209+0700][1131.003s][19752][19893][info ] Entering safepoint region: Cleanup
[2025-11-10T00:44:19.210+0700][1131.004s][19752][19893][info ] Leaving safepoint region
[2025-11-10T00:44:19.210+0700][1131.004s][19752][19893][info ] Total time for which application threads were stopped: 0.0003459 seconds, Stopping threads took: 0.0000715 seconds
[2025-11-10T00:44:20.210+0700][1132.004s][19752][19893][info ] Application time: 1.0002155 seconds
[2025-11-10T00:44:20.210+0700][1132.004s][19752][19893][info ] Entering safepoint region: Cleanup
[2025-11-10T00:44:20.210+0700][1132.004s][19752][19893][info ] Leaving safepoint region
[2025-11-10T00:44:20.210+0700][1132.004s][19752][19893][info ] Total time for which application threads were stopped: 0.0002100 seconds, Stopping threads took: 0.0000428 seconds
[2025-11-10T00:44:21.211+0700][1133.005s][19752][19893][info ] Application time: 1.0002950 seconds
[2025-11-10T00:44:21.211+0700][1133.005s][19752][19893][info ] Entering safepoint region: Cleanup
[2025-11-10T00:44:21.211+0700][1133.005s][19752][19893][info ] Leaving safepoint region
[2025-11-10T00:44:21.211+0700][1133.005s][19752][19893][info ] Total time for which application threads were stopped: 0.0003105 seconds, Stopping threads took: 0.0000441 seconds
[2025-11-10T00:44:22.211+0700][1134.005s][19752][19893][info ] Application time: 1.0001631 seconds
[2025-11-10T00:44:22.211+0700][1134.005s][19752][19893][info ] Entering safepoint region: Cleanup
[2025-11-10T00:44:22.211+0700][1134.005s][19752][19893][info ] Leaving safepoint region
[2025-11-10T00:44:22.211+0700][1134.006s][19752][19893][info ] Total time for which application threads were stopped: 0.0002379 seconds, Stopping threads took: 0.0000430 seconds
[2025-11-10T00:44:23.212+0700][1135.006s][19752][19893][info ] Application time: 1.0001580 seconds
[2025-11-10T00:44:23.212+0700][1135.006s][19752][19893][info ] Entering safepoint region: Cleanup
[2025-11-10T00:44:23.212+0700][1135.006s][19752][19893][info ] Leaving safepoint region
[2025-11-10T00:44:23.212+0700][1135.006s][19752][19893][info ] Total time for which application threads were stopped: 0.0002766 seconds, Stopping threads took: 0.0000819 seconds
[2025-11-10T00:44:24.212+0700][1136.006s][19752][19893][info ] Application time: 1.0003119 seconds
[2025-11-10T00:44:24.212+0700][1136.007s][19752][19893][info ] Entering safepoint region: Cleanup
[2025-11-10T00:44:24.213+0700][1136.007s][19752][19893][info ] Leaving safepoint region
[2025-11-10T00:44:24.213+0700][1136.007s][19752][19893][info ] Total time for which application threads were stopped: 0.0003857 seconds, Stopping threads took: 0.0000447 seconds
[2025-11-10T00:44:25.213+0700][1137.007s][19752][19893][info ] Application time: 1.0003273 seconds
[2025-11-10T00:44:25.213+0700][1137.007s][19752][19893][info ] Entering safepoint region: Cleanup
[2025-11-10T00:44:25.213+0700][1137.008s][19752][19893][info ] Leaving safepoint region
[2025-11-10T00:44:25.214+0700][1137.008s][19752][19893][info ] Total time for which application threads were stopped: 0.0002959 seconds, Stopping threads took: 0.0000439 seconds
[2025-11-10T00:44:26.214+0700][1138.008s][19752][19893][info ] Application time: 1.0001330 seconds
[2025-11-10T00:44:26.214+0700][1138.008s][19752][19893][info ] Entering safepoint region: Cleanup
[2025-11-10T00:44:26.214+0700][1138.008s][19752][19893][info ] Leaving safepoint region
[2025-11-10T00:44:26.222+0700][1138.016s][19752][19893][info ] Total time for which application threads were stopped: 0.0078865 seconds, Stopping threads took: 0.0000446 seconds
[2025-11-10T00:44:27.222+0700][1139.016s][19752][19893][info ] Application time: 1.0003185 seconds
[2025-11-10T00:44:27.222+0700][1139.016s][19752][19893][info ] Entering safepoint region: Cleanup
[2025-11-10T00:44:27.222+0700][1139.017s][19752][19893][info ] Leaving safepoint region
[2025-11-10T00:44:27.222+0700][1139.017s][19752][19893][info ] Total time for which application threads were stopped: 0.0002704 seconds, Stopping threads took: 0.0000448 seconds
[2025-11-10T00:44:28.223+0700][1140.017s][19752][19893][info ] Application time: 1.0003388 seconds
[2025-11-10T00:44:28.223+0700][1140.017s][19752][19893][info ] Entering safepoint region: Cleanup
[2025-11-10T00:44:28.223+0700][1140.017s][19752][19893][info ] Leaving safepoint region
[2025-11-10T00:44:28.223+0700][1140.017s][19752][19893][info ] Total time for which application threads were stopped: 0.0002855 seconds, Stopping threads took: 0.0000661 seconds
[2025-11-10T00:44:29.224+0700][1141.018s][19752][19893][info ] Application time: 1.0003504 seconds
[2025-11-10T00:44:29.224+0700][1141.018s][19752][19893][info ] Entering safepoint region: Cleanup
[2025-11-10T00:44:29.224+0700][1141.018s][19752][19893][info ] Leaving safepoint region
[2025-11-10T00:44:29.224+0700][1141.018s][19752][19893][info ] Total time for which application threads were stopped: 0.0002886 seconds, Stopping threads took: 0.0000438 seconds
[2025-11-10T00:44:30.224+0700][1142.018s][19752][19893][info ] Application time: 1.0002893 seconds
[2025-11-10T00:44:30.224+0700][1142.018s][19752][19893][info ] Entering safepoint region: Cleanup
[2025-11-10T00:44:30.225+0700][1142.019s][19752][19893][info ] Leaving safepoint region
[2025-11-10T00:44:30.225+0700][1142.019s][19752][19893][info ] Total time for which application threads were stopped: 0.0002843 seconds, Stopping threads took: 0.0000434 seconds
[2025-11-10T00:44:31.225+0700][1143.019s][19752][19893][info ] Application time: 1.0003201 seconds
[2025-11-10T00:44:31.225+0700][1143.019s][19752][19893][info ] Entering safepoint region: Cleanup
[2025-11-10T00:44:31.225+0700][1143.019s][19752][19893][info ] Leaving safepoint region
[2025-11-10T00:44:31.225+0700][1143.019s][19752][19893][info ] Total time for which application threads were stopped: 0.0003332 seconds, Stopping threads took: 0.0000439 seconds
[2025-11-10T00:44:32.226+0700][1144.020s][19752][19893][info ] Application time: 1.0002894 seconds
[2025-11-10T00:44:32.226+0700][1144.020s][19752][19893][info ] Entering safepoint region: Cleanup
[2025-11-10T00:44:32.226+0700][1144.020s][19752][19893][info ] Leaving safepoint region
[2025-11-10T00:44:32.226+0700][1144.020s][19752][19893][info ] Total time for which application threads were stopped: 0.0002200 seconds, Stopping threads took: 0.0000453 seconds
[2025-11-10T00:44:33.226+0700][1145.020s][19752][19893][info ] Application time: 1.0003137 seconds
[2025-11-10T00:44:33.226+0700][1145.021s][19752][19893][info ] Entering safepoint region: Cleanup
[2025-11-10T00:44:33.227+0700][1145.021s][19752][19893][info ] Leaving safepoint region
[2025-11-10T00:44:33.227+0700][1145.021s][19752][19893][info ] Total time for which application threads were stopped: 0.0002278 seconds, Stopping threads took: 0.0000476 seconds
[2025-11-10T00:44:34.227+0700][1146.021s][19752][19893][info ] Application time: 1.0003360 seconds
[2025-11-10T00:44:34.227+0700][1146.021s][19752][19893][info ] Entering safepoint region: Cleanup
[2025-11-10T00:44:34.227+0700][1146.022s][19752][19893][info ] Leaving safepoint region
[2025-11-10T00:44:34.227+0700][1146.022s][19752][19893][info ] Total time for which application threads were stopped: 0.0003340 seconds, Stopping threads took: 0.0000430 seconds
[2025-11-10T00:44:35.228+0700][1147.022s][19752][19893][info ] Application time: 1.0003464 seconds
[2025-11-10T00:44:35.228+0700][1147.022s][19752][19893][info ] Entering safepoint region: Cleanup
[2025-11-10T00:44:35.228+0700][1147.022s][19752][19893][info ] Leaving safepoint region
[2025-11-10T00:44:35.228+0700][1147.022s][19752][19893][info ] Total time for which application threads were stopped: 0.0003344 seconds, Stopping threads took: 0.0000444 seconds
[2025-11-10T00:44:36.229+0700][1148.023s][19752][19893][info ] Application time: 1.0003241 seconds
[2025-11-10T00:44:36.229+0700][1148.023s][19752][19893][info ] Entering safepoint region: Cleanup
[2025-11-10T00:44:36.229+0700][1148.023s][19752][19893][info ] Leaving safepoint region
[2025-11-10T00:44:36.237+0700][1148.031s][19752][19893][info ] Total time for which application threads were stopped: 0.0078885 seconds, Stopping threads took: 0.0000478 seconds
[2025-11-10T00:44:37.237+0700][1149.031s][19752][19893][info ] Application time: 1.0002287 seconds
[2025-11-10T00:44:37.237+0700][1149.031s][19752][19893][info ] Entering safepoint region: Cleanup
[2025-11-10T00:44:37.237+0700][1149.031s][19752][19893][info ] Leaving safepoint region
[2025-11-10T00:44:37.237+0700][1149.031s][19752][19893][info ] Total time for which application threads were stopped: 0.0002922 seconds, Stopping threads took: 0.0000434 seconds
[2025-11-10T00:44:38.238+0700][1150.032s][19752][19893][info ] Application time: 1.0001667 seconds
[2025-11-10T00:44:38.238+0700][1150.032s][19752][19893][info ] Entering safepoint region: Cleanup
[2025-11-10T00:44:38.238+0700][1150.032s][19752][19893][info ] Leaving safepoint region
[2025-11-10T00:44:38.238+0700][1150.032s][19752][19893][info ] Total time for which application threads were stopped: 0.0003225 seconds, Stopping threads took: 0.0000428 seconds
[2025-11-10T00:44:39.238+0700][1151.032s][19752][19893][info ] Application time: 1.0001643 seconds
[2025-11-10T00:44:39.238+0700][1151.032s][19752][19893][info ] Entering safepoint region: Cleanup
[2025-11-10T00:44:39.238+0700][1151.033s][19752][19893][info ] Leaving safepoint region
[2025-11-10T00:44:39.238+0700][1151.033s][19752][19893][info ] Total time for which application threads were stopped: 0.0002498 seconds, Stopping threads took: 0.0000439 seconds
[2025-11-10T00:44:40.239+0700][1152.033s][19752][19893][info ] Application time: 1.0001627 seconds
[2025-11-10T00:44:40.239+0700][1152.033s][19752][19893][info ] Entering safepoint region: Cleanup
[2025-11-10T00:44:40.239+0700][1152.033s][19752][19893][info ] Leaving safepoint region
[2025-11-10T00:44:40.239+0700][1152.033s][19752][19893][info ] Total time for which application threads were stopped: 0.0003029 seconds, Stopping threads took: 0.0000481 seconds
[2025-11-10T00:44:41.239+0700][1153.034s][19752][19893][info ] Application time: 1.0003240 seconds
[2025-11-10T00:44:41.240+0700][1153.034s][19752][19893][info ] Entering safepoint region: Cleanup
[2025-11-10T00:44:41.240+0700][1153.034s][19752][19893][info ] Leaving safepoint region
[2025-11-10T00:44:41.240+0700][1153.034s][19752][19893][info ] Total time for which application threads were stopped: 0.0003734 seconds, Stopping threads took: 0.0000434 seconds
[2025-11-10T00:44:42.240+0700][1154.034s][19752][19893][info ] Application time: 1.0001025 seconds
[2025-11-10T00:44:42.240+0700][1154.034s][19752][19893][info ] Entering safepoint region: Cleanup
[2025-11-10T00:44:42.240+0700][1154.035s][19752][19893][info ] Leaving safepoint region
[2025-11-10T00:44:42.240+0700][1154.035s][19752][19893][info ] Total time for which application threads were stopped: 0.0003608 seconds, Stopping threads took: 0.0000440 seconds
[2025-11-10T00:44:43.241+0700][1155.035s][19752][19893][info ] Application time: 1.0004009 seconds
[2025-11-10T00:44:43.241+0700][1155.035s][19752][19893][info ] Entering safepoint region: Cleanup
[2025-11-10T00:44:43.241+0700][1155.035s][19752][19893][info ] Leaving safepoint region
[2025-11-10T00:44:43.241+0700][1155.035s][19752][19893][info ] Total time for which application threads were stopped: 0.0003253 seconds, Stopping threads took: 0.0000427 seconds
[2025-11-10T00:44:44.241+0700][1156.036s][19752][19893][info ] Application time: 1.0000919 seconds
[2025-11-10T00:44:44.241+0700][1156.036s][19752][19893][info ] Entering safepoint region: Cleanup
[2025-11-10T00:44:44.242+0700][1156.036s][19752][19893][info ] Leaving safepoint region
[2025-11-10T00:44:44.242+0700][1156.036s][19752][19893][info ] Total time for which application threads were stopped: 0.0002481 seconds, Stopping threads took: 0.0000428 seconds
[2025-11-10T00:44:45.242+0700][1157.036s][19752][19893][info ] Application time: 1.0001923 seconds
[2025-11-10T00:44:45.242+0700][1157.036s][19752][19893][info ] Entering safepoint region: Cleanup
[2025-11-10T00:44:45.242+0700][1157.036s][19752][19893][info ] Leaving safepoint region
[2025-11-10T00:44:45.242+0700][1157.036s][19752][19893][info ] Total time for which application threads were stopped: 0.0002890 seconds, Stopping threads took: 0.0000423 seconds
[2025-11-10T00:44:46.243+0700][1158.037s][19752][19893][info ] Application time: 1.0003674 seconds
[2025-11-10T00:44:46.243+0700][1158.037s][19752][19893][info ] Entering safepoint region: Cleanup
[2025-11-10T00:44:46.243+0700][1158.037s][19752][19893][info ] Leaving safepoint region
[2025-11-10T00:44:46.243+0700][1158.037s][19752][19893][info ] Total time for which application threads were stopped: 0.0003230 seconds, Stopping threads took: 0.0000603 seconds
[2025-11-10T00:44:47.243+0700][1159.037s][19752][19893][info ] Application time: 1.0001308 seconds
[2025-11-10T00:44:47.243+0700][1159.038s][19752][19893][info ] Entering safepoint region: Cleanup
[2025-11-10T00:44:47.244+0700][1159.038s][19752][19893][info ] Leaving safepoint region
[2025-11-10T00:44:47.244+0700][1159.038s][19752][19893][info ] Total time for which application threads were stopped: 0.0003327 seconds, Stopping threads took: 0.0000500 seconds
[2025-11-10T00:44:48.244+0700][1160.038s][19752][19893][info ] Application time: 1.0003173 seconds
[2025-11-10T00:44:48.244+0700][1160.038s][19752][19893][info ] Entering safepoint region: Cleanup
[2025-11-10T00:44:48.244+0700][1160.039s][19752][19893][info ] Leaving safepoint region
[2025-11-10T00:44:48.245+0700][1160.039s][19752][19893][info ] Total time for which application threads were stopped: 0.0003619 seconds, Stopping threads took: 0.0000474 seconds
[2025-11-10T00:44:49.245+0700][1161.039s][19752][19893][info ] Application time: 1.0003385 seconds
[2025-11-10T00:44:49.245+0700][1161.039s][19752][19893][info ] Entering safepoint region: Cleanup
[2025-11-10T00:44:49.245+0700][1161.039s][19752][19893][info ] Leaving safepoint region
[2025-11-10T00:44:49.245+0700][1161.039s][19752][19893][info ] Total time for which application threads were stopped: 0.0003107 seconds, Stopping threads took: 0.0000439 seconds
[2025-11-10T00:44:50.245+0700][1162.040s][19752][19893][info ] Application time: 1.0001411 seconds
[2025-11-10T00:44:50.246+0700][1162.040s][19752][19893][info ] Entering safepoint region: Cleanup
[2025-11-10T00:44:50.246+0700][1162.040s][19752][19893][info ] Leaving safepoint region
[2025-11-10T00:44:50.246+0700][1162.040s][19752][19893][info ] Total time for which application threads were stopped: 0.0003101 seconds, Stopping threads took: 0.0000453 seconds
[2025-11-10T00:44:51.246+0700][1163.040s][19752][19893][info ] Application time: 1.0003335 seconds
[2025-11-10T00:44:51.246+0700][1163.040s][19752][19893][info ] Entering safepoint region: Cleanup
[2025-11-10T00:44:51.247+0700][1163.041s][19752][19893][info ] Leaving safepoint region
[2025-11-10T00:44:51.247+0700][1163.041s][19752][19893][info ] Total time for which application threads were stopped: 0.0003607 seconds, Stopping threads took: 0.0000469 seconds
[2025-11-10T00:44:52.247+0700][1164.041s][19752][19893][info ] Application time: 1.0001053 seconds
[2025-11-10T00:44:52.247+0700][1164.041s][19752][19893][info ] Entering safepoint region: Cleanup
[2025-11-10T00:44:52.247+0700][1164.041s][19752][19893][info ] Leaving safepoint region
[2025-11-10T00:44:52.247+0700][1164.041s][19752][19893][info ] Total time for which application threads were stopped: 0.0003007 seconds, Stopping threads took: 0.0000464 seconds
[2025-11-10T00:44:53.247+0700][1165.041s][19752][19893][info ] Application time: 1.0000915 seconds
[2025-11-10T00:44:53.247+0700][1165.042s][19752][19893][info ] Entering safepoint region: Cleanup
[2025-11-10T00:44:53.248+0700][1165.042s][19752][19893][info ] Leaving safepoint region
[2025-11-10T00:44:53.248+0700][1165.042s][19752][19893][info ] Total time for which application threads were stopped: 0.0003373 seconds, Stopping threads took: 0.0000562 seconds
[2025-11-10T00:44:54.248+0700][1166.042s][19752][19893][info ] Application time: 1.0003457 seconds
[2025-11-10T00:44:54.248+0700][1166.042s][19752][19893][info ] Entering safepoint region: Cleanup
[2025-11-10T00:44:54.248+0700][1166.043s][19752][19893][info ] Leaving safepoint region
[2025-11-10T00:44:54.249+0700][1166.043s][19752][19893][info ] Total time for which application threads were stopped: 0.0002619 seconds, Stopping threads took: 0.0000505 seconds
[2025-11-10T00:44:55.249+0700][1167.043s][19752][19893][info ] Application time: 1.0001390 seconds
[2025-11-10T00:44:55.249+0700][1167.043s][19752][19893][info ] Entering safepoint region: Cleanup
[2025-11-10T00:44:55.249+0700][1167.043s][19752][19893][info ] Leaving safepoint region
[2025-11-10T00:44:55.249+0700][1167.043s][19752][19893][info ] Total time for which application threads were stopped: 0.0002450 seconds, Stopping threads took: 0.0000434 seconds
[2025-11-10T00:44:56.249+0700][1168.044s][19752][19893][info ] Application time: 1.0003304 seconds
[2025-11-10T00:44:56.250+0700][1168.044s][19752][19893][info ] Entering safepoint region: Cleanup
[2025-11-10T00:44:56.250+0700][1168.044s][19752][19893][info ] Leaving safepoint region
[2025-11-10T00:44:56.250+0700][1168.044s][19752][19893][info ] Total time for which application threads were stopped: 0.0003616 seconds, Stopping threads took: 0.0000442 seconds
[2025-11-10T00:44:57.250+0700][1169.044s][19752][19893][info ] Application time: 1.0003405 seconds
[2025-11-10T00:44:57.250+0700][1169.044s][19752][19893][info ] Entering safepoint region: Cleanup
[2025-11-10T00:44:57.251+0700][1169.045s][19752][19893][info ] Leaving safepoint region
[2025-11-10T00:44:57.251+0700][1169.045s][19752][19893][info ] Total time for which application threads were stopped: 0.0002185 seconds, Stopping threads took: 0.0000435 seconds
[2025-11-10T00:44:58.251+0700][1170.045s][19752][19893][info ] Application time: 1.0002823 seconds
[2025-11-10T00:44:58.251+0700][1170.045s][19752][19893][info ] Entering safepoint region: Cleanup
[2025-11-10T00:44:58.251+0700][1170.045s][19752][19893][info ] Leaving safepoint region
[2025-11-10T00:44:58.251+0700][1170.045s][19752][19893][info ] Total time for which application threads were stopped: 0.0002924 seconds, Stopping threads took: 0.0000460 seconds
[2025-11-10T00:44:59.252+0700][1171.046s][19752][19893][info ] Application time: 1.0004087 seconds
[2025-11-10T00:44:59.252+0700][1171.046s][19752][19893][info ] Entering safepoint region: Cleanup
[2025-11-10T00:44:59.252+0700][1171.046s][19752][19893][info ] Leaving safepoint region
[2025-11-10T00:44:59.260+0700][1171.054s][19752][19893][info ] Total time for which application threads were stopped: 0.0080046 seconds, Stopping threads took: 0.0000469 seconds
[2025-11-10T00:45:00.260+0700][1172.054s][19752][19893][info ] Application time: 1.0003452 seconds
[2025-11-10T00:45:00.260+0700][1172.054s][19752][19893][info ] Entering safepoint region: Cleanup
[2025-11-10T00:45:00.261+0700][1172.055s][19752][19893][info ] Leaving safepoint region
[2025-11-10T00:45:00.261+0700][1172.055s][19752][19893][info ] Total time for which application threads were stopped: 0.0003874 seconds, Stopping threads took: 0.0000537 seconds
[2025-11-10T00:45:01.261+0700][1173.055s][19752][19893][info ] Application time: 1.0001532 seconds
[2025-11-10T00:45:01.261+0700][1173.055s][19752][19893][info ] Entering safepoint region: Cleanup
[2025-11-10T00:45:01.261+0700][1173.055s][19752][19893][info ] Leaving safepoint region
[2025-11-10T00:45:01.261+0700][1173.055s][19752][19893][info ] Total time for which application threads were stopped: 0.0002001 seconds, Stopping threads took: 0.0000418 seconds
[2025-11-10T00:45:02.261+0700][1174.056s][19752][19893][info ] Application time: 1.0003069 seconds
[2025-11-10T00:45:02.262+0700][1174.056s][19752][19893][info ] Entering safepoint region: Cleanup
[2025-11-10T00:45:02.262+0700][1174.056s][19752][19893][info ] Leaving safepoint region
[2025-11-10T00:45:02.262+0700][1174.056s][19752][19893][info ] Total time for which application threads were stopped: 0.0002822 seconds, Stopping threads took: 0.0000431 seconds
[2025-11-10T00:45:03.262+0700][1175.056s][19752][19893][info ] Application time: 1.0001394 seconds
[2025-11-10T00:45:03.262+0700][1175.056s][19752][19893][info ] Entering safepoint region: Cleanup
[2025-11-10T00:45:03.262+0700][1175.056s][19752][19893][info ] Leaving safepoint region
[2025-11-10T00:45:03.262+0700][1175.056s][19752][19893][info ] Total time for which application threads were stopped: 0.0002460 seconds, Stopping threads took: 0.0000442 seconds
[2025-11-10T00:45:04.263+0700][1176.057s][19752][19893][info ] Application time: 1.0001574 seconds
[2025-11-10T00:45:04.263+0700][1176.057s][19752][19893][info ] Entering safepoint region: Cleanup
[2025-11-10T00:45:04.263+0700][1176.057s][19752][19893][info ] Leaving safepoint region
[2025-11-10T00:45:04.263+0700][1176.057s][19752][19893][info ] Total time for which application threads were stopped: 0.0002961 seconds, Stopping threads took: 0.0000452 seconds
[2025-11-10T00:45:05.263+0700][1177.057s][19752][19893][info ] Application time: 1.0003179 seconds
[2025-11-10T00:45:05.263+0700][1177.057s][19752][19893][info ] Entering safepoint region: Cleanup
[2025-11-10T00:45:05.264+0700][1177.058s][19752][19893][info ] Leaving safepoint region
[2025-11-10T00:45:05.264+0700][1177.058s][19752][19893][info ] Total time for which application threads were stopped: 0.0003602 seconds, Stopping threads took: 0.0000430 seconds
[2025-11-10T00:45:06.264+0700][1178.058s][19752][19893][info ] Application time: 1.0001342 seconds
[2025-11-10T00:45:06.264+0700][1178.058s][19752][19893][info ] Entering safepoint region: Cleanup
[2025-11-10T00:45:06.264+0700][1178.058s][19752][19893][info ] Leaving safepoint region
[2025-11-10T00:45:06.272+0700][1178.066s][19752][19893][info ] Total time for which application threads were stopped: 0.0079721 seconds, Stopping threads took: 0.0000430 seconds
[2025-11-10T00:45:07.272+0700][1179.067s][19752][19893][info ] Application time: 1.0003962 seconds
[2025-11-10T00:45:07.273+0700][1179.067s][19752][19893][info ] Entering safepoint region: Cleanup
[2025-11-10T00:45:07.273+0700][1179.067s][19752][19893][info ] Leaving safepoint region
[2025-11-10T00:45:07.273+0700][1179.067s][19752][19893][info ] Total time for which application threads were stopped: 0.0003264 seconds, Stopping threads took: 0.0000444 seconds
[2025-11-10T00:45:08.273+0700][1180.067s][19752][19893][info ] Application time: 1.0004383 seconds
[2025-11-10T00:45:08.273+0700][1180.068s][19752][19893][info ] Entering safepoint region: Cleanup
[2025-11-10T00:45:08.274+0700][1180.068s][19752][19893][info ] Leaving safepoint region
[2025-11-10T00:45:08.274+0700][1180.068s][19752][19893][info ] Total time for which application threads were stopped: 0.0003234 seconds, Stopping threads took: 0.0000462 seconds
[2025-11-10T00:45:09.274+0700][1181.068s][19752][19893][info ] Application time: 1.0001082 seconds
[2025-11-10T00:45:09.274+0700][1181.068s][19752][19893][info ] Entering safepoint region: Cleanup
[2025-11-10T00:45:09.274+0700][1181.068s][19752][19893][info ] Leaving safepoint region
[2025-11-10T00:45:09.274+0700][1181.068s][19752][19893][info ] Total time for which application threads were stopped: 0.0002231 seconds, Stopping threads took: 0.0000416 seconds
[2025-11-10T00:45:10.274+0700][1182.068s][19752][19893][info ] Application time: 1.0001608 seconds
[2025-11-10T00:45:10.274+0700][1182.069s][19752][19893][info ] Entering safepoint region: Cleanup
[2025-11-10T00:45:10.275+0700][1182.069s][19752][19893][info ] Leaving safepoint region
[2025-11-10T00:45:10.275+0700][1182.069s][19752][19893][info ] Total time for which application threads were stopped: 0.0003377 seconds, Stopping threads took: 0.0000423 seconds
[2025-11-10T00:45:11.275+0700][1183.069s][19752][19893][info ] Application time: 1.0003220 seconds
[2025-11-10T00:45:11.275+0700][1183.069s][19752][19893][info ] Entering safepoint region: Cleanup
[2025-11-10T00:45:11.275+0700][1183.070s][19752][19893][info ] Leaving safepoint region
[2025-11-10T00:45:11.275+0700][1183.070s][19752][19893][info ] Total time for which application threads were stopped: 0.0002950 seconds, Stopping threads took: 0.0000444 seconds
[2025-11-10T00:45:12.276+0700][1184.070s][19752][19893][info ] Application time: 1.0003268 seconds
[2025-11-10T00:45:12.276+0700][1184.070s][19752][19893][info ] Entering safepoint region: Cleanup
[2025-11-10T00:45:12.276+0700][1184.070s][19752][19893][info ] Leaving safepoint region
[2025-11-10T00:45:12.276+0700][1184.070s][19752][19893][info ] Total time for which application threads were stopped: 0.0003624 seconds, Stopping threads took: 0.0000418 seconds
[2025-11-10T00:45:13.277+0700][1185.071s][19752][19893][info ] Application time: 1.0003371 seconds
[2025-11-10T00:45:13.277+0700][1185.071s][19752][19893][info ] Entering safepoint region: Cleanup
[2025-11-10T00:45:13.277+0700][1185.071s][19752][19893][info ] Leaving safepoint region
[2025-11-10T00:45:13.277+0700][1185.071s][19752][19893][info ] Total time for which application threads were stopped: 0.0002714 seconds, Stopping threads took: 0.0000441 seconds
[2025-11-10T00:45:14.277+0700][1186.072s][19752][19893][info ] Application time: 1.0003416 seconds
[2025-11-10T00:45:14.278+0700][1186.072s][19752][19893][info ] Entering safepoint region: Cleanup
[2025-11-10T00:45:14.278+0700][1186.072s][19752][19893][info ] Leaving safepoint region
[2025-11-10T00:45:14.278+0700][1186.072s][19752][19893][info ] Total time for which application threads were stopped: 0.0003194 seconds, Stopping threads took: 0.0000438 seconds
[2025-11-10T00:45:15.278+0700][1187.072s][19752][19893][info ] Application time: 1.0001690 seconds
[2025-11-10T00:45:15.278+0700][1187.072s][19752][19893][info ] Entering safepoint region: Cleanup
[2025-11-10T00:45:15.278+0700][1187.072s][19752][19893][info ] Leaving safepoint region
[2025-11-10T00:45:15.278+0700][1187.073s][19752][19893][info ] Total time for which application threads were stopped: 0.0003420 seconds, Stopping threads took: 0.0000434 seconds
[2025-11-10T00:45:16.279+0700][1188.073s][19752][19893][info ] Application time: 1.0004172 seconds
[2025-11-10T00:45:16.279+0700][1188.073s][19752][19893][info ] Entering safepoint region: Cleanup
[2025-11-10T00:45:16.279+0700][1188.073s][19752][19893][info ] Leaving safepoint region
[2025-11-10T00:45:16.287+0700][1188.081s][19752][19893][info ] Total time for which application threads were stopped: 0.0080072 seconds, Stopping threads took: 0.0000443 seconds
[2025-11-10T00:45:17.287+0700][1189.081s][19752][19893][info ] Application time: 1.0003421 seconds
[2025-11-10T00:45:17.287+0700][1189.082s][19752][19893][info ] Entering safepoint region: Cleanup
[2025-11-10T00:45:17.288+0700][1189.082s][19752][19893][info ] Leaving safepoint region
[2025-11-10T00:45:17.288+0700][1189.082s][19752][19893][info ] Total time for which application threads were stopped: 0.0003003 seconds, Stopping threads took: 0.0000478 seconds
[2025-11-10T00:45:18.288+0700][1190.082s][19752][19893][info ] Application time: 1.0003334 seconds
[2025-11-10T00:45:18.288+0700][1190.082s][19752][19893][info ] Entering safepoint region: Cleanup
[2025-11-10T00:45:18.288+0700][1190.083s][19752][19893][info ] Leaving safepoint region
[2025-11-10T00:45:18.289+0700][1190.083s][19752][19893][info ] Total time for which application threads were stopped: 0.0003098 seconds, Stopping threads took: 0.0000476 seconds
[2025-11-10T00:45:19.289+0700][1191.083s][19752][19893][info ] Application time: 1.0004172 seconds
[2025-11-10T00:45:19.289+0700][1191.083s][19752][19893][info ] Entering safepoint region: Cleanup
[2025-11-10T00:45:19.289+0700][1191.083s][19752][19893][info ] Leaving safepoint region
[2025-11-10T00:45:19.289+0700][1191.083s][19752][19893][info ] Total time for which application threads were stopped: 0.0003019 seconds, Stopping threads took: 0.0000462 seconds
[2025-11-10T00:45:20.290+0700][1192.084s][19752][19893][info ] Application time: 1.0003699 seconds
[2025-11-10T00:45:20.290+0700][1192.084s][19752][19893][info ] Entering safepoint region: Cleanup
[2025-11-10T00:45:20.290+0700][1192.084s][19752][19893][info ] Leaving safepoint region
[2025-11-10T00:45:20.290+0700][1192.084s][19752][19893][info ] Total time for which application threads were stopped: 0.0003189 seconds, Stopping threads took: 0.0000461 seconds
[2025-11-10T00:45:21.290+0700][1193.084s][19752][19893][info ] Application time: 1.0001711 seconds
[2025-11-10T00:45:21.290+0700][1193.085s][19752][19893][info ] Entering safepoint region: Cleanup
[2025-11-10T00:45:21.291+0700][1193.085s][19752][19893][info ] Leaving safepoint region
[2025-11-10T00:45:21.291+0700][1193.085s][19752][19893][info ] Total time for which application threads were stopped: 0.0004088 seconds, Stopping threads took: 0.0000807 seconds
[2025-11-10T00:45:22.291+0700][1194.085s][19752][19893][info ] Application time: 1.0001195 seconds
[2025-11-10T00:45:22.291+0700][1194.085s][19752][19893][info ] Entering safepoint region: Cleanup
[2025-11-10T00:45:22.291+0700][1194.085s][19752][19893][info ] Leaving safepoint region
[2025-11-10T00:45:22.291+0700][1194.085s][19752][19893][info ] Total time for which application threads were stopped: 0.0002889 seconds, Stopping threads took: 0.0000437 seconds
[2025-11-10T00:45:23.292+0700][1195.086s][19752][19893][info ] Application time: 1.0003413 seconds
[2025-11-10T00:45:23.292+0700][1195.086s][19752][19893][info ] Entering safepoint region: Cleanup
[2025-11-10T00:45:23.292+0700][1195.086s][19752][19893][info ] Leaving safepoint region
[2025-11-10T00:45:23.292+0700][1195.086s][19752][19893][info ] Total time for which application threads were stopped: 0.0002776 seconds, Stopping threads took: 0.0000434 seconds
[2025-11-10T00:45:24.292+0700][1196.087s][19752][19893][info ] Application time: 1.0003476 seconds
[2025-11-10T00:45:24.293+0700][1196.087s][19752][19893][info ] Entering safepoint region: Cleanup
[2025-11-10T00:45:24.293+0700][1196.087s][19752][19893][info ] Leaving safepoint region
[2025-11-10T00:45:24.293+0700][1196.087s][19752][19893][info ] Total time for which application threads were stopped: 0.0003257 seconds, Stopping threads took: 0.0000424 seconds
[2025-11-10T00:45:25.293+0700][1197.087s][19752][19893][info ] Application time: 1.0001071 seconds
[2025-11-10T00:45:25.293+0700][1197.087s][19752][19893][info ] Entering safepoint region: Cleanup
[2025-11-10T00:45:25.293+0700][1197.087s][19752][19893][info ] Leaving safepoint region
[2025-11-10T00:45:25.293+0700][1197.087s][19752][19893][info ] Total time for which application threads were stopped: 0.0002681 seconds, Stopping threads took: 0.0000441 seconds
[2025-11-10T00:45:26.294+0700][1198.088s][19752][19893][info ] Application time: 1.0003678 seconds
[2025-11-10T00:45:26.294+0700][1198.088s][19752][19893][info ] Entering safepoint region: Cleanup
[2025-11-10T00:45:26.294+0700][1198.088s][19752][19893][info ] Leaving safepoint region
[2025-11-10T00:45:26.302+0700][1198.096s][19752][19893][info ] Total time for which application threads were stopped: 0.0079988 seconds, Stopping threads took: 0.0000450 seconds
[2025-11-10T00:45:27.302+0700][1199.096s][19752][19893][info ] Application time: 1.0003966 seconds
[2025-11-10T00:45:27.302+0700][1199.097s][19752][19893][info ] Entering safepoint region: Cleanup
[2025-11-10T00:45:27.303+0700][1199.097s][19752][19893][info ] Leaving safepoint region
[2025-11-10T00:45:27.303+0700][1199.097s][19752][19893][info ] Total time for which application threads were stopped: 0.0002963 seconds, Stopping threads took: 0.0000430 seconds
[2025-11-10T00:45:28.303+0700][1200.097s][19752][19893][info ] Application time: 1.0004334 seconds
[2025-11-10T00:45:28.303+0700][1200.097s][19752][19893][info ] Entering safepoint region: Cleanup
[2025-11-10T00:45:28.303+0700][1200.098s][19752][19893][info ] Leaving safepoint region
[2025-11-10T00:45:28.304+0700][1200.098s][19752][19893][info ] Total time for which application threads were stopped: 0.0002790 seconds, Stopping threads took: 0.0000444 seconds
[2025-11-10T00:45:29.304+0700][1201.098s][19752][19893][info ] Application time: 1.0001118 seconds
[2025-11-10T00:45:29.304+0700][1201.098s][19752][19893][info ] Entering safepoint region: Cleanup
[2025-11-10T00:45:29.304+0700][1201.098s][19752][19893][info ] Leaving safepoint region
[2025-11-10T00:45:29.304+0700][1201.098s][19752][19893][info ] Total time for which application threads were stopped: 0.0003269 seconds, Stopping threads took: 0.0000433 seconds
[2025-11-10T00:45:30.304+0700][1202.099s][19752][19893][info ] Application time: 1.0003386 seconds
[2025-11-10T00:45:30.305+0700][1202.099s][19752][19893][info ] Entering safepoint region: Cleanup
[2025-11-10T00:45:30.305+0700][1202.099s][19752][19893][info ] Leaving safepoint region
[2025-11-10T00:45:30.305+0700][1202.099s][19752][19893][info ] Total time for which application threads were stopped: 0.0003248 seconds, Stopping threads took: 0.0000447 seconds
[2025-11-10T00:45:31.305+0700][1203.099s][19752][19893][info ] Application time: 1.0001432 seconds
[2025-11-10T00:45:31.305+0700][1203.099s][19752][19893][info ] Entering safepoint region: Cleanup
[2025-11-10T00:45:31.305+0700][1203.100s][19752][19893][info ] Leaving safepoint region
[2025-11-10T00:45:31.306+0700][1203.100s][19752][19893][info ] Total time for which application threads were stopped: 0.0003478 seconds, Stopping threads took: 0.0000429 seconds
[2025-11-10T00:45:32.306+0700][1204.100s][19752][19893][info ] Application time: 1.0003155 seconds
[2025-11-10T00:45:32.306+0700][1204.100s][19752][19893][info ] Entering safepoint region: Cleanup
[2025-11-10T00:45:32.306+0700][1204.100s][19752][19893][info ] Leaving safepoint region
[2025-11-10T00:45:32.306+0700][1204.100s][19752][19893][info ] Total time for which application threads were stopped: 0.0003297 seconds, Stopping threads took: 0.0000418 seconds
[2025-11-10T00:46:09.314+0700][1241.108s][19752][19893][info ] Application time: 37.0079237 seconds
[2025-11-10T00:46:09.314+0700][1241.108s][19752][19893][info ] Entering safepoint region: Cleanup
[2025-11-10T00:46:09.315+0700][1241.109s][19752][19893][info ] Leaving safepoint region
[2025-11-10T00:46:09.315+0700][1241.109s][19752][19893][info ] Total time for which application threads were stopped: 0.0002880 seconds, Stopping threads took: 0.0000465 seconds
[2025-11-10T00:46:11.315+0700][1243.109s][19752][19893][info ] Application time: 2.0004542 seconds
[2025-11-10T00:46:11.315+0700][1243.109s][19752][19893][info ] Entering safepoint region: Cleanup
[2025-11-10T00:46:11.315+0700][1243.110s][19752][19893][info ] Leaving safepoint region
[2025-11-10T00:46:11.315+0700][1243.110s][19752][19893][info ] Total time for which application threads were stopped: 0.0002906 seconds, Stopping threads took: 0.0000459 seconds
[2025-11-10T00:46:21.318+0700][1253.112s][19752][19893][info ] Application time: 10.0022355 seconds
[2025-11-10T00:46:21.318+0700][1253.112s][19752][19893][info ] Entering safepoint region: Cleanup
[2025-11-10T00:46:21.318+0700][1253.112s][19752][19893][info ] Leaving safepoint region
[2025-11-10T00:46:21.318+0700][1253.112s][19752][19893][info ] Total time for which application threads were stopped: 0.0002776 seconds, Stopping threads took: 0.0000453 seconds
[2025-11-10T00:47:01.328+0700][1293.122s][19752][19893][info ] Application time: 40.0097591 seconds
[2025-11-10T00:47:01.328+0700][1293.122s][19752][19893][info ] Entering safepoint region: Cleanup
[2025-11-10T00:47:01.328+0700][1293.122s][19752][19893][info ] Leaving safepoint region
[2025-11-10T00:47:01.328+0700][1293.122s][19752][19893][info ] Total time for which application threads were stopped: 0.0002948 seconds, Stopping threads took: 0.0000472 seconds
[2025-11-10T00:47:11.331+0700][1303.125s][19752][19893][info ] Application time: 10.0023496 seconds
[2025-11-10T00:47:11.331+0700][1303.125s][19752][19893][info ] Entering safepoint region: Cleanup
[2025-11-10T00:47:11.331+0700][1303.125s][19752][19893][info ] Leaving safepoint region
[2025-11-10T00:47:11.331+0700][1303.125s][19752][19893][info ] Total time for which application threads were stopped: 0.0003452 seconds, Stopping threads took: 0.0000474 seconds
[2025-11-10T00:47:13.332+0700][1305.126s][19752][19893][info ] Application time: 2.0007822 seconds
[2025-11-10T00:47:13.332+0700][1305.126s][19752][19893][info ] Entering safepoint region: Cleanup
[2025-11-10T00:47:13.332+0700][1305.126s][19752][19893][info ] Leaving safepoint region
[2025-11-10T00:47:13.332+0700][1305.126s][19752][19893][info ] Total time for which application threads were stopped: 0.0002968 seconds, Stopping threads took: 0.0000462 seconds
[2025-11-10T00:47:14.333+0700][1306.127s][19752][19893][info ] Application time: 1.0003630 seconds
[2025-11-10T00:47:14.333+0700][1306.127s][19752][19893][info ] Entering safepoint region: Cleanup
[2025-11-10T00:47:14.333+0700][1306.127s][19752][19893][info ] Leaving safepoint region
[2025-11-10T00:47:14.333+0700][1306.127s][19752][19893][info ] Total time for which application threads were stopped: 0.0002975 seconds, Stopping threads took: 0.0000437 seconds
[2025-11-10T00:47:15.333+0700][1307.127s][19752][19893][info ] Application time: 1.0001613 seconds
[2025-11-10T00:47:15.333+0700][1307.128s][19752][19893][info ] Entering safepoint region: Cleanup
[2025-11-10T00:47:15.334+0700][1307.128s][19752][19893][info ] Leaving safepoint region
[2025-11-10T00:47:15.334+0700][1307.128s][19752][19893][info ] Total time for which application threads were stopped: 0.0003408 seconds, Stopping threads took: 0.0000513 seconds
[2025-11-10T00:47:16.334+0700][1308.128s][19752][19893][info ] Application time: 1.0000909 seconds
[2025-11-10T00:47:16.334+0700][1308.128s][19752][19893][info ] Entering safepoint region: Cleanup
[2025-11-10T00:47:16.334+0700][1308.128s][19752][19893][info ] Leaving safepoint region
[2025-11-10T00:47:16.342+0700][1308.136s][19752][19893][info ] Total time for which application threads were stopped: 0.0079681 seconds, Stopping threads took: 0.0000433 seconds
[2025-11-10T00:47:17.342+0700][1309.136s][19752][19893][info ] Application time: 1.0001665 seconds
[2025-11-10T00:47:17.342+0700][1309.136s][19752][19893][info ] Entering safepoint region: Cleanup
[2025-11-10T00:47:17.342+0700][1309.137s][19752][19893][info ] Leaving safepoint region
[2025-11-10T00:47:17.342+0700][1309.137s][19752][19893][info ] Total time for which application threads were stopped: 0.0002584 seconds, Stopping threads took: 0.0000432 seconds
[2025-11-10T00:47:18.343+0700][1310.137s][19752][19893][info ] Application time: 1.0001384 seconds
[2025-11-10T00:47:18.343+0700][1310.137s][19752][19893][info ] Entering safepoint region: Cleanup
[2025-11-10T00:47:18.343+0700][1310.137s][19752][19893][info ] Leaving safepoint region
[2025-11-10T00:47:18.343+0700][1310.137s][19752][19893][info ] Total time for which application threads were stopped: 0.0002419 seconds, Stopping threads took: 0.0000434 seconds
[2025-11-10T00:47:19.343+0700][1311.137s][19752][19893][info ] Application time: 1.0003257 seconds
[2025-11-10T00:47:19.343+0700][1311.138s][19752][19893][info ] Entering safepoint region: Cleanup
[2025-11-10T00:47:19.344+0700][1311.138s][19752][19893][info ] Leaving safepoint region
[2025-11-10T00:47:19.344+0700][1311.138s][19752][19893][info ] Total time for which application threads were stopped: 0.0003726 seconds, Stopping threads took: 0.0000435 seconds
[2025-11-10T00:47:20.344+0700][1312.138s][19752][19893][info ] Application time: 1.0003390 seconds
[2025-11-10T00:47:20.344+0700][1312.138s][19752][19893][info ] Entering safepoint region: Cleanup
[2025-11-10T00:47:20.344+0700][1312.139s][19752][19893][info ] Leaving safepoint region
[2025-11-10T00:47:20.345+0700][1312.139s][19752][19893][info ] Total time for which application threads were stopped: 0.0002810 seconds, Stopping threads took: 0.0000442 seconds
[2025-11-10T00:47:21.345+0700][1313.139s][19752][19893][info ] Application time: 1.0003420 seconds
[2025-11-10T00:47:21.345+0700][1313.139s][19752][19893][info ] Entering safepoint region: Cleanup
[2025-11-10T00:47:21.345+0700][1313.139s][19752][19893][info ] Leaving safepoint region
[2025-11-10T00:47:21.345+0700][1313.139s][19752][19893][info ] Total time for which application threads were stopped: 0.0002609 seconds, Stopping threads took: 0.0000433 seconds
[2025-11-10T00:47:22.345+0700][1314.139s][19752][19893][info ] Application time: 1.0000908 seconds
[2025-11-10T00:47:22.345+0700][1314.140s][19752][19893][info ] Entering safepoint region: Cleanup
[2025-11-10T00:47:22.346+0700][1314.140s][19752][19893][info ] Leaving safepoint region
[2025-11-10T00:47:22.346+0700][1314.140s][19752][19893][info ] Total time for which application threads were stopped: 0.0003021 seconds, Stopping threads took: 0.0000421 seconds
[2025-11-10T00:47:23.346+0700][1315.140s][19752][19893][info ] Application time: 1.0002229 seconds
[2025-11-10T00:47:23.346+0700][1315.140s][19752][19893][info ] Entering safepoint region: Cleanup
[2025-11-10T00:47:23.346+0700][1315.140s][19752][19893][info ] Leaving safepoint region
[2025-11-10T00:47:23.346+0700][1315.141s][19752][19893][info ] Total time for which application threads were stopped: 0.0002973 seconds, Stopping threads took: 0.0000425 seconds
[2025-11-10T00:47:24.347+0700][1316.141s][19752][19893][info ] Application time: 1.0003498 seconds
[2025-11-10T00:47:24.347+0700][1316.141s][19752][19893][info ] Entering safepoint region: Cleanup
[2025-11-10T00:47:24.347+0700][1316.141s][19752][19893][info ] Leaving safepoint region
[2025-11-10T00:47:24.347+0700][1316.141s][19752][19893][info ] Total time for which application threads were stopped: 0.0002912 seconds, Stopping threads took: 0.0000467 seconds
[2025-11-10T00:47:25.347+0700][1317.142s][19752][19893][info ] Application time: 1.0002387 seconds
[2025-11-10T00:47:25.348+0700][1317.142s][19752][19893][info ] Entering safepoint region: Cleanup
[2025-11-10T00:47:25.348+0700][1317.142s][19752][19893][info ] Leaving safepoint region
[2025-11-10T00:47:25.348+0700][1317.142s][19752][19893][info ] Total time for which application threads were stopped: 0.0002490 seconds, Stopping threads took: 0.0000455 seconds
[2025-11-10T00:47:26.348+0700][1318.142s][19752][19893][info ] Application time: 1.0000856 seconds
[2025-11-10T00:47:26.348+0700][1318.142s][19752][19893][info ] Entering safepoint region: Cleanup
[2025-11-10T00:47:26.348+0700][1318.142s][19752][19893][info ] Leaving safepoint region
[2025-11-10T00:47:26.356+0700][1318.150s][19752][19893][info ] Total time for which application threads were stopped: 0.0078553 seconds, Stopping threads took: 0.0000386 seconds
[2025-11-10T00:47:27.356+0700][1319.150s][19752][19893][info ] Application time: 1.0003512 seconds
[2025-11-10T00:47:27.356+0700][1319.150s][19752][19893][info ] Entering safepoint region: Cleanup
[2025-11-10T00:47:27.356+0700][1319.151s][19752][19893][info ] Leaving safepoint region
[2025-11-10T00:47:27.357+0700][1319.151s][19752][19893][info ] Total time for which application threads were stopped: 0.0002509 seconds, Stopping threads took: 0.0000562 seconds
[2025-11-10T00:47:28.357+0700][1320.151s][19752][19893][info ] Application time: 1.0001145 seconds
[2025-11-10T00:47:28.357+0700][1320.151s][19752][19893][info ] Entering safepoint region: Cleanup
[2025-11-10T00:47:28.357+0700][1320.151s][19752][19893][info ] Leaving safepoint region
[2025-11-10T00:47:28.357+0700][1320.151s][19752][19893][info ] Total time for which application threads were stopped: 0.0002596 seconds, Stopping threads took: 0.0000450 seconds
[2025-11-10T00:47:29.357+0700][1321.151s][19752][19893][info ] Application time: 1.0002262 seconds
[2025-11-10T00:47:29.357+0700][1321.151s][19752][19893][info ] Entering safepoint region: Cleanup
[2025-11-10T00:47:29.358+0700][1321.152s][19752][19893][info ] Leaving safepoint region
[2025-11-10T00:47:29.358+0700][1321.152s][19752][19893][info ] Total time for which application threads were stopped: 0.0002697 seconds, Stopping threads took: 0.0000539 seconds
[2025-11-10T00:47:30.358+0700][1322.152s][19752][19893][info ] Application time: 1.0002287 seconds
[2025-11-10T00:47:30.358+0700][1322.152s][19752][19893][info ] Entering safepoint region: Cleanup
[2025-11-10T00:47:30.358+0700][1322.152s][19752][19893][info ] Leaving safepoint region
[2025-11-10T00:47:30.358+0700][1322.152s][19752][19893][info ] Total time for which application threads were stopped: 0.0003020 seconds, Stopping threads took: 0.0000434 seconds
[2025-11-10T00:47:31.359+0700][1323.153s][19752][19893][info ] Application time: 1.0003192 seconds
[2025-11-10T00:47:31.359+0700][1323.153s][19752][19893][info ] Entering safepoint region: Cleanup
[2025-11-10T00:47:31.359+0700][1323.153s][19752][19893][info ] Leaving safepoint region
[2025-11-10T00:47:31.359+0700][1323.153s][19752][19893][info ] Total time for which application threads were stopped: 0.0002298 seconds, Stopping threads took: 0.0000494 seconds
[2025-11-10T00:47:32.359+0700][1324.153s][19752][19893][info ] Application time: 1.0000992 seconds
[2025-11-10T00:47:32.359+0700][1324.153s][19752][19893][info ] Entering safepoint region: Cleanup
[2025-11-10T00:47:32.359+0700][1324.154s][19752][19893][info ] Leaving safepoint region
[2025-11-10T00:47:32.359+0700][1324.154s][19752][19893][info ] Total time for which application threads were stopped: 0.0002858 seconds, Stopping threads took: 0.0000521 seconds
[2025-11-10T00:47:33.360+0700][1325.154s][19752][19893][info ] Application time: 1.0001377 seconds
[2025-11-10T00:47:33.360+0700][1325.154s][19752][19893][info ] Entering safepoint region: Cleanup
[2025-11-10T00:47:33.360+0700][1325.154s][19752][19893][info ] Leaving safepoint region
[2025-11-10T00:47:33.360+0700][1325.154s][19752][19893][info ] Total time for which application threads were stopped: 0.0003052 seconds, Stopping threads took: 0.0000566 seconds
[2025-11-10T00:47:34.360+0700][1326.154s][19752][19893][info ] Application time: 1.0001142 seconds
[2025-11-10T00:47:34.360+0700][1326.154s][19752][19893][info ] Entering safepoint region: Cleanup
[2025-11-10T00:47:34.361+0700][1326.155s][19752][19893][info ] Leaving safepoint region
[2025-11-10T00:47:34.361+0700][1326.155s][19752][19893][info ] Total time for which application threads were stopped: 0.0002843 seconds, Stopping threads took: 0.0000501 seconds
[2025-11-10T00:47:35.361+0700][1327.155s][19752][19893][info ] Application time: 1.0003344 seconds
[2025-11-10T00:47:35.361+0700][1327.155s][19752][19893][info ] Entering safepoint region: Cleanup
[2025-11-10T00:47:35.361+0700][1327.155s][19752][19893][info ] Leaving safepoint region
[2025-11-10T00:47:35.361+0700][1327.155s][19752][19893][info ] Total time for which application threads were stopped: 0.0003302 seconds, Stopping threads took: 0.0000557 seconds
[2025-11-10T00:47:36.362+0700][1328.156s][19752][19893][info ] Application time: 1.0001345 seconds
[2025-11-10T00:47:36.362+0700][1328.156s][19752][19893][info ] Entering safepoint region: Cleanup
[2025-11-10T00:47:36.362+0700][1328.156s][19752][19893][info ] Leaving safepoint region
[2025-11-10T00:47:36.362+0700][1328.156s][19752][19893][info ] Total time for which application threads were stopped: 0.0003513 seconds, Stopping threads took: 0.0001321 seconds
[2025-11-10T00:47:37.362+0700][1329.156s][19752][19893][info ] Application time: 1.0001307 seconds
[2025-11-10T00:47:37.362+0700][1329.156s][19752][19893][info ] Entering safepoint region: Cleanup
[2025-11-10T00:47:37.362+0700][1329.157s][19752][19893][info ] Leaving safepoint region
[2025-11-10T00:47:37.363+0700][1329.157s][19752][19893][info ] Total time for which application threads were stopped: 0.0003561 seconds, Stopping threads took: 0.0000551 seconds
[2025-11-10T00:47:38.363+0700][1330.157s][19752][19893][info ] Application time: 1.0001436 seconds
[2025-11-10T00:47:38.363+0700][1330.157s][19752][19893][info ] Entering safepoint region: Cleanup
[2025-11-10T00:47:38.363+0700][1330.157s][19752][19893][info ] Leaving safepoint region
[2025-11-10T00:47:38.363+0700][1330.157s][19752][19893][info ] Total time for which application threads were stopped: 0.0002896 seconds, Stopping threads took: 0.0000508 seconds
[2025-11-10T00:47:39.363+0700][1331.157s][19752][19893][info ] Application time: 1.0001801 seconds
[2025-11-10T00:47:39.363+0700][1331.158s][19752][19893][info ] Entering safepoint region: Cleanup
[2025-11-10T00:47:39.364+0700][1331.158s][19752][19893][info ] Leaving safepoint region
[2025-11-10T00:47:39.364+0700][1331.158s][19752][19893][info ] Total time for which application threads were stopped: 0.0003783 seconds, Stopping threads took: 0.0000471 seconds
[2025-11-10T00:47:40.364+0700][1332.158s][19752][19893][info ] Application time: 1.0001159 seconds
[2025-11-10T00:47:40.364+0700][1332.158s][19752][19893][info ] Entering safepoint region: Cleanup
[2025-11-10T00:47:40.364+0700][1332.158s][19752][19893][info ] Leaving safepoint region
[2025-11-10T00:47:40.364+0700][1332.158s][19752][19893][info ] Total time for which application threads were stopped: 0.0003279 seconds, Stopping threads took: 0.0000550 seconds
[2025-11-10T00:47:41.365+0700][1333.159s][19752][19893][info ] Application time: 1.0003181 seconds
[2025-11-10T00:47:41.365+0700][1333.159s][19752][19893][info ] Entering safepoint region: Cleanup
[2025-11-10T00:47:41.365+0700][1333.159s][19752][19893][info ] Leaving safepoint region
[2025-11-10T00:47:41.365+0700][1333.159s][19752][19893][info ] Total time for which application threads were stopped: 0.0003656 seconds, Stopping threads took: 0.0000524 seconds
[2025-11-10T00:47:42.365+0700][1334.159s][19752][19893][info ] Application time: 1.0001167 seconds
[2025-11-10T00:47:42.365+0700][1334.160s][19752][19893][info ] Entering safepoint region: Cleanup
[2025-11-10T00:47:42.366+0700][1334.160s][19752][19893][info ] Leaving safepoint region
[2025-11-10T00:47:42.366+0700][1334.160s][19752][19893][info ] Total time for which application threads were stopped: 0.0004409 seconds, Stopping threads took: 0.0000442 seconds
[2025-11-10T00:47:43.366+0700][1335.160s][19752][19893][info ] Application time: 1.0001297 seconds
[2025-11-10T00:47:43.366+0700][1335.160s][19752][19893][info ] Entering safepoint region: Cleanup
[2025-11-10T00:47:43.366+0700][1335.160s][19752][19893][info ] Leaving safepoint region
[2025-11-10T00:47:43.366+0700][1335.160s][19752][19893][info ] Total time for which application threads were stopped: 0.0002788 seconds, Stopping threads took: 0.0000434 seconds
[2025-11-10T00:47:44.367+0700][1336.161s][19752][19893][info ] Application time: 1.0004097 seconds
[2025-11-10T00:47:44.367+0700][1336.161s][19752][19893][info ] Entering safepoint region: Cleanup
[2025-11-10T00:47:44.367+0700][1336.161s][19752][19893][info ] Leaving safepoint region
[2025-11-10T00:47:44.367+0700][1336.161s][19752][19893][info ] Total time for which application threads were stopped: 0.0003144 seconds, Stopping threads took: 0.0000439 seconds
[2025-11-10T00:47:45.368+0700][1337.162s][19752][19893][info ] Application time: 1.0003496 seconds
[2025-11-10T00:47:45.368+0700][1337.162s][19752][19893][info ] Entering safepoint region: Cleanup
[2025-11-10T00:47:45.368+0700][1337.162s][19752][19893][info ] Leaving safepoint region
[2025-11-10T00:47:45.368+0700][1337.162s][19752][19893][info ] Total time for which application threads were stopped: 0.0003568 seconds, Stopping threads took: 0.0000757 seconds
[2025-11-10T00:47:46.368+0700][1338.162s][19752][19893][info ] Application time: 1.0001460 seconds
[2025-11-10T00:47:46.368+0700][1338.162s][19752][19893][info ] Entering safepoint region: Cleanup
[2025-11-10T00:47:46.369+0700][1338.163s][19752][19893][info ] Leaving safepoint region
[2025-11-10T00:47:46.376+0700][1338.170s][19752][19893][info ] Total time for which application threads were stopped: 0.0079910 seconds, Stopping threads took: 0.0000427 seconds
[2025-11-10T00:47:47.377+0700][1339.171s][19752][19893][info ] Application time: 1.0004192 seconds
[2025-11-10T00:47:47.377+0700][1339.171s][19752][19893][info ] Entering safepoint region: Cleanup
[2025-11-10T00:47:47.377+0700][1339.171s][19752][19893][info ] Leaving safepoint region
[2025-11-10T00:47:47.377+0700][1339.171s][19752][19893][info ] Total time for which application threads were stopped: 0.0002704 seconds, Stopping threads took: 0.0000445 seconds
[2025-11-10T00:47:48.377+0700][1340.172s][19752][19893][info ] Application time: 1.0003138 seconds
[2025-11-10T00:47:48.378+0700][1340.172s][19752][19893][info ] Entering safepoint region: Cleanup
[2025-11-10T00:47:48.378+0700][1340.172s][19752][19893][info ] Leaving safepoint region
[2025-11-10T00:47:48.378+0700][1340.172s][19752][19893][info ] Total time for which application threads were stopped: 0.0003006 seconds, Stopping threads took: 0.0000439 seconds
[2025-11-10T00:47:49.378+0700][1341.172s][19752][19893][info ] Application time: 1.0003374 seconds
[2025-11-10T00:47:49.378+0700][1341.172s][19752][19893][info ] Entering safepoint region: Cleanup
[2025-11-10T00:47:49.379+0700][1341.173s][19752][19893][info ] Leaving safepoint region
[2025-11-10T00:47:49.379+0700][1341.173s][19752][19893][info ] Total time for which application threads were stopped: 0.0002694 seconds, Stopping threads took: 0.0000684 seconds
[2025-11-10T00:47:50.379+0700][1342.173s][19752][19893][info ] Application time: 1.0003401 seconds
[2025-11-10T00:47:50.379+0700][1342.173s][19752][19893][info ] Entering safepoint region: Cleanup
[2025-11-10T00:47:50.379+0700][1342.173s][19752][19893][info ] Leaving safepoint region
[2025-11-10T00:47:50.379+0700][1342.174s][19752][19893][info ] Total time for which application threads were stopped: 0.0003982 seconds, Stopping threads took: 0.0000454 seconds
[2025-11-10T00:47:51.380+0700][1343.174s][19752][19893][info ] Application time: 1.0001616 seconds
[2025-11-10T00:47:51.380+0700][1343.174s][19752][19893][info ] Entering safepoint region: Cleanup
[2025-11-10T00:47:51.380+0700][1343.174s][19752][19893][info ] Leaving safepoint region
[2025-11-10T00:47:51.380+0700][1343.174s][19752][19893][info ] Total time for which application threads were stopped: 0.0006506 seconds, Stopping threads took: 0.0000914 seconds
[2025-11-10T00:47:52.381+0700][1344.175s][19752][19893][info ] Application time: 1.0003393 seconds
[2025-11-10T00:47:52.381+0700][1344.175s][19752][19893][info ] Entering safepoint region: Cleanup
[2025-11-10T00:47:52.381+0700][1344.175s][19752][19893][info ] Leaving safepoint region
[2025-11-10T00:47:52.381+0700][1344.175s][19752][19893][info ] Total time for which application threads were stopped: 0.0003584 seconds, Stopping threads took: 0.0000444 seconds
[2025-11-10T00:47:53.381+0700][1345.175s][19752][19893][info ] Application time: 1.0000928 seconds
[2025-11-10T00:47:53.381+0700][1345.176s][19752][19893][info ] Entering safepoint region: Cleanup
[2025-11-10T00:47:53.382+0700][1345.176s][19752][19893][info ] Leaving safepoint region
[2025-11-10T00:47:53.382+0700][1345.176s][19752][19893][info ] Total time for which application threads were stopped: 0.0002966 seconds, Stopping threads took: 0.0000434 seconds
[2025-11-10T00:47:54.382+0700][1346.176s][19752][19893][info ] Application time: 1.0002049 seconds
[2025-11-10T00:47:54.382+0700][1346.176s][19752][19893][info ] Entering safepoint region: Cleanup
[2025-11-10T00:47:54.382+0700][1346.176s][19752][19893][info ] Leaving safepoint region
[2025-11-10T00:47:54.382+0700][1346.176s][19752][19893][info ] Total time for which application threads were stopped: 0.0003269 seconds, Stopping threads took: 0.0000447 seconds
[2025-11-10T00:47:55.383+0700][1347.177s][19752][19893][info ] Application time: 1.0001446 seconds
[2025-11-10T00:47:55.383+0700][1347.177s][19752][19893][info ] Entering safepoint region: Cleanup
[2025-11-10T00:47:55.383+0700][1347.177s][19752][19893][info ] Leaving safepoint region
[2025-11-10T00:47:55.383+0700][1347.177s][19752][19893][info ] Total time for which application threads were stopped: 0.0003133 seconds, Stopping threads took: 0.0000414 seconds
[2025-11-10T00:47:56.383+0700][1348.177s][19752][19893][info ] Application time: 1.0003223 seconds
[2025-11-10T00:47:56.383+0700][1348.177s][19752][19893][info ] Entering safepoint region: Cleanup
[2025-11-10T00:47:56.384+0700][1348.178s][19752][19893][info ] Leaving safepoint region
[2025-11-10T00:47:56.384+0700][1348.178s][19752][19893][info ] Total time for which application threads were stopped: 0.0002778 seconds, Stopping threads took: 0.0000435 seconds
[2025-11-10T00:47:57.384+0700][1349.178s][19752][19893][info ] Application time: 1.0001127 seconds
[2025-11-10T00:47:57.384+0700][1349.178s][19752][19893][info ] Entering safepoint region: Cleanup
[2025-11-10T00:47:57.384+0700][1349.178s][19752][19893][info ] Leaving safepoint region
[2025-11-10T00:47:57.384+0700][1349.178s][19752][19893][info ] Total time for which application threads were stopped: 0.0002686 seconds, Stopping threads took: 0.0000441 seconds
[2025-11-10T00:47:58.384+0700][1350.178s][19752][19893][info ] Application time: 1.0001626 seconds
[2025-11-10T00:47:58.384+0700][1350.178s][19752][19893][info ] Entering safepoint region: Cleanup
[2025-11-10T00:47:58.385+0700][1350.179s][19752][19893][info ] Leaving safepoint region
[2025-11-10T00:47:58.392+0700][1350.186s][19752][19893][info ] Total time for which application threads were stopped: 0.0077954 seconds, Stopping threads took: 0.0000661 seconds
[2025-11-10T00:47:59.392+0700][1351.186s][19752][19893][info ] Application time: 1.0001356 seconds
[2025-11-10T00:47:59.392+0700][1351.187s][19752][19893][info ] Entering safepoint region: Cleanup
[2025-11-10T00:47:59.393+0700][1351.187s][19752][19893][info ] Leaving safepoint region
[2025-11-10T00:47:59.393+0700][1351.187s][19752][19893][info ] Total time for which application threads were stopped: 0.0002996 seconds, Stopping threads took: 0.0000419 seconds
[2025-11-10T00:48:00.393+0700][1352.187s][19752][19893][info ] Application time: 1.0001407 seconds
[2025-11-10T00:48:00.393+0700][1352.187s][19752][19893][info ] Entering safepoint region: Cleanup
[2025-11-10T00:48:00.393+0700][1352.187s][19752][19893][info ] Leaving safepoint region
[2025-11-10T00:48:00.393+0700][1352.187s][19752][19893][info ] Total time for which application threads were stopped: 0.0002671 seconds, Stopping threads took: 0.0000431 seconds
[2025-11-10T00:48:01.393+0700][1353.187s][19752][19893][info ] Application time: 1.0000912 seconds
[2025-11-10T00:48:01.393+0700][1353.188s][19752][19893][info ] Entering safepoint region: Cleanup
[2025-11-10T00:48:01.394+0700][1353.188s][19752][19893][info ] Leaving safepoint region
[2025-11-10T00:48:01.394+0700][1353.188s][19752][19893][info ] Total time for which application threads were stopped: 0.0003332 seconds, Stopping threads took: 0.0000424 seconds
[2025-11-10T00:48:02.394+0700][1354.188s][19752][19893][info ] Application time: 1.0000917 seconds
[2025-11-10T00:48:02.394+0700][1354.188s][19752][19893][info ] Entering safepoint region: Cleanup
[2025-11-10T00:48:02.394+0700][1354.188s][19752][19893][info ] Leaving safepoint region
[2025-11-10T00:48:02.394+0700][1354.188s][19752][19893][info ] Total time for which application threads were stopped: 0.0002838 seconds, Stopping threads took: 0.0000435 seconds
[2025-11-10T00:48:03.394+0700][1355.189s][19752][19893][info ] Application time: 1.0001288 seconds
[2025-11-10T00:48:03.395+0700][1355.189s][19752][19893][info ] Entering safepoint region: Cleanup
[2025-11-10T00:48:03.395+0700][1355.189s][19752][19893][info ] Leaving safepoint region
[2025-11-10T00:48:03.395+0700][1355.189s][19752][19893][info ] Total time for which application threads were stopped: 0.0003311 seconds, Stopping threads took: 0.0000441 seconds
[2025-11-10T00:48:04.395+0700][1356.189s][19752][19893][info ] Application time: 1.0003363 seconds
[2025-11-10T00:48:04.395+0700][1356.189s][19752][19893][info ] Entering safepoint region: Cleanup
[2025-11-10T00:48:04.396+0700][1356.190s][19752][19893][info ] Leaving safepoint region
[2025-11-10T00:48:04.396+0700][1356.190s][19752][19893][info ] Total time for which application threads were stopped: 0.0006448 seconds, Stopping threads took: 0.0000440 seconds
[2025-11-10T00:48:05.396+0700][1357.190s][19752][19893][info ] Application time: 1.0003392 seconds
[2025-11-10T00:48:05.396+0700][1357.190s][19752][19893][info ] Entering safepoint region: Cleanup
[2025-11-10T00:48:05.397+0700][1357.191s][19752][19893][info ] Leaving safepoint region
[2025-11-10T00:48:05.397+0700][1357.191s][19752][19893][info ] Total time for which application threads were stopped: 0.0002819 seconds, Stopping threads took: 0.0000434 seconds
[2025-11-10T00:48:06.397+0700][1358.191s][19752][19893][info ] Application time: 1.0003403 seconds
[2025-11-10T00:48:06.397+0700][1358.191s][19752][19893][info ] Entering safepoint region: Cleanup
[2025-11-10T00:48:06.397+0700][1358.191s][19752][19893][info ] Leaving safepoint region
[2025-11-10T00:48:06.397+0700][1358.192s][19752][19893][info ] Total time for which application threads were stopped: 0.0003296 seconds, Stopping threads took: 0.0000606 seconds
[2025-11-10T00:48:07.398+0700][1359.192s][19752][19893][info ] Application time: 1.0003506 seconds
[2025-11-10T00:48:07.398+0700][1359.192s][19752][19893][info ] Entering safepoint region: Cleanup
[2025-11-10T00:48:07.398+0700][1359.192s][19752][19893][info ] Leaving safepoint region
[2025-11-10T00:48:07.398+0700][1359.192s][19752][19893][info ] Total time for which application threads were stopped: 0.0002517 seconds, Stopping threads took: 0.0000454 seconds
[2025-11-10T00:48:08.398+0700][1360.192s][19752][19893][info ] Application time: 1.0001621 seconds
[2025-11-10T00:48:08.398+0700][1360.193s][19752][19893][info ] Entering safepoint region: Cleanup
[2025-11-10T00:48:08.399+0700][1360.193s][19752][19893][info ] Leaving safepoint region
[2025-11-10T00:48:08.399+0700][1360.193s][19752][19893][info ] Total time for which application threads were stopped: 0.0003209 seconds, Stopping threads took: 0.0000428 seconds
[2025-11-10T00:48:09.399+0700][1361.193s][19752][19893][info ] Application time: 1.0001315 seconds
[2025-11-10T00:48:09.399+0700][1361.193s][19752][19893][info ] Entering safepoint region: Cleanup
[2025-11-10T00:48:09.399+0700][1361.193s][19752][19893][info ] Leaving safepoint region
[2025-11-10T00:48:09.399+0700][1361.193s][19752][19893][info ] Total time for which application threads were stopped: 0.0003384 seconds, Stopping threads took: 0.0000564 seconds
[2025-11-10T00:48:10.400+0700][1362.194s][19752][19893][info ] Application time: 1.0003610 seconds
[2025-11-10T00:48:10.400+0700][1362.194s][19752][19893][info ] Entering safepoint region: Cleanup
[2025-11-10T00:48:10.400+0700][1362.194s][19752][19893][info ] Leaving safepoint region
[2025-11-10T00:48:10.400+0700][1362.194s][19752][19893][info ] Total time for which application threads were stopped: 0.0002759 seconds, Stopping threads took: 0.0000483 seconds
[2025-11-10T00:48:11.400+0700][1363.195s][19752][19893][info ] Application time: 1.0003235 seconds
[2025-11-10T00:48:11.401+0700][1363.195s][19752][19893][info ] Entering safepoint region: Cleanup
[2025-11-10T00:48:11.401+0700][1363.195s][19752][19893][info ] Leaving safepoint region
[2025-11-10T00:48:11.401+0700][1363.195s][19752][19893][info ] Total time for which application threads were stopped: 0.0002731 seconds, Stopping threads took: 0.0000440 seconds
[2025-11-10T00:48:12.401+0700][1364.195s][19752][19893][info ] Application time: 1.0003697 seconds
[2025-11-10T00:48:12.401+0700][1364.195s][19752][19893][info ] Entering safepoint region: Cleanup
[2025-11-10T00:48:12.402+0700][1364.196s][19752][19893][info ] Leaving safepoint region
[2025-11-10T00:48:12.402+0700][1364.196s][19752][19893][info ] Total time for which application threads were stopped: 0.0003044 seconds, Stopping threads took: 0.0000445 seconds
[2025-11-10T00:48:13.402+0700][1365.196s][19752][19893][info ] Application time: 1.0003453 seconds
[2025-11-10T00:48:13.402+0700][1365.196s][19752][19893][info ] Entering safepoint region: Cleanup
[2025-11-10T00:48:13.402+0700][1365.196s][19752][19893][info ] Leaving safepoint region
[2025-11-10T00:48:13.402+0700][1365.196s][19752][19893][info ] Total time for which application threads were stopped: 0.0003102 seconds, Stopping threads took: 0.0000443 seconds
[2025-11-10T00:48:14.403+0700][1366.197s][19752][19893][info ] Application time: 1.0002170 seconds
[2025-11-10T00:48:14.403+0700][1366.197s][19752][19893][info ] Entering safepoint region: Cleanup
[2025-11-10T00:48:14.403+0700][1366.197s][19752][19893][info ] Leaving safepoint region
[2025-11-10T00:48:14.403+0700][1366.197s][19752][19893][info ] Total time for which application threads were stopped: 0.0002597 seconds, Stopping threads took: 0.0000777 seconds
[2025-11-10T00:48:15.403+0700][1367.197s][19752][19893][info ] Application time: 1.0003362 seconds
[2025-11-10T00:48:15.403+0700][1367.198s][19752][19893][info ] Entering safepoint region: Cleanup
[2025-11-10T00:48:15.404+0700][1367.198s][19752][19893][info ] Leaving safepoint region
[2025-11-10T00:48:15.404+0700][1367.198s][19752][19893][info ] Total time for which application threads were stopped: 0.0003537 seconds, Stopping threads took: 0.0000446 seconds
[2025-11-10T00:48:16.404+0700][1368.198s][19752][19893][info ] Application time: 1.0003330 seconds
[2025-11-10T00:48:16.404+0700][1368.198s][19752][19893][info ] Entering safepoint region: Cleanup
[2025-11-10T00:48:16.404+0700][1368.199s][19752][19893][info ] Leaving safepoint region
[2025-11-10T00:48:16.412+0700][1368.206s][19752][19893][info ] Total time for which application threads were stopped: 0.0079437 seconds, Stopping threads took: 0.0000443 seconds
[2025-11-10T00:48:17.413+0700][1369.207s][19752][19893][info ] Application time: 1.0003308 seconds
[2025-11-10T00:48:17.413+0700][1369.207s][19752][19893][info ] Entering safepoint region: Cleanup
[2025-11-10T00:48:17.413+0700][1369.207s][19752][19893][info ] Leaving safepoint region
[2025-11-10T00:48:17.413+0700][1369.207s][19752][19893][info ] Total time for which application threads were stopped: 0.0003961 seconds, Stopping threads took: 0.0000867 seconds
[2025-11-10T00:48:18.413+0700][1370.208s][19752][19893][info ] Application time: 1.0003447 seconds
[2025-11-10T00:48:18.414+0700][1370.208s][19752][19893][info ] Entering safepoint region: Cleanup
[2025-11-10T00:48:18.414+0700][1370.208s][19752][19893][info ] Leaving safepoint region
[2025-11-10T00:48:18.414+0700][1370.208s][19752][19893][info ] Total time for which application threads were stopped: 0.0003281 seconds, Stopping threads took: 0.0000445 seconds
[2025-11-10T00:48:19.414+0700][1371.208s][19752][19893][info ] Application time: 1.0003434 seconds
[2025-11-10T00:48:19.414+0700][1371.208s][19752][19893][info ] Entering safepoint region: Cleanup
[2025-11-10T00:48:19.415+0700][1371.209s][19752][19893][info ] Leaving safepoint region
[2025-11-10T00:48:19.415+0700][1371.209s][19752][19893][info ] Total time for which application threads were stopped: 0.0003348 seconds, Stopping threads took: 0.0000457 seconds
[2025-11-10T00:48:20.415+0700][1372.209s][19752][19893][info ] Application time: 1.0003375 seconds
[2025-11-10T00:48:20.415+0700][1372.209s][19752][19893][info ] Entering safepoint region: Cleanup
[2025-11-10T00:48:20.415+0700][1372.209s][19752][19893][info ] Leaving safepoint region
[2025-11-10T00:48:20.415+0700][1372.209s][19752][19893][info ] Total time for which application threads were stopped: 0.0002775 seconds, Stopping threads took: 0.0000437 seconds
[2025-11-10T00:48:21.416+0700][1373.210s][19752][19893][info ] Application time: 1.0003695 seconds
[2025-11-10T00:48:21.416+0700][1373.210s][19752][19893][info ] Entering safepoint region: Cleanup
[2025-11-10T00:48:21.416+0700][1373.210s][19752][19893][info ] Leaving safepoint region
[2025-11-10T00:48:21.416+0700][1373.210s][19752][19893][info ] Total time for which application threads were stopped: 0.0002502 seconds, Stopping threads took: 0.0000499 seconds
[2025-11-10T00:48:22.416+0700][1374.210s][19752][19893][info ] Application time: 1.0001313 seconds
[2025-11-10T00:48:22.416+0700][1374.210s][19752][19893][info ] Entering safepoint region: Cleanup
[2025-11-10T00:48:22.417+0700][1374.211s][19752][19893][info ] Leaving safepoint region
[2025-11-10T00:48:22.417+0700][1374.211s][19752][19893][info ] Total time for which application threads were stopped: 0.0002567 seconds, Stopping threads took: 0.0000425 seconds
[2025-11-10T00:48:23.417+0700][1375.211s][19752][19893][info ] Application time: 1.0001339 seconds
[2025-11-10T00:48:23.417+0700][1375.211s][19752][19893][info ] Entering safepoint region: Cleanup
[2025-11-10T00:48:23.417+0700][1375.211s][19752][19893][info ] Leaving safepoint region
[2025-11-10T00:48:23.417+0700][1375.211s][19752][19893][info ] Total time for which application threads were stopped: 0.0003082 seconds, Stopping threads took: 0.0000450 seconds
[2025-11-10T00:48:24.417+0700][1376.212s][19752][19893][info ] Application time: 1.0003161 seconds
[2025-11-10T00:48:24.418+0700][1376.212s][19752][19893][info ] Entering safepoint region: Cleanup
[2025-11-10T00:48:24.418+0700][1376.212s][19752][19893][info ] Leaving safepoint region
[2025-11-10T00:48:24.418+0700][1376.212s][19752][19893][info ] Total time for which application threads were stopped: 0.0003416 seconds, Stopping threads took: 0.0000438 seconds
[2025-11-10T00:48:25.418+0700][1377.212s][19752][19893][info ] Application time: 1.0003358 seconds
[2025-11-10T00:48:25.418+0700][1377.212s][19752][19893][info ] Entering safepoint region: Cleanup
[2025-11-10T00:48:25.419+0700][1377.213s][19752][19893][info ] Leaving safepoint region
[2025-11-10T00:48:25.419+0700][1377.213s][19752][19893][info ] Total time for which application threads were stopped: 0.0002271 seconds, Stopping threads took: 0.0000445 seconds
[2025-11-10T00:48:26.419+0700][1378.213s][19752][19893][info ] Application time: 1.0001325 seconds
[2025-11-10T00:48:26.419+0700][1378.213s][19752][19893][info ] Entering safepoint region: Cleanup
[2025-11-10T00:48:26.419+0700][1378.213s][19752][19893][info ] Leaving safepoint region
[2025-11-10T00:48:26.419+0700][1378.213s][19752][19893][info ] Total time for which application threads were stopped: 0.0002983 seconds, Stopping threads took: 0.0000425 seconds
[2025-11-10T00:48:27.419+0700][1379.213s][19752][19893][info ] Application time: 1.0001404 seconds
[2025-11-10T00:48:27.419+0700][1379.214s][19752][19893][info ] Entering safepoint region: Cleanup
[2025-11-10T00:48:27.420+0700][1379.214s][19752][19893][info ] Leaving safepoint region
[2025-11-10T00:48:27.420+0700][1379.214s][19752][19893][info ] Total time for which application threads were stopped: 0.0002743 seconds, Stopping threads took: 0.0000425 seconds
[2025-11-10T00:48:28.420+0700][1380.214s][19752][19893][info ] Application time: 1.0003352 seconds
[2025-11-10T00:48:28.420+0700][1380.214s][19752][19893][info ] Entering safepoint region: Cleanup
[2025-11-10T00:48:28.420+0700][1380.214s][19752][19893][info ] Leaving safepoint region
[2025-11-10T00:48:28.428+0700][1380.222s][19752][19893][info ] Total time for which application threads were stopped: 0.0079106 seconds, Stopping threads took: 0.0000582 seconds
[2025-11-10T00:48:29.428+0700][1381.223s][19752][19893][info ] Application time: 1.0003409 seconds
[2025-11-10T00:48:29.429+0700][1381.223s][19752][19893][info ] Entering safepoint region: Cleanup
[2025-11-10T00:48:29.429+0700][1381.223s][19752][19893][info ] Leaving safepoint region
[2025-11-10T00:48:29.429+0700][1381.223s][19752][19893][info ] Total time for which application threads were stopped: 0.0003161 seconds, Stopping threads took: 0.0000444 seconds
[2025-11-10T00:48:30.429+0700][1382.223s][19752][19893][info ] Application time: 1.0001633 seconds
[2025-11-10T00:48:30.429+0700][1382.223s][19752][19893][info ] Entering safepoint region: Cleanup
[2025-11-10T00:48:30.429+0700][1382.223s][19752][19893][info ] Leaving safepoint region
[2025-11-10T00:48:30.429+0700][1382.223s][19752][19893][info ] Total time for which application threads were stopped: 0.0003077 seconds, Stopping threads took: 0.0000428 seconds
[2025-11-10T00:48:31.430+0700][1383.224s][19752][19893][info ] Application time: 1.0003488 seconds
[2025-11-10T00:48:31.430+0700][1383.224s][19752][19893][info ] Entering safepoint region: Cleanup
[2025-11-10T00:48:31.430+0700][1383.224s][19752][19893][info ] Leaving safepoint region
[2025-11-10T00:48:31.430+0700][1383.224s][19752][19893][info ] Total time for which application threads were stopped: 0.0003378 seconds, Stopping threads took: 0.0000448 seconds
[2025-11-10T00:48:32.430+0700][1384.224s][19752][19893][info ] Application time: 1.0001432 seconds
[2025-11-10T00:48:32.430+0700][1384.225s][19752][19893][info ] Entering safepoint region: Cleanup
[2025-11-10T00:48:32.431+0700][1384.225s][19752][19893][info ] Leaving safepoint region
[2025-11-10T00:48:32.431+0700][1384.225s][19752][19893][info ] Total time for which application threads were stopped: 0.0003647 seconds, Stopping threads took: 0.0000423 seconds
[2025-11-10T00:48:40.432+0700][1392.227s][19752][19893][info ] Application time: 8.0016059 seconds
[2025-11-10T00:48:40.433+0700][1392.227s][19752][19893][info ] Entering safepoint region: Cleanup
[2025-11-10T00:48:40.433+0700][1392.227s][19752][19893][info ] Leaving safepoint region
[2025-11-10T00:48:40.433+0700][1392.227s][19752][19893][info ] Total time for which application threads were stopped: 0.0002696 seconds, Stopping threads took: 0.0000459 seconds
[2025-11-10T00:48:42.433+0700][1394.227s][19752][19893][info ] Application time: 2.0002017 seconds
[2025-11-10T00:48:42.433+0700][1394.227s][19752][19893][info ] Entering safepoint region: Cleanup
[2025-11-10T00:48:42.433+0700][1394.228s][19752][19893][info ] Leaving safepoint region
[2025-11-10T00:48:42.433+0700][1394.228s][19752][19893][info ] Total time for which application threads were stopped: 0.0002834 seconds, Stopping threads took: 0.0000430 seconds
[2025-11-10T00:48:48.435+0700][1400.229s][19752][19893][info ] Application time: 6.0018717 seconds
[2025-11-10T00:48:48.435+0700][1400.230s][19752][19893][info ] Entering safepoint region: Cleanup
[2025-11-10T00:48:48.436+0700][1400.230s][19752][19893][info ] Leaving safepoint region
[2025-11-10T00:48:48.436+0700][1400.230s][19752][19893][info ] Total time for which application threads were stopped: 0.0004172 seconds, Stopping threads took: 0.0000433 seconds
[2025-11-10T00:49:18.444+0700][1430.238s][19752][19893][info ] Application time: 30.0080453 seconds
[2025-11-10T00:49:18.444+0700][1430.238s][19752][19893][info ] Entering safepoint region: Cleanup
[2025-11-10T00:49:18.444+0700][1430.238s][19752][19893][info ] Leaving safepoint region
[2025-11-10T00:49:18.444+0700][1430.238s][19752][19893][info ] Total time for which application threads were stopped: 0.0002271 seconds, Stopping threads took: 0.0000449 seconds
[2025-11-10T00:49:41.451+0700][1453.245s][19752][19893][info ] Application time: 23.0063262 seconds
[2025-11-10T00:49:41.451+0700][1453.245s][19752][19893][info ] Entering safepoint region: Cleanup
[2025-11-10T00:49:41.451+0700][1453.245s][19752][19893][info ] Leaving safepoint region
[2025-11-10T00:49:41.451+0700][1453.245s][19752][19893][info ] Total time for which application threads were stopped: 0.0003761 seconds, Stopping threads took: 0.0000858 seconds
[2025-11-10T00:50:13.460+0700][1485.254s][19752][19893][info ] Application time: 32.0084816 seconds
[2025-11-10T00:50:13.460+0700][1485.254s][19752][19893][info ] Entering safepoint region: Cleanup
[2025-11-10T00:50:13.460+0700][1485.254s][19752][19893][info ] Leaving safepoint region
[2025-11-10T00:50:13.460+0700][1485.254s][19752][19893][info ] Total time for which application threads were stopped: 0.0003722 seconds, Stopping threads took: 0.0000783 seconds
[2025-11-10T00:50:14.460+0700][1486.254s][19752][19893][info ] Application time: 1.0001608 seconds
[2025-11-10T00:50:14.460+0700][1486.254s][19752][19893][info ] Entering safepoint region: Cleanup
[2025-11-10T00:50:14.461+0700][1486.255s][19752][19893][info ] Leaving safepoint region
[2025-11-10T00:50:14.461+0700][1486.255s][19752][19893][info ] Total time for which application threads were stopped: 0.0003278 seconds, Stopping threads took: 0.0000464 seconds
[2025-11-10T00:50:15.461+0700][1487.255s][19752][19893][info ] Application time: 1.0003550 seconds
[2025-11-10T00:50:15.461+0700][1487.255s][19752][19893][info ] Entering safepoint region: Cleanup
[2025-11-10T00:50:15.461+0700][1487.255s][19752][19893][info ] Leaving safepoint region
[2025-11-10T00:50:15.461+0700][1487.256s][19752][19893][info ] Total time for which application threads were stopped: 0.0003317 seconds, Stopping threads took: 0.0000435 seconds
[2025-11-10T00:50:16.462+0700][1488.256s][19752][19893][info ] Application time: 1.0000967 seconds
[2025-11-10T00:50:16.462+0700][1488.256s][19752][19893][info ] Entering safepoint region: Cleanup
[2025-11-10T00:50:16.462+0700][1488.256s][19752][19893][info ] Leaving safepoint region
[2025-11-10T00:50:16.462+0700][1488.256s][19752][19893][info ] Total time for which application threads were stopped: 0.0002989 seconds, Stopping threads took: 0.0000467 seconds
[2025-11-10T00:50:17.462+0700][1489.256s][19752][19893][info ] Application time: 1.0003569 seconds
[2025-11-10T00:50:17.462+0700][1489.257s][19752][19893][info ] Entering safepoint region: Cleanup
[2025-11-10T00:50:17.463+0700][1489.257s][19752][19893][info ] Leaving safepoint region
[2025-11-10T00:50:17.463+0700][1489.257s][19752][19893][info ] Total time for which application threads were stopped: 0.0003362 seconds, Stopping threads took: 0.0000471 seconds
[2025-11-10T00:50:18.463+0700][1490.257s][19752][19893][info ] Application time: 1.0003221 seconds
[2025-11-10T00:50:18.463+0700][1490.257s][19752][19893][info ] Entering safepoint region: Cleanup
[2025-11-10T00:50:18.463+0700][1490.258s][19752][19893][info ] Leaving safepoint region
[2025-11-10T00:50:18.463+0700][1490.258s][19752][19893][info ] Total time for which application threads were stopped: 0.0002981 seconds, Stopping threads took: 0.0000452 seconds
[2025-11-10T00:50:19.464+0700][1491.258s][19752][19893][info ] Application time: 1.0003295 seconds
[2025-11-10T00:50:19.464+0700][1491.258s][19752][19893][info ] Entering safepoint region: Cleanup
[2025-11-10T00:50:19.464+0700][1491.258s][19752][19893][info ] Leaving safepoint region
[2025-11-10T00:50:19.464+0700][1491.258s][19752][19893][info ] Total time for which application threads were stopped: 0.0002799 seconds, Stopping threads took: 0.0000453 seconds
[2025-11-10T00:50:20.465+0700][1492.259s][19752][19893][info ] Application time: 1.0003390 seconds
[2025-11-10T00:50:20.465+0700][1492.259s][19752][19893][info ] Entering safepoint region: Cleanup
[2025-11-10T00:50:20.465+0700][1492.259s][19752][19893][info ] Leaving safepoint region
[2025-11-10T00:50:20.465+0700][1492.259s][19752][19893][info ] Total time for which application threads were stopped: 0.0003125 seconds, Stopping threads took: 0.0000444 seconds
[2025-11-10T00:50:21.465+0700][1493.259s][19752][19893][info ] Application time: 1.0003354 seconds
[2025-11-10T00:50:21.465+0700][1493.260s][19752][19893][info ] Entering safepoint region: Cleanup
[2025-11-10T00:50:21.466+0700][1493.260s][19752][19893][info ] Leaving safepoint region
[2025-11-10T00:50:21.466+0700][1493.260s][19752][19893][info ] Total time for which application threads were stopped: 0.0002929 seconds, Stopping threads took: 0.0000434 seconds
[2025-11-10T00:50:22.466+0700][1494.260s][19752][19893][info ] Application time: 1.0002895 seconds
[2025-11-10T00:50:22.466+0700][1494.260s][19752][19893][info ] Entering safepoint region: Cleanup
[2025-11-10T00:50:22.466+0700][1494.260s][19752][19893][info ] Leaving safepoint region
[2025-11-10T00:50:22.466+0700][1494.260s][19752][19893][info ] Total time for which application threads were stopped: 0.0002276 seconds, Stopping threads took: 0.0000481 seconds
[2025-11-10T00:50:23.467+0700][1495.261s][19752][19893][info ] Application time: 1.0003731 seconds
[2025-11-10T00:50:23.467+0700][1495.261s][19752][19893][info ] Entering safepoint region: Cleanup
[2025-11-10T00:50:23.467+0700][1495.261s][19752][19893][info ] Leaving safepoint region
[2025-11-10T00:50:23.467+0700][1495.261s][19752][19893][info ] Total time for which application threads were stopped: 0.0002791 seconds, Stopping threads took: 0.0000442 seconds
[2025-11-10T00:50:24.467+0700][1496.261s][19752][19893][info ] Application time: 1.0000924 seconds
[2025-11-10T00:50:24.467+0700][1496.261s][19752][19893][info ] Entering safepoint region: Cleanup
[2025-11-10T00:50:24.468+0700][1496.262s][19752][19893][info ] Leaving safepoint region
[2025-11-10T00:50:24.468+0700][1496.262s][19752][19893][info ] Total time for which application threads were stopped: 0.0003295 seconds, Stopping threads took: 0.0000430 seconds
[2025-11-10T00:50:25.468+0700][1497.262s][19752][19893][info ] Application time: 1.0000876 seconds
[2025-11-10T00:50:25.468+0700][1497.262s][19752][19893][info ] Entering safepoint region: Cleanup
[2025-11-10T00:50:25.468+0700][1497.262s][19752][19893][info ] Leaving safepoint region
[2025-11-10T00:50:25.468+0700][1497.262s][19752][19893][info ] Total time for which application threads were stopped: 0.0003259 seconds, Stopping threads took: 0.0000425 seconds
[2025-11-10T00:50:26.469+0700][1498.263s][19752][19893][info ] Application time: 1.0003440 seconds
[2025-11-10T00:50:26.469+0700][1498.263s][19752][19893][info ] Entering safepoint region: Cleanup
[2025-11-10T00:50:26.469+0700][1498.263s][19752][19893][info ] Leaving safepoint region
[2025-11-10T00:50:26.469+0700][1498.263s][19752][19893][info ] Total time for which application threads were stopped: 0.0003405 seconds, Stopping threads took: 0.0000662 seconds
[2025-11-10T00:50:27.469+0700][1499.264s][19752][19893][info ] Application time: 1.0004288 seconds
[2025-11-10T00:50:27.470+0700][1499.264s][19752][19893][info ] Entering safepoint region: Cleanup
[2025-11-10T00:50:27.470+0700][1499.264s][19752][19893][info ] Leaving safepoint region
[2025-11-10T00:50:27.470+0700][1499.264s][19752][19893][info ] Total time for which application threads were stopped: 0.0003667 seconds, Stopping threads took: 0.0000433 seconds
[2025-11-10T00:50:28.470+0700][1500.264s][19752][19893][info ] Application time: 1.0003238 seconds
[2025-11-10T00:50:28.470+0700][1500.264s][19752][19893][info ] Entering safepoint region: Cleanup
[2025-11-10T00:50:28.471+0700][1500.265s][19752][19893][info ] Leaving safepoint region
[2025-11-10T00:50:28.471+0700][1500.265s][19752][19893][info ] Total time for which application threads were stopped: 0.0002671 seconds, Stopping threads took: 0.0000448 seconds
[2025-11-10T00:50:29.471+0700][1501.265s][19752][19893][info ] Application time: 1.0002216 seconds
[2025-11-10T00:50:29.471+0700][1501.265s][19752][19893][info ] Entering safepoint region: Cleanup
[2025-11-10T00:50:29.471+0700][1501.265s][19752][19893][info ] Leaving safepoint region
[2025-11-10T00:50:29.471+0700][1501.265s][19752][19893][info ] Total time for which application threads were stopped: 0.0002287 seconds, Stopping threads took: 0.0000481 seconds
[2025-11-10T00:50:30.471+0700][1502.265s][19752][19893][info ] Application time: 1.0001417 seconds
[2025-11-10T00:50:30.471+0700][1502.266s][19752][19893][info ] Entering safepoint region: Cleanup
[2025-11-10T00:50:30.472+0700][1502.266s][19752][19893][info ] Leaving safepoint region
[2025-11-10T00:50:30.472+0700][1502.266s][19752][19893][info ] Total time for which application threads were stopped: 0.0002836 seconds, Stopping threads took: 0.0000431 seconds
[2025-11-10T00:50:31.472+0700][1503.266s][19752][19893][info ] Application time: 1.0003852 seconds
[2025-11-10T00:50:31.472+0700][1503.266s][19752][19893][info ] Entering safepoint region: Cleanup
[2025-11-10T00:50:31.472+0700][1503.267s][19752][19893][info ] Leaving safepoint region
[2025-11-10T00:50:31.472+0700][1503.267s][19752][19893][info ] Total time for which application threads were stopped: 0.0003088 seconds, Stopping threads took: 0.0000449 seconds
[2025-11-10T00:50:32.473+0700][1504.267s][19752][19893][info ] Application time: 1.0003343 seconds
[2025-11-10T00:50:32.473+0700][1504.267s][19752][19893][info ] Entering safepoint region: Cleanup
[2025-11-10T00:50:32.473+0700][1504.267s][19752][19893][info ] Leaving safepoint region
[2025-11-10T00:50:32.473+0700][1504.267s][19752][19893][info ] Total time for which application threads were stopped: 0.0002938 seconds, Stopping threads took: 0.0000453 seconds
[2025-11-10T00:50:33.474+0700][1505.268s][19752][19893][info ] Application time: 1.0004027 seconds
[2025-11-10T00:50:33.474+0700][1505.268s][19752][19893][info ] Entering safepoint region: Cleanup
[2025-11-10T00:50:33.474+0700][1505.268s][19752][19893][info ] Leaving safepoint region
[2025-11-10T00:50:33.474+0700][1505.268s][19752][19893][info ] Total time for which application threads were stopped: 0.0003229 seconds, Stopping threads took: 0.0000488 seconds
[2025-11-10T00:50:34.474+0700][1506.269s][19752][19893][info ] Application time: 1.0003032 seconds
[2025-11-10T00:50:34.474+0700][1506.269s][19752][19893][info ] Entering safepoint region: Cleanup
[2025-11-10T00:50:34.475+0700][1506.269s][19752][19893][info ] Leaving safepoint region
[2025-11-10T00:50:34.475+0700][1506.269s][19752][19893][info ] Total time for which application threads were stopped: 0.0003437 seconds, Stopping threads took: 0.0000429 seconds
[2025-11-10T00:50:35.475+0700][1507.269s][19752][19893][info ] Application time: 1.0003145 seconds
[2025-11-10T00:50:35.475+0700][1507.269s][19752][19893][info ] Entering safepoint region: Cleanup
[2025-11-10T00:50:35.476+0700][1507.270s][19752][19893][info ] Leaving safepoint region
[2025-11-10T00:50:35.476+0700][1507.270s][19752][19893][info ] Total time for which application threads were stopped: 0.0003825 seconds, Stopping threads took: 0.0000441 seconds
[2025-11-10T00:50:36.476+0700][1508.270s][19752][19893][info ] Application time: 1.0003298 seconds
[2025-11-10T00:50:36.476+0700][1508.270s][19752][19893][info ] Entering safepoint region: Cleanup
[2025-11-10T00:50:36.476+0700][1508.270s][19752][19893][info ] Leaving safepoint region
[2025-11-10T00:50:36.478+0700][1508.272s][19752][19893][info ] Total time for which application threads were stopped: 0.0018636 seconds, Stopping threads took: 0.0000445 seconds
[2025-11-10T00:50:37.478+0700][1509.273s][19752][19893][info ] Application time: 1.0004338 seconds
[2025-11-10T00:50:37.479+0700][1509.273s][19752][19893][info ] Entering safepoint region: Cleanup
[2025-11-10T00:50:37.479+0700][1509.273s][19752][19893][info ] Leaving safepoint region
[2025-11-10T00:50:37.479+0700][1509.273s][19752][19893][info ] Total time for which application threads were stopped: 0.0004003 seconds, Stopping threads took: 0.0000440 seconds
[2025-11-10T00:50:38.479+0700][1510.273s][19752][19893][info ] Application time: 1.0001398 seconds
[2025-11-10T00:50:38.479+0700][1510.273s][19752][19893][info ] Entering safepoint region: Cleanup
[2025-11-10T00:50:38.479+0700][1510.274s][19752][19893][info ] Leaving safepoint region
[2025-11-10T00:50:38.479+0700][1510.274s][19752][19893][info ] Total time for which application threads were stopped: 0.0002901 seconds, Stopping threads took: 0.0000428 seconds
[2025-11-10T00:50:39.480+0700][1511.274s][19752][19893][info ] Application time: 1.0001170 seconds
[2025-11-10T00:50:39.480+0700][1511.274s][19752][19893][info ] Entering safepoint region: Cleanup
[2025-11-10T00:50:39.480+0700][1511.274s][19752][19893][info ] Leaving safepoint region
[2025-11-10T00:50:39.480+0700][1511.274s][19752][19893][info ] Total time for which application threads were stopped: 0.0003369 seconds, Stopping threads took: 0.0000802 seconds
[2025-11-10T00:50:40.480+0700][1512.274s][19752][19893][info ] Application time: 1.0001316 seconds
[2025-11-10T00:50:40.480+0700][1512.274s][19752][19893][info ] Entering safepoint region: Cleanup
[2025-11-10T00:50:40.480+0700][1512.275s][19752][19893][info ] Leaving safepoint region
[2025-11-10T00:50:40.481+0700][1512.275s][19752][19893][info ] Total time for which application threads were stopped: 0.0002519 seconds, Stopping threads took: 0.0000625 seconds
[2025-11-10T00:50:41.481+0700][1513.275s][19752][19893][info ] Application time: 1.0004137 seconds
[2025-11-10T00:50:41.481+0700][1513.275s][19752][19893][info ] Entering safepoint region: Cleanup
[2025-11-10T00:50:41.481+0700][1513.275s][19752][19893][info ] Leaving safepoint region
[2025-11-10T00:50:41.481+0700][1513.275s][19752][19893][info ] Total time for which application threads were stopped: 0.0002579 seconds, Stopping threads took: 0.0000423 seconds
[2025-11-10T00:50:42.482+0700][1514.276s][19752][19893][info ] Application time: 1.0003241 seconds
[2025-11-10T00:50:42.482+0700][1514.276s][19752][19893][info ] Entering safepoint region: Cleanup
[2025-11-10T00:50:42.482+0700][1514.276s][19752][19893][info ] Leaving safepoint region
[2025-11-10T00:50:42.482+0700][1514.276s][19752][19893][info ] Total time for which application threads were stopped: 0.0003109 seconds, Stopping threads took: 0.0000448 seconds
[2025-11-10T00:50:43.482+0700][1515.277s][19752][19893][info ] Application time: 1.0003303 seconds
[2025-11-10T00:50:43.483+0700][1515.277s][19752][19893][info ] Entering safepoint region: Cleanup
[2025-11-10T00:50:43.483+0700][1515.277s][19752][19893][info ] Leaving safepoint region
[2025-11-10T00:50:43.483+0700][1515.277s][19752][19893][info ] Total time for which application threads were stopped: 0.0002849 seconds, Stopping threads took: 0.0000439 seconds
[2025-11-10T00:50:44.483+0700][1516.277s][19752][19893][info ] Application time: 1.0003365 seconds
[2025-11-10T00:50:44.483+0700][1516.277s][19752][19893][info ] Entering safepoint region: Cleanup
[2025-11-10T00:50:44.484+0700][1516.278s][19752][19893][info ] Leaving safepoint region
[2025-11-10T00:50:44.484+0700][1516.278s][19752][19893][info ] Total time for which application threads were stopped: 0.0003351 seconds, Stopping threads took: 0.0000434 seconds
[2025-11-10T00:50:45.484+0700][1517.278s][19752][19893][info ] Application time: 1.0001131 seconds
[2025-11-10T00:50:45.484+0700][1517.278s][19752][19893][info ] Entering safepoint region: Cleanup
[2025-11-10T00:50:45.484+0700][1517.278s][19752][19893][info ] Leaving safepoint region
[2025-11-10T00:50:45.484+0700][1517.278s][19752][19893][info ] Total time for which application threads were stopped: 0.0002352 seconds, Stopping threads took: 0.0000425 seconds
[2025-11-10T00:50:46.484+0700][1518.278s][19752][19893][info ] Application time: 1.0001426 seconds
[2025-11-10T00:50:46.484+0700][1518.278s][19752][19893][info ] Entering safepoint region: Cleanup
[2025-11-10T00:50:46.485+0700][1518.279s][19752][19893][info ] Leaving safepoint region
[2025-11-10T00:50:46.492+0700][1518.286s][19752][19893][info ] Total time for which application threads were stopped: 0.0079068 seconds, Stopping threads took: 0.0000445 seconds
[2025-11-10T00:50:47.493+0700][1519.287s][19752][19893][info ] Application time: 1.0003536 seconds
[2025-11-10T00:50:47.493+0700][1519.287s][19752][19893][info ] Entering safepoint region: Cleanup
[2025-11-10T00:50:47.493+0700][1519.287s][19752][19893][info ] Leaving safepoint region
[2025-11-10T00:50:47.493+0700][1519.287s][19752][19893][info ] Total time for which application threads were stopped: 0.0002957 seconds, Stopping threads took: 0.0000453 seconds
[2025-11-10T00:50:48.493+0700][1520.287s][19752][19893][info ] Application time: 1.0001160 seconds
[2025-11-10T00:50:48.493+0700][1520.287s][19752][19893][info ] Entering safepoint region: Cleanup
[2025-11-10T00:50:48.493+0700][1520.288s][19752][19893][info ] Leaving safepoint region
[2025-11-10T00:50:48.494+0700][1520.288s][19752][19893][info ] Total time for which application threads were stopped: 0.0002739 seconds, Stopping threads took: 0.0000465 seconds
[2025-11-10T00:50:49.494+0700][1521.288s][19752][19893][info ] Application time: 1.0001304 seconds
[2025-11-10T00:50:49.494+0700][1521.288s][19752][19893][info ] Entering safepoint region: Cleanup
[2025-11-10T00:50:49.494+0700][1521.288s][19752][19893][info ] Leaving safepoint region
[2025-11-10T00:50:49.494+0700][1521.288s][19752][19893][info ] Total time for which application threads were stopped: 0.0002819 seconds, Stopping threads took: 0.0000614 seconds
[2025-11-10T00:50:50.495+0700][1522.289s][19752][19893][info ] Application time: 1.0003991 seconds
[2025-11-10T00:50:50.495+0700][1522.289s][19752][19893][info ] Entering safepoint region: Cleanup
[2025-11-10T00:50:50.495+0700][1522.289s][19752][19893][info ] Leaving safepoint region
[2025-11-10T00:50:50.495+0700][1522.289s][19752][19893][info ] Total time for which application threads were stopped: 0.0002648 seconds, Stopping threads took: 0.0000464 seconds
[2025-11-10T00:50:51.495+0700][1523.289s][19752][19893][info ] Application time: 1.0003182 seconds
[2025-11-10T00:50:51.495+0700][1523.289s][19752][19893][info ] Entering safepoint region: Cleanup
[2025-11-10T00:50:51.496+0700][1523.290s][19752][19893][info ] Leaving safepoint region
[2025-11-10T00:50:51.496+0700][1523.290s][19752][19893][info ] Total time for which application threads were stopped: 0.0003086 seconds, Stopping threads took: 0.0000476 seconds
[2025-11-10T00:50:52.496+0700][1524.290s][19752][19893][info ] Application time: 1.0003281 seconds
[2025-11-10T00:50:52.496+0700][1524.290s][19752][19893][info ] Entering safepoint region: Cleanup
[2025-11-10T00:50:52.496+0700][1524.290s][19752][19893][info ] Leaving safepoint region
[2025-11-10T00:50:52.496+0700][1524.290s][19752][19893][info ] Total time for which application threads were stopped: 0.0003204 seconds, Stopping threads took: 0.0000468 seconds
[2025-11-10T00:50:53.497+0700][1525.291s][19752][19893][info ] Application time: 1.0003184 seconds
[2025-11-10T00:50:53.497+0700][1525.291s][19752][19893][info ] Entering safepoint region: Cleanup
[2025-11-10T00:50:53.497+0700][1525.291s][19752][19893][info ] Leaving safepoint region
[2025-11-10T00:50:53.497+0700][1525.291s][19752][19893][info ] Total time for which application threads were stopped: 0.0002991 seconds, Stopping threads took: 0.0000439 seconds
[2025-11-10T00:50:54.497+0700][1526.292s][19752][19893][info ] Application time: 1.0003158 seconds
[2025-11-10T00:50:54.498+0700][1526.292s][19752][19893][info ] Entering safepoint region: Cleanup
[2025-11-10T00:50:54.498+0700][1526.292s][19752][19893][info ] Leaving safepoint region
[2025-11-10T00:50:54.498+0700][1526.292s][19752][19893][info ] Total time for which application threads were stopped: 0.0003499 seconds, Stopping threads took: 0.0000427 seconds
[2025-11-10T00:50:55.498+0700][1527.292s][19752][19893][info ] Application time: 1.0003406 seconds
[2025-11-10T00:50:55.498+0700][1527.292s][19752][19893][info ] Entering safepoint region: Cleanup
[2025-11-10T00:50:55.499+0700][1527.293s][19752][19893][info ] Leaving safepoint region
[2025-11-10T00:50:55.499+0700][1527.293s][19752][19893][info ] Total time for which application threads were stopped: 0.0002490 seconds, Stopping threads took: 0.0000439 seconds
[2025-11-10T00:50:56.499+0700][1528.293s][19752][19893][info ] Application time: 1.0004640 seconds
[2025-11-10T00:50:56.499+0700][1528.293s][19752][19893][info ] Entering safepoint region: Cleanup
[2025-11-10T00:50:56.499+0700][1528.294s][19752][19893][info ] Leaving safepoint region
[2025-11-10T00:50:56.499+0700][1528.294s][19752][19893][info ] Total time for which application threads were stopped: 0.0002997 seconds, Stopping threads took: 0.0000464 seconds
[2025-11-10T00:50:57.500+0700][1529.294s][19752][19893][info ] Application time: 1.0001424 seconds
[2025-11-10T00:50:57.500+0700][1529.294s][19752][19893][info ] Entering safepoint region: Cleanup
[2025-11-10T00:50:57.500+0700][1529.294s][19752][19893][info ] Leaving safepoint region
[2025-11-10T00:50:57.500+0700][1529.294s][19752][19893][info ] Total time for which application threads were stopped: 0.0003015 seconds, Stopping threads took: 0.0000425 seconds
[2025-11-10T00:50:58.500+0700][1530.295s][19752][19893][info ] Application time: 1.0003245 seconds
[2025-11-10T00:50:58.501+0700][1530.295s][19752][19893][info ] Entering safepoint region: Cleanup
[2025-11-10T00:50:58.501+0700][1530.295s][19752][19893][info ] Leaving safepoint region
[2025-11-10T00:50:58.508+0700][1530.303s][19752][19893][info ] Total time for which application threads were stopped: 0.0078946 seconds, Stopping threads took: 0.0000433 seconds
[2025-11-10T00:50:59.509+0700][1531.303s][19752][19893][info ] Application time: 1.0001431 seconds
[2025-11-10T00:50:59.509+0700][1531.303s][19752][19893][info ] Entering safepoint region: Cleanup
[2025-11-10T00:50:59.509+0700][1531.303s][19752][19893][info ] Leaving safepoint region
[2025-11-10T00:50:59.509+0700][1531.303s][19752][19893][info ] Total time for which application threads were stopped: 0.0002961 seconds, Stopping threads took: 0.0000748 seconds
[2025-11-10T00:51:00.509+0700][1532.303s][19752][19893][info ] Application time: 1.0003747 seconds
[2025-11-10T00:51:00.509+0700][1532.304s][19752][19893][info ] Entering safepoint region: Cleanup
[2025-11-10T00:51:00.510+0700][1532.304s][19752][19893][info ] Leaving safepoint region
[2025-11-10T00:51:00.510+0700][1532.304s][19752][19893][info ] Total time for which application threads were stopped: 0.0002318 seconds, Stopping threads took: 0.0000443 seconds
[2025-11-10T00:51:01.510+0700][1533.304s][19752][19893][info ] Application time: 1.0003336 seconds
[2025-11-10T00:51:01.510+0700][1533.304s][19752][19893][info ] Entering safepoint region: Cleanup
[2025-11-10T00:51:01.510+0700][1533.305s][19752][19893][info ] Leaving safepoint region
[2025-11-10T00:51:01.510+0700][1533.305s][19752][19893][info ] Total time for which application threads were stopped: 0.0002936 seconds, Stopping threads took: 0.0000431 seconds
[2025-11-10T00:51:02.511+0700][1534.305s][19752][19893][info ] Application time: 1.0003343 seconds
[2025-11-10T00:51:02.511+0700][1534.305s][19752][19893][info ] Entering safepoint region: Cleanup
[2025-11-10T00:51:02.511+0700][1534.305s][19752][19893][info ] Leaving safepoint region
[2025-11-10T00:51:02.511+0700][1534.305s][19752][19893][info ] Total time for which application threads were stopped: 0.0003413 seconds, Stopping threads took: 0.0000453 seconds
[2025-11-10T00:51:09.513+0700][1541.307s][19752][19893][info ] Application time: 7.0019517 seconds
[2025-11-10T00:51:09.513+0700][1541.307s][19752][19893][info ] Entering safepoint region: Cleanup
[2025-11-10T00:51:09.514+0700][1541.308s][19752][19893][info ] Leaving safepoint region
[2025-11-10T00:51:09.514+0700][1541.308s][19752][19893][info ] Total time for which application threads were stopped: 0.0002907 seconds, Stopping threads took: 0.0000430 seconds
[2025-11-10T00:51:18.516+0700][1550.310s][19752][19893][info ] Application time: 9.0022191 seconds
[2025-11-10T00:51:18.516+0700][1550.310s][19752][19893][info ] Entering safepoint region: Cleanup
[2025-11-10T00:51:18.516+0700][1550.310s][19752][19893][info ] Leaving safepoint region
[2025-11-10T00:51:18.516+0700][1550.310s][19752][19893][info ] Total time for which application threads were stopped: 0.0002764 seconds, Stopping threads took: 0.0000439 seconds
[2025-11-10T00:51:31.519+0700][1563.313s][19752][19893][info ] Application time: 13.0031101 seconds
[2025-11-10T00:51:31.519+0700][1563.314s][19752][19893][info ] Entering safepoint region: Cleanup
[2025-11-10T00:51:31.520+0700][1563.314s][19752][19893][info ] Leaving safepoint region
[2025-11-10T00:51:31.520+0700][1563.314s][19752][19893][info ] Total time for which application threads were stopped: 0.0002995 seconds, Stopping threads took: 0.0000467 seconds
[2025-11-10T00:51:41.522+0700][1573.316s][19752][19893][info ] Application time: 10.0021279 seconds
[2025-11-10T00:51:41.522+0700][1573.316s][19752][19893][info ] Entering safepoint region: Cleanup
[2025-11-10T00:51:41.522+0700][1573.316s][19752][19893][info ] Leaving safepoint region
[2025-11-10T00:51:41.522+0700][1573.316s][19752][19893][info ] Total time for which application threads were stopped: 0.0003004 seconds, Stopping threads took: 0.0000631 seconds
[2025-11-10T00:52:01.527+0700][1593.321s][19752][19893][info ] Application time: 20.0044860 seconds
[2025-11-10T00:52:01.527+0700][1593.321s][19752][19893][info ] Entering safepoint region: Cleanup
[2025-11-10T00:52:01.527+0700][1593.321s][19752][19893][info ] Leaving safepoint region
[2025-11-10T00:52:01.527+0700][1593.321s][19752][19893][info ] Total time for which application threads were stopped: 0.0002976 seconds, Stopping threads took: 0.0000464 seconds
[2025-11-10T00:52:09.529+0700][1601.323s][19752][19893][info ] Application time: 8.0020935 seconds
[2025-11-10T00:52:09.529+0700][1601.324s][19752][19893][info ] Entering safepoint region: Cleanup
[2025-11-10T00:52:09.530+0700][1601.324s][19752][19893][info ] Leaving safepoint region
[2025-11-10T00:52:09.530+0700][1601.324s][19752][19893][info ] Total time for which application threads were stopped: 0.0003420 seconds, Stopping threads took: 0.0000465 seconds
[2025-11-10T00:52:18.533+0700][1610.327s][19752][19893][info ] Application time: 9.0028252 seconds
[2025-11-10T00:52:18.533+0700][1610.327s][19752][19893][info ] Entering safepoint region: Cleanup
[2025-11-10T00:52:18.533+0700][1610.327s][19752][19893][info ] Leaving safepoint region
[2025-11-10T00:52:18.533+0700][1610.327s][19752][19893][info ] Total time for which application threads were stopped: 0.0002625 seconds, Stopping threads took: 0.0000474 seconds
[2025-11-10T00:52:34.537+0700][1626.331s][19752][19893][info ] Application time: 16.0042747 seconds
[2025-11-10T00:52:34.537+0700][1626.332s][19752][19893][info ] Entering safepoint region: Cleanup
[2025-11-10T00:52:34.538+0700][1626.332s][19752][19893][info ] Leaving safepoint region
[2025-11-10T00:52:34.538+0700][1626.332s][19752][19893][info ] Total time for which application threads were stopped: 0.0003966 seconds, Stopping threads took: 0.0000465 seconds
[2025-11-10T00:52:41.540+0700][1633.334s][19752][19893][info ] Application time: 7.0017402 seconds
[2025-11-10T00:52:41.540+0700][1633.334s][19752][19893][info ] Entering safepoint region: Cleanup
[2025-11-10T00:52:41.540+0700][1633.334s][19752][19893][info ] Leaving safepoint region
[2025-11-10T00:52:41.540+0700][1633.334s][19752][19893][info ] Total time for which application threads were stopped: 0.0003215 seconds, Stopping threads took: 0.0000810 seconds
[2025-11-10T00:52:43.541+0700][1635.335s][19752][19893][info ] Application time: 2.0006473 seconds
[2025-11-10T00:52:43.541+0700][1635.335s][19752][19893][info ] Entering safepoint region: Cleanup
[2025-11-10T00:52:43.541+0700][1635.335s][19752][19893][info ] Leaving safepoint region
[2025-11-10T00:52:43.541+0700][1635.335s][19752][19893][info ] Total time for which application threads were stopped: 0.0003054 seconds, Stopping threads took: 0.0000474 seconds
[2025-11-10T00:52:44.541+0700][1636.336s][19752][19893][info ] Application time: 1.0003412 seconds
[2025-11-10T00:52:44.542+0700][1636.336s][19752][19893][info ] Entering safepoint region: Cleanup
[2025-11-10T00:52:44.542+0700][1636.336s][19752][19893][info ] Leaving safepoint region
[2025-11-10T00:52:44.542+0700][1636.336s][19752][19893][info ] Total time for which application threads were stopped: 0.0003112 seconds, Stopping threads took: 0.0000473 seconds
[2025-11-10T00:52:45.542+0700][1637.336s][19752][19893][info ] Application time: 1.0003306 seconds
[2025-11-10T00:52:45.542+0700][1637.336s][19752][19893][info ] Entering safepoint region: Cleanup
[2025-11-10T00:52:45.543+0700][1637.337s][19752][19893][info ] Leaving safepoint region
[2025-11-10T00:52:45.543+0700][1637.337s][19752][19893][info ] Total time for which application threads were stopped: 0.0002669 seconds, Stopping threads took: 0.0000467 seconds
[2025-11-10T00:52:46.543+0700][1638.337s][19752][19893][info ] Application time: 1.0001637 seconds
[2025-11-10T00:52:46.543+0700][1638.337s][19752][19893][info ] Entering safepoint region: Cleanup
[2025-11-10T00:52:46.543+0700][1638.337s][19752][19893][info ] Leaving safepoint region
[2025-11-10T00:52:46.543+0700][1638.337s][19752][19893][info ] Total time for which application threads were stopped: 0.0002466 seconds, Stopping threads took: 0.0000457 seconds
[2025-11-10T00:52:47.543+0700][1639.337s][19752][19893][info ] Application time: 1.0001689 seconds
[2025-11-10T00:52:47.543+0700][1639.338s][19752][19893][info ] Entering safepoint region: Cleanup
[2025-11-10T00:52:47.544+0700][1639.338s][19752][19893][info ] Leaving safepoint region
[2025-11-10T00:52:47.544+0700][1639.338s][19752][19893][info ] Total time for which application threads were stopped: 0.0003319 seconds, Stopping threads took: 0.0000469 seconds
[2025-11-10T00:52:48.544+0700][1640.338s][19752][19893][info ] Application time: 1.0003389 seconds
[2025-11-10T00:52:48.544+0700][1640.338s][19752][19893][info ] Entering safepoint region: Cleanup
[2025-11-10T00:52:48.544+0700][1640.339s][19752][19893][info ] Leaving safepoint region
[2025-11-10T00:52:48.545+0700][1640.339s][19752][19893][info ] Total time for which application threads were stopped: 0.0003319 seconds, Stopping threads took: 0.0000466 seconds
[2025-11-10T00:52:49.545+0700][1641.339s][19752][19893][info ] Application time: 1.0003342 seconds
[2025-11-10T00:52:49.545+0700][1641.339s][19752][19893][info ] Entering safepoint region: Cleanup
[2025-11-10T00:52:49.545+0700][1641.339s][19752][19893][info ] Leaving safepoint region
[2025-11-10T00:52:49.545+0700][1641.339s][19752][19893][info ] Total time for which application threads were stopped: 0.0003036 seconds, Stopping threads took: 0.0000469 seconds
[2025-11-10T00:52:50.546+0700][1642.340s][19752][19893][info ] Application time: 1.0003282 seconds
[2025-11-10T00:52:50.546+0700][1642.340s][19752][19893][info ] Entering safepoint region: Cleanup
[2025-11-10T00:52:50.546+0700][1642.340s][19752][19893][info ] Leaving safepoint region
[2025-11-10T00:52:50.546+0700][1642.340s][19752][19893][info ] Total time for which application threads were stopped: 0.0003197 seconds, Stopping threads took: 0.0000724 seconds
[2025-11-10T00:52:51.546+0700][1643.340s][19752][19893][info ] Application time: 1.0001544 seconds
[2025-11-10T00:52:51.546+0700][1643.340s][19752][19893][info ] Entering safepoint region: Cleanup
[2025-11-10T00:52:51.547+0700][1643.341s][19752][19893][info ] Leaving safepoint region
[2025-11-10T00:52:51.547+0700][1643.341s][19752][19893][info ] Total time for which application threads were stopped: 0.0002086 seconds, Stopping threads took: 0.0000428 seconds
[2025-11-10T00:52:52.547+0700][1644.341s][19752][19893][info ] Application time: 1.0003406 seconds
[2025-11-10T00:52:52.547+0700][1644.341s][19752][19893][info ] Entering safepoint region: Cleanup
[2025-11-10T00:52:52.547+0700][1644.341s][19752][19893][info ] Leaving safepoint region
[2025-11-10T00:52:52.547+0700][1644.341s][19752][19893][info ] Total time for which application threads were stopped: 0.0002780 seconds, Stopping threads took: 0.0000442 seconds
[2025-11-10T00:52:53.548+0700][1645.342s][19752][19893][info ] Application time: 1.0003534 seconds
[2025-11-10T00:52:53.548+0700][1645.342s][19752][19893][info ] Entering safepoint region: Cleanup
[2025-11-10T00:52:53.548+0700][1645.342s][19752][19893][info ] Leaving safepoint region
[2025-11-10T00:52:53.548+0700][1645.342s][19752][19893][info ] Total time for which application threads were stopped: 0.0002905 seconds, Stopping threads took: 0.0000433 seconds
[2025-11-10T00:52:54.548+0700][1646.343s][19752][19893][info ] Application time: 1.0003975 seconds
[2025-11-10T00:52:54.549+0700][1646.343s][19752][19893][info ] Entering safepoint region: Cleanup
[2025-11-10T00:52:54.549+0700][1646.343s][19752][19893][info ] Leaving safepoint region
[2025-11-10T00:52:54.549+0700][1646.343s][19752][19893][info ] Total time for which application threads were stopped: 0.0003436 seconds, Stopping threads took: 0.0000445 seconds
[2025-11-10T00:52:55.549+0700][1647.343s][19752][19893][info ] Application time: 1.0003463 seconds
[2025-11-10T00:52:55.549+0700][1647.343s][19752][19893][info ] Entering safepoint region: Cleanup
[2025-11-10T00:52:55.550+0700][1647.344s][19752][19893][info ] Leaving safepoint region
[2025-11-10T00:52:55.550+0700][1647.344s][19752][19893][info ] Total time for which application threads were stopped: 0.0002896 seconds, Stopping threads took: 0.0000435 seconds
[2025-11-10T00:52:56.550+0700][1648.344s][19752][19893][info ] Application time: 1.0004465 seconds
[2025-11-10T00:52:56.550+0700][1648.344s][19752][19893][info ] Entering safepoint region: Cleanup
[2025-11-10T00:52:56.550+0700][1648.345s][19752][19893][info ] Leaving safepoint region
[2025-11-10T00:52:56.551+0700][1648.345s][19752][19893][info ] Total time for which application threads were stopped: 0.0003189 seconds, Stopping threads took: 0.0000439 seconds
[2025-11-10T00:52:57.551+0700][1649.345s][19752][19893][info ] Application time: 1.0001673 seconds
[2025-11-10T00:52:57.551+0700][1649.345s][19752][19893][info ] Entering safepoint region: Cleanup
[2025-11-10T00:52:57.551+0700][1649.345s][19752][19893][info ] Leaving safepoint region
[2025-11-10T00:52:57.551+0700][1649.345s][19752][19893][info ] Total time for which application threads were stopped: 0.0002729 seconds, Stopping threads took: 0.0000434 seconds
[2025-11-10T00:52:58.551+0700][1650.346s][19752][19893][info ] Application time: 1.0003138 seconds
[2025-11-10T00:52:58.552+0700][1650.346s][19752][19893][info ] Entering safepoint region: Cleanup
[2025-11-10T00:52:58.552+0700][1650.346s][19752][19893][info ] Leaving safepoint region
[2025-11-10T00:52:58.559+0700][1650.353s][19752][19893][info ] Total time for which application threads were stopped: 0.0077001 seconds, Stopping threads took: 0.0000577 seconds
[2025-11-10T00:52:59.559+0700][1651.354s][19752][19893][info ] Application time: 1.0001366 seconds
[2025-11-10T00:52:59.560+0700][1651.354s][19752][19893][info ] Entering safepoint region: Cleanup
[2025-11-10T00:52:59.560+0700][1651.354s][19752][19893][info ] Leaving safepoint region
[2025-11-10T00:52:59.560+0700][1651.354s][19752][19893][info ] Total time for which application threads were stopped: 0.0003169 seconds, Stopping threads took: 0.0000632 seconds
[2025-11-10T00:53:00.560+0700][1652.354s][19752][19893][info ] Application time: 1.0002227 seconds
[2025-11-10T00:53:00.560+0700][1652.354s][19752][19893][info ] Entering safepoint region: Cleanup
[2025-11-10T00:53:00.560+0700][1652.355s][19752][19893][info ] Leaving safepoint region
[2025-11-10T00:53:00.560+0700][1652.355s][19752][19893][info ] Total time for which application threads were stopped: 0.0003000 seconds, Stopping threads took: 0.0000505 seconds
[2025-11-10T00:53:01.561+0700][1653.355s][19752][19893][info ] Application time: 1.0001586 seconds
[2025-11-10T00:53:01.561+0700][1653.355s][19752][19893][info ] Entering safepoint region: Cleanup
[2025-11-10T00:53:01.561+0700][1653.355s][19752][19893][info ] Leaving safepoint region
[2025-11-10T00:53:01.561+0700][1653.355s][19752][19893][info ] Total time for which application threads were stopped: 0.0003149 seconds, Stopping threads took: 0.0000485 seconds
[2025-11-10T00:53:02.561+0700][1654.356s][19752][19893][info ] Application time: 1.0003159 seconds
[2025-11-10T00:53:02.562+0700][1654.356s][19752][19893][info ] Entering safepoint region: Cleanup
[2025-11-10T00:53:02.562+0700][1654.356s][19752][19893][info ] Leaving safepoint region
[2025-11-10T00:53:02.562+0700][1654.356s][19752][19893][info ] Total time for which application threads were stopped: 0.0003818 seconds, Stopping threads took: 0.0000439 seconds
[2025-11-10T00:53:03.562+0700][1655.356s][19752][19893][info ] Application time: 1.0002331 seconds
[2025-11-10T00:53:03.562+0700][1655.356s][19752][19893][info ] Entering safepoint region: Cleanup
[2025-11-10T00:53:03.563+0700][1655.357s][19752][19893][info ] Leaving safepoint region
[2025-11-10T00:53:03.563+0700][1655.357s][19752][19893][info ] Total time for which application threads were stopped: 0.0003103 seconds, Stopping threads took: 0.0000483 seconds
[2025-11-10T00:53:04.563+0700][1656.357s][19752][19893][info ] Application time: 1.0003391 seconds
[2025-11-10T00:53:04.563+0700][1656.357s][19752][19893][info ] Entering safepoint region: Cleanup
[2025-11-10T00:53:04.563+0700][1656.357s][19752][19893][info ] Leaving safepoint region
[2025-11-10T00:53:04.563+0700][1656.357s][19752][19893][info ] Total time for which application threads were stopped: 0.0003737 seconds, Stopping threads took: 0.0000469 seconds
[2025-11-10T00:53:05.564+0700][1657.358s][19752][19893][info ] Application time: 1.0003468 seconds
[2025-11-10T00:53:05.564+0700][1657.358s][19752][19893][info ] Entering safepoint region: Cleanup
[2025-11-10T00:53:05.564+0700][1657.358s][19752][19893][info ] Leaving safepoint region
[2025-11-10T00:53:05.564+0700][1657.358s][19752][19893][info ] Total time for which application threads were stopped: 0.0002789 seconds, Stopping threads took: 0.0000451 seconds
[2025-11-10T00:53:06.564+0700][1658.359s][19752][19893][info ] Application time: 1.0003147 seconds
[2025-11-10T00:53:06.565+0700][1658.359s][19752][19893][info ] Entering safepoint region: Cleanup
[2025-11-10T00:53:06.565+0700][1658.359s][19752][19893][info ] Leaving safepoint region
[2025-11-10T00:53:06.572+0700][1658.367s][19752][19893][info ] Total time for which application threads were stopped: 0.0078667 seconds, Stopping threads took: 0.0000453 seconds
[2025-11-10T00:53:07.573+0700][1659.367s][19752][19893][info ] Application time: 1.0001463 seconds
[2025-11-10T00:53:07.573+0700][1659.367s][19752][19893][info ] Entering safepoint region: Cleanup
[2025-11-10T00:53:07.573+0700][1659.367s][19752][19893][info ] Leaving safepoint region
[2025-11-10T00:53:07.573+0700][1659.367s][19752][19893][info ] Total time for which application threads were stopped: 0.0003260 seconds, Stopping threads took: 0.0000763 seconds
[2025-11-10T00:53:08.573+0700][1660.367s][19752][19893][info ] Application time: 1.0002109 seconds
[2025-11-10T00:53:08.573+0700][1660.367s][19752][19893][info ] Entering safepoint region: Cleanup
[2025-11-10T00:53:08.574+0700][1660.368s][19752][19893][info ] Leaving safepoint region
[2025-11-10T00:53:08.574+0700][1660.368s][19752][19893][info ] Total time for which application threads were stopped: 0.0003348 seconds, Stopping threads took: 0.0000439 seconds
[2025-11-10T00:53:09.574+0700][1661.368s][19752][19893][info ] Application time: 1.0001033 seconds
[2025-11-10T00:53:09.574+0700][1661.368s][19752][19893][info ] Entering safepoint region: Cleanup
[2025-11-10T00:53:09.574+0700][1661.368s][19752][19893][info ] Leaving safepoint region
[2025-11-10T00:53:09.574+0700][1661.368s][19752][19893][info ] Total time for which application threads were stopped: 0.0002309 seconds, Stopping threads took: 0.0000433 seconds
[2025-11-10T00:53:10.575+0700][1662.369s][19752][19893][info ] Application time: 1.0004003 seconds
[2025-11-10T00:53:10.575+0700][1662.369s][19752][19893][info ] Entering safepoint region: Cleanup
[2025-11-10T00:53:10.575+0700][1662.369s][19752][19893][info ] Leaving safepoint region
[2025-11-10T00:53:10.575+0700][1662.369s][19752][19893][info ] Total time for which application threads were stopped: 0.0002729 seconds, Stopping threads took: 0.0000852 seconds
[2025-11-10T00:53:11.575+0700][1663.369s][19752][19893][info ] Application time: 1.0002602 seconds
[2025-11-10T00:53:11.575+0700][1663.369s][19752][19893][info ] Entering safepoint region: Cleanup
[2025-11-10T00:53:11.576+0700][1663.370s][19752][19893][info ] Leaving safepoint region
[2025-11-10T00:53:11.576+0700][1663.370s][19752][19893][info ] Total time for which application threads were stopped: 0.0003145 seconds, Stopping threads took: 0.0000433 seconds
[2025-11-10T00:53:12.576+0700][1664.370s][19752][19893][info ] Application time: 1.0001048 seconds
[2025-11-10T00:53:12.576+0700][1664.370s][19752][19893][info ] Entering safepoint region: Cleanup
[2025-11-10T00:53:12.576+0700][1664.370s][19752][19893][info ] Leaving safepoint region
[2025-11-10T00:53:12.576+0700][1664.370s][19752][19893][info ] Total time for which application threads were stopped: 0.0003443 seconds, Stopping threads took: 0.0000432 seconds
[2025-11-10T00:53:13.577+0700][1665.371s][19752][19893][info ] Application time: 1.0003389 seconds
[2025-11-10T00:53:13.577+0700][1665.371s][19752][19893][info ] Entering safepoint region: Cleanup
[2025-11-10T00:53:13.577+0700][1665.371s][19752][19893][info ] Leaving safepoint region
[2025-11-10T00:53:13.577+0700][1665.371s][19752][19893][info ] Total time for which application threads were stopped: 0.0004240 seconds, Stopping threads took: 0.0001305 seconds
[2025-11-10T00:53:14.577+0700][1666.372s][19752][19893][info ] Application time: 1.0003399 seconds
[2025-11-10T00:53:14.578+0700][1666.372s][19752][19893][info ] Entering safepoint region: Cleanup
[2025-11-10T00:53:14.578+0700][1666.372s][19752][19893][info ] Leaving safepoint region
[2025-11-10T00:53:14.578+0700][1666.372s][19752][19893][info ] Total time for which application threads were stopped: 0.0003804 seconds, Stopping threads took: 0.0000444 seconds
[2025-11-10T00:53:15.578+0700][1667.372s][19752][19893][info ] Application time: 1.0001529 seconds
[2025-11-10T00:53:15.578+0700][1667.372s][19752][19893][info ] Entering safepoint region: Cleanup
[2025-11-10T00:53:15.578+0700][1667.373s][19752][19893][info ] Leaving safepoint region
[2025-11-10T00:53:15.578+0700][1667.373s][19752][19893][info ] Total time for which application threads were stopped: 0.0003308 seconds, Stopping threads took: 0.0000423 seconds
[2025-11-10T00:53:16.579+0700][1668.373s][19752][19893][info ] Application time: 1.0003294 seconds
[2025-11-10T00:53:16.579+0700][1668.373s][19752][19893][info ] Entering safepoint region: Cleanup
[2025-11-10T00:53:16.579+0700][1668.373s][19752][19893][info ] Leaving safepoint region
[2025-11-10T00:53:16.579+0700][1668.373s][19752][19893][info ] Total time for which application threads were stopped: 0.0002996 seconds, Stopping threads took: 0.0000594 seconds
[2025-11-10T00:53:17.579+0700][1669.374s][19752][19893][info ] Application time: 1.0001639 seconds
[2025-11-10T00:53:17.580+0700][1669.374s][19752][19893][info ] Entering safepoint region: Cleanup
[2025-11-10T00:53:17.580+0700][1669.374s][19752][19893][info ] Leaving safepoint region
[2025-11-10T00:53:17.580+0700][1669.374s][19752][19893][info ] Total time for which application threads were stopped: 0.0003056 seconds, Stopping threads took: 0.0000423 seconds
[2025-11-10T00:53:18.580+0700][1670.374s][19752][19893][info ] Application time: 1.0003434 seconds
[2025-11-10T00:53:18.580+0700][1670.374s][19752][19893][info ] Entering safepoint region: Cleanup
[2025-11-10T00:53:18.581+0700][1670.375s][19752][19893][info ] Leaving safepoint region
[2025-11-10T00:53:18.581+0700][1670.375s][19752][19893][info ] Total time for which application threads were stopped: 0.0003689 seconds, Stopping threads took: 0.0000440 seconds
[2025-11-10T00:53:19.581+0700][1671.375s][19752][19893][info ] Application time: 1.0003241 seconds
[2025-11-10T00:53:19.581+0700][1671.375s][19752][19893][info ] Entering safepoint region: Cleanup
[2025-11-10T00:53:19.581+0700][1671.375s][19752][19893][info ] Leaving safepoint region
[2025-11-10T00:53:19.581+0700][1671.376s][19752][19893][info ] Total time for which application threads were stopped: 0.0003218 seconds, Stopping threads took: 0.0000430 seconds
[2025-11-10T00:53:20.582+0700][1672.376s][19752][19893][info ] Application time: 1.0003375 seconds
[2025-11-10T00:53:20.582+0700][1672.376s][19752][19893][info ] Entering safepoint region: Cleanup
[2025-11-10T00:53:20.582+0700][1672.376s][19752][19893][info ] Leaving safepoint region
[2025-11-10T00:53:20.582+0700][1672.376s][19752][19893][info ] Total time for which application threads were stopped: 0.0003280 seconds, Stopping threads took: 0.0000432 seconds
[2025-11-10T00:53:21.582+0700][1673.376s][19752][19893][info ] Application time: 1.0000950 seconds
[2025-11-10T00:53:21.582+0700][1673.377s][19752][19893][info ] Entering safepoint region: Cleanup
[2025-11-10T00:53:21.583+0700][1673.377s][19752][19893][info ] Leaving safepoint region
[2025-11-10T00:53:21.583+0700][1673.377s][19752][19893][info ] Total time for which application threads were stopped: 0.0002802 seconds, Stopping threads took: 0.0000452 seconds
[2025-11-10T00:53:22.583+0700][1674.377s][19752][19893][info ] Application time: 1.0001177 seconds
[2025-11-10T00:53:22.583+0700][1674.377s][19752][19893][info ] Entering safepoint region: Cleanup
[2025-11-10T00:53:22.583+0700][1674.377s][19752][19893][info ] Leaving safepoint region
[2025-11-10T00:53:22.583+0700][1674.377s][19752][19893][info ] Total time for which application threads were stopped: 0.0002558 seconds, Stopping threads took: 0.0000458 seconds
[2025-11-10T00:53:23.583+0700][1675.377s][19752][19893][info ] Application time: 1.0001635 seconds
[2025-11-10T00:53:23.583+0700][1675.378s][19752][19893][info ] Entering safepoint region: Cleanup
[2025-11-10T00:53:23.584+0700][1675.378s][19752][19893][info ] Leaving safepoint region
[2025-11-10T00:53:23.584+0700][1675.378s][19752][19893][info ] Total time for which application threads were stopped: 0.0003628 seconds, Stopping threads took: 0.0000439 seconds
[2025-11-10T00:53:24.584+0700][1676.378s][19752][19893][info ] Application time: 1.0003351 seconds
[2025-11-10T00:53:24.584+0700][1676.378s][19752][19893][info ] Entering safepoint region: Cleanup
[2025-11-10T00:53:24.584+0700][1676.379s][19752][19893][info ] Leaving safepoint region
[2025-11-10T00:53:24.585+0700][1676.379s][19752][19893][info ] Total time for which application threads were stopped: 0.0003349 seconds, Stopping threads took: 0.0000439 seconds
[2025-11-10T00:53:25.585+0700][1677.379s][19752][19893][info ] Application time: 1.0003294 seconds
[2025-11-10T00:53:25.585+0700][1677.379s][19752][19893][info ] Entering safepoint region: Cleanup
[2025-11-10T00:53:25.585+0700][1677.379s][19752][19893][info ] Leaving safepoint region
[2025-11-10T00:53:25.585+0700][1677.379s][19752][19893][info ] Total time for which application threads were stopped: 0.0003231 seconds, Stopping threads took: 0.0000437 seconds
[2025-11-10T00:53:26.586+0700][1678.380s][19752][19893][info ] Application time: 1.0003654 seconds
[2025-11-10T00:53:26.586+0700][1678.380s][19752][19893][info ] Entering safepoint region: Cleanup
[2025-11-10T00:53:26.586+0700][1678.380s][19752][19893][info ] Leaving safepoint region
[2025-11-10T00:53:26.594+0700][1678.388s][19752][19893][info ] Total time for which application threads were stopped: 0.0077684 seconds, Stopping threads took: 0.0000581 seconds
[2025-11-10T00:53:27.594+0700][1679.388s][19752][19893][info ] Application time: 1.0001727 seconds
[2025-11-10T00:53:27.594+0700][1679.388s][19752][19893][info ] Entering safepoint region: Cleanup
[2025-11-10T00:53:27.594+0700][1679.388s][19752][19893][info ] Leaving safepoint region
[2025-11-10T00:53:27.594+0700][1679.388s][19752][19893][info ] Total time for which application threads were stopped: 0.0003344 seconds, Stopping threads took: 0.0000548 seconds
[2025-11-10T00:53:28.595+0700][1680.389s][19752][19893][info ] Application time: 1.0003457 seconds
[2025-11-10T00:53:28.595+0700][1680.389s][19752][19893][info ] Entering safepoint region: Cleanup
[2025-11-10T00:53:28.595+0700][1680.389s][19752][19893][info ] Leaving safepoint region
[2025-11-10T00:53:28.595+0700][1680.389s][19752][19893][info ] Total time for which application threads were stopped: 0.0002664 seconds, Stopping threads took: 0.0000567 seconds
[2025-11-10T00:53:29.595+0700][1681.389s][19752][19893][info ] Application time: 1.0001063 seconds
[2025-11-10T00:53:29.595+0700][1681.389s][19752][19893][info ] Entering safepoint region: Cleanup
[2025-11-10T00:53:29.595+0700][1681.390s][19752][19893][info ] Leaving safepoint region
[2025-11-10T00:53:29.595+0700][1681.390s][19752][19893][info ] Total time for which application threads were stopped: 0.0002468 seconds, Stopping threads took: 0.0000533 seconds
[2025-11-10T00:53:30.596+0700][1682.390s][19752][19893][info ] Application time: 1.0003239 seconds
[2025-11-10T00:53:30.596+0700][1682.390s][19752][19893][info ] Entering safepoint region: Cleanup
[2025-11-10T00:53:30.596+0700][1682.390s][19752][19893][info ] Leaving safepoint region
[2025-11-10T00:53:30.596+0700][1682.390s][19752][19893][info ] Total time for which application threads were stopped: 0.0003011 seconds, Stopping threads took: 0.0000520 seconds
[2025-11-10T00:53:31.597+0700][1683.391s][19752][19893][info ] Application time: 1.0002921 seconds
[2025-11-10T00:53:31.597+0700][1683.391s][19752][19893][info ] Entering safepoint region: Cleanup
[2025-11-10T00:53:31.597+0700][1683.391s][19752][19893][info ] Leaving safepoint region
[2025-11-10T00:53:31.597+0700][1683.391s][19752][19893][info ] Total time for which application threads were stopped: 0.0003316 seconds, Stopping threads took: 0.0000515 seconds
[2025-11-10T00:53:32.597+0700][1684.391s][19752][19893][info ] Application time: 1.0003338 seconds
[2025-11-10T00:53:32.597+0700][1684.392s][19752][19893][info ] Entering safepoint region: Cleanup
[2025-11-10T00:53:32.598+0700][1684.392s][19752][19893][info ] Leaving safepoint region
[2025-11-10T00:53:32.598+0700][1684.392s][19752][19893][info ] Total time for which application threads were stopped: 0.0002749 seconds, Stopping threads took: 0.0000426 seconds
[2025-11-10T00:53:33.598+0700][1685.392s][19752][19893][info ] Application time: 1.0003253 seconds
[2025-11-10T00:53:33.598+0700][1685.392s][19752][19893][info ] Entering safepoint region: Cleanup
[2025-11-10T00:53:33.598+0700][1685.392s][19752][19893][info ] Leaving safepoint region
[2025-11-10T00:53:33.598+0700][1685.393s][19752][19893][info ] Total time for which application threads were stopped: 0.0002785 seconds, Stopping threads took: 0.0000433 seconds
[2025-11-10T00:53:34.599+0700][1686.393s][19752][19893][info ] Application time: 1.0004329 seconds
[2025-11-10T00:53:34.599+0700][1686.393s][19752][19893][info ] Entering safepoint region: Cleanup
[2025-11-10T00:53:34.599+0700][1686.393s][19752][19893][info ] Leaving safepoint region
[2025-11-10T00:53:34.599+0700][1686.393s][19752][19893][info ] Total time for which application threads were stopped: 0.0003174 seconds, Stopping threads took: 0.0000434 seconds
[2025-11-10T00:53:35.600+0700][1687.394s][19752][19893][info ] Application time: 1.0003257 seconds
[2025-11-10T00:53:35.600+0700][1687.394s][19752][19893][info ] Entering safepoint region: Cleanup
[2025-11-10T00:53:35.600+0700][1687.394s][19752][19893][info ] Leaving safepoint region
[2025-11-10T00:53:35.600+0700][1687.394s][19752][19893][info ] Total time for which application threads were stopped: 0.0002657 seconds, Stopping threads took: 0.0000443 seconds
[2025-11-10T00:53:36.600+0700][1688.395s][19752][19893][info ] Application time: 1.0003471 seconds
[2025-11-10T00:53:36.600+0700][1688.395s][19752][19893][info ] Entering safepoint region: Cleanup
[2025-11-10T00:53:36.601+0700][1688.395s][19752][19893][info ] Leaving safepoint region
[2025-11-10T00:53:36.608+0700][1688.403s][19752][19893][info ] Total time for which application threads were stopped: 0.0079491 seconds, Stopping threads took: 0.0000436 seconds
[2025-11-10T00:53:37.609+0700][1689.403s][19752][19893][info ] Application time: 1.0003376 seconds
[2025-11-10T00:53:37.609+0700][1689.403s][19752][19893][info ] Entering safepoint region: Cleanup
[2025-11-10T00:53:37.609+0700][1689.403s][19752][19893][info ] Leaving safepoint region
[2025-11-10T00:53:37.609+0700][1689.403s][19752][19893][info ] Total time for which application threads were stopped: 0.0002809 seconds, Stopping threads took: 0.0000433 seconds
[2025-11-10T00:53:38.609+0700][1690.403s][19752][19893][info ] Application time: 1.0001571 seconds
[2025-11-10T00:53:38.610+0700][1690.404s][19752][19893][info ] Entering safepoint region: Cleanup
[2025-11-10T00:53:38.610+0700][1690.404s][19752][19893][info ] Leaving safepoint region
[2025-11-10T00:53:38.610+0700][1690.404s][19752][19893][info ] Total time for which application threads were stopped: 0.0003041 seconds, Stopping threads took: 0.0000791 seconds
[2025-11-10T00:53:39.610+0700][1691.404s][19752][19893][info ] Application time: 1.0003566 seconds
[2025-11-10T00:53:39.610+0700][1691.404s][19752][19893][info ] Entering safepoint region: Cleanup
[2025-11-10T00:53:39.610+0700][1691.405s][19752][19893][info ] Leaving safepoint region
[2025-11-10T00:53:39.611+0700][1691.405s][19752][19893][info ] Total time for which application threads were stopped: 0.0003088 seconds, Stopping threads took: 0.0000430 seconds
[2025-11-10T00:53:40.611+0700][1692.405s][19752][19893][info ] Application time: 1.0002648 seconds
[2025-11-10T00:53:40.611+0700][1692.405s][19752][19893][info ] Entering safepoint region: Cleanup
[2025-11-10T00:53:40.611+0700][1692.405s][19752][19893][info ] Leaving safepoint region
[2025-11-10T00:53:40.611+0700][1692.405s][19752][19893][info ] Total time for which application threads were stopped: 0.0003040 seconds, Stopping threads took: 0.0000427 seconds
[2025-11-10T00:53:41.611+0700][1693.406s][19752][19893][info ] Application time: 1.0002595 seconds
[2025-11-10T00:53:41.612+0700][1693.406s][19752][19893][info ] Entering safepoint region: Cleanup
[2025-11-10T00:53:41.612+0700][1693.406s][19752][19893][info ] Leaving safepoint region
[2025-11-10T00:53:41.612+0700][1693.406s][19752][19893][info ] Total time for which application threads were stopped: 0.0003003 seconds, Stopping threads took: 0.0000441 seconds
[2025-11-10T00:53:42.612+0700][1694.406s][19752][19893][info ] Application time: 1.0003113 seconds
[2025-11-10T00:53:42.612+0700][1694.406s][19752][19893][info ] Entering safepoint region: Cleanup
[2025-11-10T00:53:42.613+0700][1694.407s][19752][19893][info ] Leaving safepoint region
[2025-11-10T00:53:42.613+0700][1694.407s][19752][19893][info ] Total time for which application threads were stopped: 0.0002732 seconds, Stopping threads took: 0.0000432 seconds
[2025-11-10T00:53:43.613+0700][1695.407s][19752][19893][info ] Application time: 1.0001622 seconds
[2025-11-10T00:53:43.613+0700][1695.407s][19752][19893][info ] Entering safepoint region: Cleanup
[2025-11-10T00:53:43.613+0700][1695.407s][19752][19893][info ] Leaving safepoint region
[2025-11-10T00:53:43.613+0700][1695.407s][19752][19893][info ] Total time for which application threads were stopped: 0.0003067 seconds, Stopping threads took: 0.0000433 seconds
[2025-11-10T00:53:44.613+0700][1696.407s][19752][19893][info ] Application time: 1.0001601 seconds
[2025-11-10T00:53:44.613+0700][1696.408s][19752][19893][info ] Entering safepoint region: Cleanup
[2025-11-10T00:53:44.614+0700][1696.408s][19752][19893][info ] Leaving safepoint region
[2025-11-10T00:53:44.614+0700][1696.408s][19752][19893][info ] Total time for which application threads were stopped: 0.0003158 seconds, Stopping threads took: 0.0000434 seconds
[2025-11-10T00:53:45.614+0700][1697.408s][19752][19893][info ] Application time: 1.0002457 seconds
[2025-11-10T00:53:45.614+0700][1697.408s][19752][19893][info ] Entering safepoint region: Cleanup
[2025-11-10T00:53:45.614+0700][1697.408s][19752][19893][info ] Leaving safepoint region
[2025-11-10T00:53:45.614+0700][1697.409s][19752][19893][info ] Total time for which application threads were stopped: 0.0003075 seconds, Stopping threads took: 0.0000532 seconds
[2025-11-10T00:53:46.615+0700][1698.409s][19752][19893][info ] Application time: 1.0003605 seconds
[2025-11-10T00:53:46.615+0700][1698.409s][19752][19893][info ] Entering safepoint region: Cleanup
[2025-11-10T00:53:46.615+0700][1698.409s][19752][19893][info ] Leaving safepoint region
[2025-11-10T00:53:46.623+0700][1698.417s][19752][19893][info ] Total time for which application threads were stopped: 0.0079441 seconds, Stopping threads took: 0.0000468 seconds
[2025-11-10T00:53:47.623+0700][1699.417s][19752][19893][info ] Application time: 1.0003422 seconds
[2025-11-10T00:53:47.623+0700][1699.417s][19752][19893][info ] Entering safepoint region: Cleanup
[2025-11-10T00:53:47.624+0700][1699.418s][19752][19893][info ] Leaving safepoint region
[2025-11-10T00:53:47.624+0700][1699.418s][19752][19893][info ] Total time for which application threads were stopped: 0.0003473 seconds, Stopping threads took: 0.0000462 seconds
[2025-11-10T00:53:48.624+0700][1700.418s][19752][19893][info ] Application time: 1.0001764 seconds
[2025-11-10T00:53:48.624+0700][1700.418s][19752][19893][info ] Entering safepoint region: Cleanup
[2025-11-10T00:53:48.624+0700][1700.418s][19752][19893][info ] Leaving safepoint region
[2025-11-10T00:53:48.624+0700][1700.418s][19752][19893][info ] Total time for which application threads were stopped: 0.0003059 seconds, Stopping threads took: 0.0000552 seconds
[2025-11-10T00:53:49.624+0700][1701.419s][19752][19893][info ] Application time: 1.0001594 seconds
[2025-11-10T00:53:49.625+0700][1701.419s][19752][19893][info ] Entering safepoint region: Cleanup
[2025-11-10T00:53:49.625+0700][1701.419s][19752][19893][info ] Leaving safepoint region
[2025-11-10T00:53:49.625+0700][1701.419s][19752][19893][info ] Total time for which application threads were stopped: 0.0003258 seconds, Stopping threads took: 0.0000453 seconds
[2025-11-10T00:53:50.625+0700][1702.419s][19752][19893][info ] Application time: 1.0003219 seconds
[2025-11-10T00:53:50.625+0700][1702.419s][19752][19893][info ] Entering safepoint region: Cleanup
[2025-11-10T00:53:50.626+0700][1702.420s][19752][19893][info ] Leaving safepoint region
[2025-11-10T00:53:50.626+0700][1702.420s][19752][19893][info ] Total time for which application threads were stopped: 0.0002373 seconds, Stopping threads took: 0.0000457 seconds
[2025-11-10T00:53:51.626+0700][1703.420s][19752][19893][info ] Application time: 1.0000958 seconds
[2025-11-10T00:53:51.626+0700][1703.420s][19752][19893][info ] Entering safepoint region: Cleanup
[2025-11-10T00:53:51.626+0700][1703.420s][19752][19893][info ] Leaving safepoint region
[2025-11-10T00:53:51.626+0700][1703.420s][19752][19893][info ] Total time for which application threads were stopped: 0.0002319 seconds, Stopping threads took: 0.0000543 seconds
[2025-11-10T00:53:52.626+0700][1704.420s][19752][19893][info ] Application time: 1.0003071 seconds
[2025-11-10T00:53:52.626+0700][1704.421s][19752][19893][info ] Entering safepoint region: Cleanup
[2025-11-10T00:53:52.627+0700][1704.421s][19752][19893][info ] Leaving safepoint region
[2025-11-10T00:53:52.627+0700][1704.421s][19752][19893][info ] Total time for which application threads were stopped: 0.0003978 seconds, Stopping threads took: 0.0000706 seconds
[2025-11-10T00:53:53.627+0700][1705.421s][19752][19893][info ] Application time: 1.0001437 seconds
[2025-11-10T00:53:53.627+0700][1705.421s][19752][19893][info ] Entering safepoint region: Cleanup
[2025-11-10T00:53:53.627+0700][1705.421s][19752][19893][info ] Leaving safepoint region
[2025-11-10T00:53:53.627+0700][1705.422s][19752][19893][info ] Total time for which application threads were stopped: 0.0002792 seconds, Stopping threads took: 0.0000416 seconds
[2025-11-10T00:53:54.628+0700][1706.422s][19752][19893][info ] Application time: 1.0004366 seconds
[2025-11-10T00:53:54.628+0700][1706.422s][19752][19893][info ] Entering safepoint region: Cleanup
[2025-11-10T00:53:54.628+0700][1706.422s][19752][19893][info ] Leaving safepoint region
[2025-11-10T00:53:54.628+0700][1706.422s][19752][19893][info ] Total time for which application threads were stopped: 0.0003340 seconds, Stopping threads took: 0.0000434 seconds
[2025-11-10T00:53:55.629+0700][1707.423s][19752][19893][info ] Application time: 1.0004420 seconds
[2025-11-10T00:53:55.629+0700][1707.423s][19752][19893][info ] Entering safepoint region: Cleanup
[2025-11-10T00:53:55.629+0700][1707.423s][19752][19893][info ] Leaving safepoint region
[2025-11-10T00:53:55.629+0700][1707.423s][19752][19893][info ] Total time for which application threads were stopped: 0.0002905 seconds, Stopping threads took: 0.0000439 seconds
[2025-11-10T00:53:56.629+0700][1708.423s][19752][19893][info ] Application time: 1.0001444 seconds
[2025-11-10T00:53:56.629+0700][1708.423s][19752][19893][info ] Entering safepoint region: Cleanup
[2025-11-10T00:53:56.630+0700][1708.424s][19752][19893][info ] Leaving safepoint region
[2025-11-10T00:53:56.630+0700][1708.424s][19752][19893][info ] Total time for which application threads were stopped: 0.0002711 seconds, Stopping threads took: 0.0000430 seconds
[2025-11-10T00:53:57.630+0700][1709.424s][19752][19893][info ] Application time: 1.0001627 seconds
[2025-11-10T00:53:57.630+0700][1709.424s][19752][19893][info ] Entering safepoint region: Cleanup
[2025-11-10T00:53:57.630+0700][1709.424s][19752][19893][info ] Leaving safepoint region
[2025-11-10T00:53:57.630+0700][1709.424s][19752][19893][info ] Total time for which application threads were stopped: 0.0002839 seconds, Stopping threads took: 0.0000430 seconds
[2025-11-10T00:53:58.630+0700][1710.424s][19752][19893][info ] Application time: 1.0000976 seconds
[2025-11-10T00:53:58.630+0700][1710.425s][19752][19893][info ] Entering safepoint region: Cleanup
[2025-11-10T00:53:58.631+0700][1710.425s][19752][19893][info ] Leaving safepoint region
[2025-11-10T00:53:58.631+0700][1710.426s][19752][19893][info ] Total time for which application threads were stopped: 0.0010356 seconds, Stopping threads took: 0.0000459 seconds
[2025-11-10T00:53:59.632+0700][1711.426s][19752][19893][info ] Application time: 1.0001240 seconds
[2025-11-10T00:53:59.632+0700][1711.426s][19752][19893][info ] Entering safepoint region: Cleanup
[2025-11-10T00:53:59.632+0700][1711.426s][19752][19893][info ] Leaving safepoint region
[2025-11-10T00:53:59.632+0700][1711.426s][19752][19893][info ] Total time for which application threads were stopped: 0.0003191 seconds, Stopping threads took: 0.0000696 seconds
[2025-11-10T00:54:00.632+0700][1712.426s][19752][19893][info ] Application time: 1.0003051 seconds
[2025-11-10T00:54:00.632+0700][1712.427s][19752][19893][info ] Entering safepoint region: Cleanup
[2025-11-10T00:54:00.633+0700][1712.427s][19752][19893][info ] Leaving safepoint region
[2025-11-10T00:54:00.633+0700][1712.427s][19752][19893][info ] Total time for which application threads were stopped: 0.0004188 seconds, Stopping threads took: 0.0000430 seconds
[2025-11-10T00:54:01.633+0700][1713.427s][19752][19893][info ] Application time: 1.0003915 seconds
[2025-11-10T00:54:01.633+0700][1713.427s][19752][19893][info ] Entering safepoint region: Cleanup
[2025-11-10T00:54:01.634+0700][1713.428s][19752][19893][info ] Leaving safepoint region
[2025-11-10T00:54:01.634+0700][1713.428s][19752][19893][info ] Total time for which application threads were stopped: 0.0003042 seconds, Stopping threads took: 0.0000432 seconds
[2025-11-10T00:54:02.634+0700][1714.428s][19752][19893][info ] Application time: 1.0003171 seconds
[2025-11-10T00:54:02.634+0700][1714.428s][19752][19893][info ] Entering safepoint region: Cleanup
[2025-11-10T00:54:02.634+0700][1714.428s][19752][19893][info ] Leaving safepoint region
[2025-11-10T00:54:02.634+0700][1714.429s][19752][19893][info ] Total time for which application threads were stopped: 0.0003696 seconds, Stopping threads took: 0.0000439 seconds
[2025-11-10T00:54:26.641+0700][1738.435s][19752][19893][info ] Application time: 24.0062116 seconds
[2025-11-10T00:54:26.641+0700][1738.435s][19752][19893][info ] Entering safepoint region: Cleanup
[2025-11-10T00:54:26.641+0700][1738.435s][19752][19893][info ] Leaving safepoint region
[2025-11-10T00:54:26.641+0700][1738.435s][19752][19893][info ] Total time for which application threads were stopped: 0.0003159 seconds, Stopping threads took: 0.0000464 seconds
[2025-11-10T00:55:26.655+0700][1798.449s][19752][19893][info ] Application time: 60.0141818 seconds
[2025-11-10T00:55:26.655+0700][1798.450s][19752][19893][info ] Entering safepoint region: Cleanup
[2025-11-10T00:55:26.656+0700][1798.450s][19752][19893][info ] Leaving safepoint region
[2025-11-10T00:55:26.656+0700][1798.450s][19752][19893][info ] Total time for which application threads were stopped: 0.0002233 seconds, Stopping threads took: 0.0000485 seconds
[2025-11-10T00:55:31.657+0700][1803.451s][19752][19893][info ] Application time: 5.0008527 seconds
[2025-11-10T00:55:31.657+0700][1803.451s][19752][19893][info ] Entering safepoint region: Cleanup
[2025-11-10T00:55:31.657+0700][1803.451s][19752][19893][info ] Leaving safepoint region
[2025-11-10T00:55:31.657+0700][1803.451s][19752][19893][info ] Total time for which application threads were stopped: 0.0003911 seconds, Stopping threads took: 0.0000457 seconds
[2025-11-10T00:55:43.660+0700][1815.454s][19752][19893][info ] Application time: 12.0028096 seconds
[2025-11-10T00:55:43.660+0700][1815.454s][19752][19893][info ] Entering safepoint region: Cleanup
[2025-11-10T00:55:43.660+0700][1815.454s][19752][19893][info ] Leaving safepoint region
[2025-11-10T00:55:43.660+0700][1815.454s][19752][19893][info ] Total time for which application threads were stopped: 0.0003151 seconds, Stopping threads took: 0.0000467 seconds
[2025-11-10T00:55:44.661+0700][1816.455s][19752][19893][info ] Application time: 1.0003346 seconds
[2025-11-10T00:55:44.661+0700][1816.455s][19752][19893][info ] Entering safepoint region: Cleanup
[2025-11-10T00:55:44.661+0700][1816.455s][19752][19893][info ] Leaving safepoint region
[2025-11-10T00:55:44.661+0700][1816.455s][19752][19893][info ] Total time for which application threads were stopped: 0.0002862 seconds, Stopping threads took: 0.0000467 seconds
[2025-11-10T00:55:45.661+0700][1817.455s][19752][19893][info ] Application time: 1.0001603 seconds
[2025-11-10T00:55:45.661+0700][1817.455s][19752][19893][info ] Entering safepoint region: Cleanup
[2025-11-10T00:55:45.662+0700][1817.456s][19752][19893][info ] Leaving safepoint region
[2025-11-10T00:55:45.662+0700][1817.456s][19752][19893][info ] Total time for which application threads were stopped: 0.0003582 seconds, Stopping threads took: 0.0000448 seconds
[2025-11-10T00:55:46.662+0700][1818.456s][19752][19893][info ] Application time: 1.0000926 seconds
[2025-11-10T00:55:46.662+0700][1818.456s][19752][19893][info ] Entering safepoint region: Cleanup
[2025-11-10T00:55:46.662+0700][1818.456s][19752][19893][info ] Leaving safepoint region
[2025-11-10T00:55:46.662+0700][1818.456s][19752][19893][info ] Total time for which application threads were stopped: 0.0002947 seconds, Stopping threads took: 0.0000455 seconds
[2025-11-10T00:55:47.663+0700][1819.457s][19752][19893][info ] Application time: 1.0003401 seconds
[2025-11-10T00:55:47.663+0700][1819.457s][19752][19893][info ] Entering safepoint region: Cleanup
[2025-11-10T00:55:47.663+0700][1819.457s][19752][19893][info ] Leaving safepoint region
[2025-11-10T00:55:47.663+0700][1819.457s][19752][19893][info ] Total time for which application threads were stopped: 0.0003121 seconds, Stopping threads took: 0.0000729 seconds
[2025-11-10T00:55:48.663+0700][1820.457s][19752][19893][info ] Application time: 1.0000993 seconds
[2025-11-10T00:55:48.663+0700][1820.457s][19752][19893][info ] Entering safepoint region: Cleanup
[2025-11-10T00:55:48.663+0700][1820.457s][19752][19893][info ] Leaving safepoint region
[2025-11-10T00:55:48.663+0700][1820.458s][19752][19893][info ] Total time for which application threads were stopped: 0.0002196 seconds, Stopping threads took: 0.0000440 seconds
[2025-11-10T00:55:49.664+0700][1821.458s][19752][19893][info ] Application time: 1.0003181 seconds
[2025-11-10T00:55:49.664+0700][1821.458s][19752][19893][info ] Entering safepoint region: Cleanup
[2025-11-10T00:55:49.664+0700][1821.458s][19752][19893][info ] Leaving safepoint region
[2025-11-10T00:55:49.664+0700][1821.458s][19752][19893][info ] Total time for which application threads were stopped: 0.0003057 seconds, Stopping threads took: 0.0000438 seconds
[2025-11-10T00:55:50.665+0700][1822.459s][19752][19893][info ] Application time: 1.0003422 seconds
[2025-11-10T00:55:50.665+0700][1822.459s][19752][19893][info ] Entering safepoint region: Cleanup
[2025-11-10T00:55:50.665+0700][1822.459s][19752][19893][info ] Leaving safepoint region
[2025-11-10T00:55:50.665+0700][1822.459s][19752][19893][info ] Total time for which application threads were stopped: 0.0003623 seconds, Stopping threads took: 0.0000439 seconds
[2025-11-10T00:55:51.665+0700][1823.459s][19752][19893][info ] Application time: 1.0003231 seconds
[2025-11-10T00:55:51.665+0700][1823.460s][19752][19893][info ] Entering safepoint region: Cleanup
[2025-11-10T00:55:51.666+0700][1823.460s][19752][19893][info ] Leaving safepoint region
[2025-11-10T00:55:51.666+0700][1823.460s][19752][19893][info ] Total time for which application threads were stopped: 0.0002760 seconds, Stopping threads took: 0.0000458 seconds
[2025-11-10T00:55:52.666+0700][1824.460s][19752][19893][info ] Application time: 1.0003372 seconds
[2025-11-10T00:55:52.666+0700][1824.460s][19752][19893][info ] Entering safepoint region: Cleanup
[2025-11-10T00:55:52.666+0700][1824.461s][19752][19893][info ] Leaving safepoint region
[2025-11-10T00:55:52.666+0700][1824.461s][19752][19893][info ] Total time for which application threads were stopped: 0.0002991 seconds, Stopping threads took: 0.0000448 seconds
[2025-11-10T00:55:53.667+0700][1825.461s][19752][19893][info ] Application time: 1.0003412 seconds
[2025-11-10T00:55:53.667+0700][1825.461s][19752][19893][info ] Entering safepoint region: Cleanup
[2025-11-10T00:55:53.667+0700][1825.461s][19752][19893][info ] Leaving safepoint region
[2025-11-10T00:55:53.667+0700][1825.461s][19752][19893][info ] Total time for which application threads were stopped: 0.0003271 seconds, Stopping threads took: 0.0000464 seconds
[2025-11-10T00:55:54.668+0700][1826.462s][19752][19893][info ] Application time: 1.0003910 seconds
[2025-11-10T00:55:54.668+0700][1826.462s][19752][19893][info ] Entering safepoint region: Cleanup
[2025-11-10T00:55:54.668+0700][1826.462s][19752][19893][info ] Leaving safepoint region
[2025-11-10T00:55:54.668+0700][1826.462s][19752][19893][info ] Total time for which application threads were stopped: 0.0002938 seconds, Stopping threads took: 0.0000471 seconds
[2025-11-10T00:55:55.668+0700][1827.462s][19752][19893][info ] Application time: 1.0001388 seconds
[2025-11-10T00:55:55.668+0700][1827.462s][19752][19893][info ] Entering safepoint region: Cleanup
[2025-11-10T00:55:55.669+0700][1827.463s][19752][19893][info ] Leaving safepoint region
[2025-11-10T00:55:55.669+0700][1827.463s][19752][19893][info ] Total time for which application threads were stopped: 0.0002492 seconds, Stopping threads took: 0.0000437 seconds
[2025-11-10T00:55:56.669+0700][1828.463s][19752][19893][info ] Application time: 1.0003398 seconds
[2025-11-10T00:55:56.669+0700][1828.463s][19752][19893][info ] Entering safepoint region: Cleanup
[2025-11-10T00:55:56.669+0700][1828.463s][19752][19893][info ] Leaving safepoint region
[2025-11-10T00:55:56.669+0700][1828.463s][19752][19893][info ] Total time for which application threads were stopped: 0.0003017 seconds, Stopping threads took: 0.0000454 seconds
[2025-11-10T00:55:57.670+0700][1829.464s][19752][19893][info ] Application time: 1.0001447 seconds
[2025-11-10T00:55:57.670+0700][1829.464s][19752][19893][info ] Entering safepoint region: Cleanup
[2025-11-10T00:55:57.670+0700][1829.464s][19752][19893][info ] Leaving safepoint region
[2025-11-10T00:55:57.670+0700][1829.464s][19752][19893][info ] Total time for which application threads were stopped: 0.0002463 seconds, Stopping threads took: 0.0000459 seconds
[2025-11-10T00:55:58.670+0700][1830.464s][19752][19893][info ] Application time: 1.0003712 seconds
[2025-11-10T00:55:58.670+0700][1830.464s][19752][19893][info ] Entering safepoint region: Cleanup
[2025-11-10T00:55:58.678+0700][1830.472s][19752][19893][info ] Leaving safepoint region
[2025-11-10T00:55:58.678+0700][1830.473s][19752][19893][info ] Total time for which application threads were stopped: 0.0080718 seconds, Stopping threads took: 0.0077636 seconds
[2025-11-10T00:55:59.679+0700][1831.473s][19752][19893][info ] Application time: 1.0003261 seconds
[2025-11-10T00:55:59.679+0700][1831.473s][19752][19893][info ] Entering safepoint region: Cleanup
[2025-11-10T00:55:59.679+0700][1831.473s][19752][19893][info ] Leaving safepoint region
[2025-11-10T00:55:59.679+0700][1831.473s][19752][19893][info ] Total time for which application threads were stopped: 0.0002984 seconds, Stopping threads took: 0.0000467 seconds
[2025-11-10T00:56:00.680+0700][1832.474s][19752][19893][info ] Application time: 1.0005591 seconds
[2025-11-10T00:56:00.680+0700][1832.474s][19752][19893][info ] Entering safepoint region: Cleanup
[2025-11-10T00:56:00.680+0700][1832.474s][19752][19893][info ] Leaving safepoint region
[2025-11-10T00:56:00.680+0700][1832.474s][19752][19893][info ] Total time for which application threads were stopped: 0.0003321 seconds, Stopping threads took: 0.0000469 seconds
[2025-11-10T00:56:01.681+0700][1833.475s][19752][19893][info ] Application time: 1.0003402 seconds
[2025-11-10T00:56:01.681+0700][1833.475s][19752][19893][info ] Entering safepoint region: Cleanup
[2025-11-10T00:56:01.681+0700][1833.475s][19752][19893][info ] Leaving safepoint region
[2025-11-10T00:56:01.681+0700][1833.475s][19752][19893][info ] Total time for which application threads were stopped: 0.0003420 seconds, Stopping threads took: 0.0000469 seconds
[2025-11-10T00:56:02.681+0700][1834.475s][19752][19893][info ] Application time: 1.0003388 seconds
[2025-11-10T00:56:02.681+0700][1834.476s][19752][19893][info ] Entering safepoint region: Cleanup
[2025-11-10T00:56:02.682+0700][1834.476s][19752][19893][info ] Leaving safepoint region
[2025-11-10T00:56:02.682+0700][1834.476s][19752][19893][info ] Total time for which application threads were stopped: 0.0003716 seconds, Stopping threads took: 0.0000454 seconds
[2025-11-10T00:56:03.682+0700][1835.476s][19752][19893][info ] Application time: 1.0001385 seconds
[2025-11-10T00:56:03.682+0700][1835.476s][19752][19893][info ] Entering safepoint region: Cleanup
[2025-11-10T00:56:03.682+0700][1835.476s][19752][19893][info ] Leaving safepoint region
[2025-11-10T00:56:03.682+0700][1835.476s][19752][19893][info ] Total time for which application threads were stopped: 0.0002763 seconds, Stopping threads took: 0.0000457 seconds
[2025-11-10T00:56:04.683+0700][1836.477s][19752][19893][info ] Application time: 1.0003181 seconds
[2025-11-10T00:56:04.683+0700][1836.477s][19752][19893][info ] Entering safepoint region: Cleanup
[2025-11-10T00:56:04.683+0700][1836.477s][19752][19893][info ] Leaving safepoint region
[2025-11-10T00:56:04.683+0700][1836.477s][19752][19893][info ] Total time for which application threads were stopped: 0.0003494 seconds, Stopping threads took: 0.0000474 seconds
[2025-11-10T00:56:05.684+0700][1837.478s][19752][19893][info ] Application time: 1.0003316 seconds
[2025-11-10T00:56:05.684+0700][1837.478s][19752][19893][info ] Entering safepoint region: Cleanup
[2025-11-10T00:56:05.684+0700][1837.478s][19752][19893][info ] Leaving safepoint region
[2025-11-10T00:56:05.684+0700][1837.478s][19752][19893][info ] Total time for which application threads were stopped: 0.0002912 seconds, Stopping threads took: 0.0000437 seconds
[2025-11-10T00:56:06.684+0700][1838.478s][19752][19893][info ] Application time: 1.0003280 seconds
[2025-11-10T00:56:06.684+0700][1838.478s][19752][19893][info ] Entering safepoint region: Cleanup
[2025-11-10T00:56:06.685+0700][1838.479s][19752][19893][info ] Leaving safepoint region
[2025-11-10T00:56:06.685+0700][1838.479s][19752][19893][info ] Total time for which application threads were stopped: 0.0002257 seconds, Stopping threads took: 0.0000439 seconds
[2025-11-10T00:56:07.692+0700][1839.486s][19752][19893][info ] Application time: 1.0001298 seconds
[2025-11-10T00:56:07.692+0700][1839.487s][19752][19893][info ] Entering safepoint region: Cleanup
[2025-11-10T00:56:07.693+0700][1839.487s][19752][19893][info ] Leaving safepoint region
[2025-11-10T00:56:07.693+0700][1839.487s][19752][19893][info ] Total time for which application threads were stopped: 0.0003332 seconds, Stopping threads took: 0.0000523 seconds
[2025-11-10T00:56:08.693+0700][1840.487s][19752][19893][info ] Application time: 1.0001832 seconds
[2025-11-10T00:56:08.693+0700][1840.487s][19752][19893][info ] Entering safepoint region: Cleanup
[2025-11-10T00:56:08.693+0700][1840.487s][19752][19893][info ] Leaving safepoint region
[2025-11-10T00:56:08.693+0700][1840.488s][19752][19893][info ] Total time for which application threads were stopped: 0.0003485 seconds, Stopping threads took: 0.0000424 seconds
[2025-11-10T00:56:09.694+0700][1841.488s][19752][19893][info ] Application time: 1.0003259 seconds
[2025-11-10T00:56:09.694+0700][1841.488s][19752][19893][info ] Entering safepoint region: Cleanup
[2025-11-10T00:56:09.694+0700][1841.488s][19752][19893][info ] Leaving safepoint region
[2025-11-10T00:56:09.694+0700][1841.488s][19752][19893][info ] Total time for which application threads were stopped: 0.0002894 seconds, Stopping threads took: 0.0000423 seconds
[2025-11-10T00:56:10.694+0700][1842.488s][19752][19893][info ] Application time: 1.0000892 seconds
[2025-11-10T00:56:10.694+0700][1842.488s][19752][19893][info ] Entering safepoint region: Cleanup
[2025-11-10T00:56:10.695+0700][1842.489s][19752][19893][info ] Leaving safepoint region
[2025-11-10T00:56:10.695+0700][1842.489s][19752][19893][info ] Total time for which application threads were stopped: 0.0002692 seconds, Stopping threads took: 0.0000434 seconds
[2025-11-10T00:56:11.695+0700][1843.489s][19752][19893][info ] Application time: 1.0001093 seconds
[2025-11-10T00:56:11.695+0700][1843.489s][19752][19893][info ] Entering safepoint region: Cleanup
[2025-11-10T00:56:11.695+0700][1843.489s][19752][19893][info ] Leaving safepoint region
[2025-11-10T00:56:11.695+0700][1843.489s][19752][19893][info ] Total time for which application threads were stopped: 0.0003221 seconds, Stopping threads took: 0.0000434 seconds
[2025-11-10T00:56:12.695+0700][1844.490s][19752][19893][info ] Application time: 1.0003107 seconds
[2025-11-10T00:56:12.696+0700][1844.490s][19752][19893][info ] Entering safepoint region: Cleanup
[2025-11-10T00:56:12.696+0700][1844.490s][19752][19893][info ] Leaving safepoint region
[2025-11-10T00:56:12.696+0700][1844.490s][19752][19893][info ] Total time for which application threads were stopped: 0.0003844 seconds, Stopping threads took: 0.0000433 seconds
[2025-11-10T00:56:13.696+0700][1845.490s][19752][19893][info ] Application time: 1.0003215 seconds
[2025-11-10T00:56:13.696+0700][1845.491s][19752][19893][info ] Entering safepoint region: Cleanup
[2025-11-10T00:56:13.697+0700][1845.491s][19752][19893][info ] Leaving safepoint region
[2025-11-10T00:56:13.697+0700][1845.491s][19752][19893][info ] Total time for which application threads were stopped: 0.0003530 seconds, Stopping threads took: 0.0000437 seconds
[2025-11-10T00:56:14.697+0700][1846.491s][19752][19893][info ] Application time: 1.0001565 seconds
[2025-11-10T00:56:14.697+0700][1846.491s][19752][19893][info ] Entering safepoint region: Cleanup
[2025-11-10T00:56:14.697+0700][1846.491s][19752][19893][info ] Leaving safepoint region
[2025-11-10T00:56:14.697+0700][1846.492s][19752][19893][info ] Total time for which application threads were stopped: 0.0002989 seconds, Stopping threads took: 0.0000509 seconds
[2025-11-10T00:56:15.698+0700][1847.492s][19752][19893][info ] Application time: 1.0003458 seconds
[2025-11-10T00:56:15.698+0700][1847.492s][19752][19893][info ] Entering safepoint region: Cleanup
[2025-11-10T00:56:15.698+0700][1847.492s][19752][19893][info ] Leaving safepoint region
[2025-11-10T00:56:15.698+0700][1847.492s][19752][19893][info ] Total time for which application threads were stopped: 0.0002992 seconds, Stopping threads took: 0.0000437 seconds
[2025-11-10T00:56:16.699+0700][1848.493s][19752][19893][info ] Application time: 1.0003341 seconds
[2025-11-10T00:56:16.699+0700][1848.493s][19752][19893][info ] Entering safepoint region: Cleanup
[2025-11-10T00:56:16.699+0700][1848.493s][19752][19893][info ] Leaving safepoint region
[2025-11-10T00:56:16.706+0700][1848.501s][19752][19893][info ] Total time for which application threads were stopped: 0.0077869 seconds, Stopping threads took: 0.0000435 seconds
[2025-11-10T00:56:17.707+0700][1849.501s][19752][19893][info ] Application time: 1.0001031 seconds
[2025-11-10T00:56:17.707+0700][1849.501s][19752][19893][info ] Entering safepoint region: Cleanup
[2025-11-10T00:56:17.707+0700][1849.501s][19752][19893][info ] Leaving safepoint region
[2025-11-10T00:56:17.707+0700][1849.501s][19752][19893][info ] Total time for which application threads were stopped: 0.0002892 seconds, Stopping threads took: 0.0000440 seconds
[2025-11-10T00:56:18.707+0700][1850.501s][19752][19893][info ] Application time: 1.0003264 seconds
[2025-11-10T00:56:18.707+0700][1850.501s][19752][19893][info ] Entering safepoint region: Cleanup
[2025-11-10T00:56:18.708+0700][1850.502s][19752][19893][info ] Leaving safepoint region
[2025-11-10T00:56:18.708+0700][1850.502s][19752][19893][info ] Total time for which application threads were stopped: 0.0002475 seconds, Stopping threads took: 0.0000425 seconds
[2025-11-10T00:56:19.708+0700][1851.502s][19752][19893][info ] Application time: 1.0003234 seconds
[2025-11-10T00:56:19.708+0700][1851.502s][19752][19893][info ] Entering safepoint region: Cleanup
[2025-11-10T00:56:19.708+0700][1851.502s][19752][19893][info ] Leaving safepoint region
[2025-11-10T00:56:19.708+0700][1851.502s][19752][19893][info ] Total time for which application threads were stopped: 0.0002285 seconds, Stopping threads took: 0.0000453 seconds
[2025-11-10T00:56:20.709+0700][1852.503s][19752][19893][info ] Application time: 1.0003382 seconds
[2025-11-10T00:56:20.709+0700][1852.503s][19752][19893][info ] Entering safepoint region: Cleanup
[2025-11-10T00:56:20.709+0700][1852.503s][19752][19893][info ] Leaving safepoint region
[2025-11-10T00:56:20.709+0700][1852.503s][19752][19893][info ] Total time for which application threads were stopped: 0.0002769 seconds, Stopping threads took: 0.0000462 seconds
[2025-11-10T00:56:21.709+0700][1853.503s][19752][19893][info ] Application time: 1.0003308 seconds
[2025-11-10T00:56:21.709+0700][1853.504s][19752][19893][info ] Entering safepoint region: Cleanup
[2025-11-10T00:56:21.710+0700][1853.504s][19752][19893][info ] Leaving safepoint region
[2025-11-10T00:56:21.710+0700][1853.504s][19752][19893][info ] Total time for which application threads were stopped: 0.0002618 seconds, Stopping threads took: 0.0000443 seconds
[2025-11-10T00:56:22.710+0700][1854.504s][19752][19893][info ] Application time: 1.0004153 seconds
[2025-11-10T00:56:22.710+0700][1854.504s][19752][19893][info ] Entering safepoint region: Cleanup
[2025-11-10T00:56:22.711+0700][1854.505s][19752][19893][info ] Leaving safepoint region
[2025-11-10T00:56:22.711+0700][1854.505s][19752][19893][info ] Total time for which application threads were stopped: 0.0002891 seconds, Stopping threads took: 0.0000672 seconds
[2025-11-10T00:56:23.711+0700][1855.505s][19752][19893][info ] Application time: 1.0003153 seconds
[2025-11-10T00:56:23.711+0700][1855.505s][19752][19893][info ] Entering safepoint region: Cleanup
[2025-11-10T00:56:23.711+0700][1855.505s][19752][19893][info ] Leaving safepoint region
[2025-11-10T00:56:23.711+0700][1855.505s][19752][19893][info ] Total time for which application threads were stopped: 0.0003368 seconds, Stopping threads took: 0.0000432 seconds
[2025-11-10T00:56:24.712+0700][1856.506s][19752][19893][info ] Application time: 1.0003256 seconds
[2025-11-10T00:56:24.712+0700][1856.506s][19752][19893][info ] Entering safepoint region: Cleanup
[2025-11-10T00:56:24.712+0700][1856.506s][19752][19893][info ] Leaving safepoint region
[2025-11-10T00:56:24.712+0700][1856.506s][19752][19893][info ] Total time for which application threads were stopped: 0.0002787 seconds, Stopping threads took: 0.0000448 seconds
[2025-11-10T00:56:25.712+0700][1857.506s][19752][19893][info ] Application time: 1.0001120 seconds
[2025-11-10T00:56:25.712+0700][1857.506s][19752][19893][info ] Entering safepoint region: Cleanup
[2025-11-10T00:56:25.713+0700][1857.507s][19752][19893][info ] Leaving safepoint region
[2025-11-10T00:56:25.713+0700][1857.507s][19752][19893][info ] Total time for which application threads were stopped: 0.0002967 seconds, Stopping threads took: 0.0000424 seconds
[2025-11-10T00:56:26.713+0700][1858.507s][19752][19893][info ] Application time: 1.0005037 seconds
[2025-11-10T00:56:26.713+0700][1858.507s][19752][19893][info ] Entering safepoint region: Cleanup
[2025-11-10T00:56:26.713+0700][1858.508s][19752][19893][info ] Leaving safepoint region
[2025-11-10T00:56:26.721+0700][1858.515s][19752][19893][info ] Total time for which application threads were stopped: 0.0076825 seconds, Stopping threads took: 0.0000615 seconds
[2025-11-10T00:56:27.721+0700][1859.515s][19752][19893][info ] Application time: 1.0003367 seconds
[2025-11-10T00:56:27.721+0700][1859.516s][19752][19893][info ] Entering safepoint region: Cleanup
[2025-11-10T00:56:27.722+0700][1859.516s][19752][19893][info ] Leaving safepoint region
[2025-11-10T00:56:27.722+0700][1859.516s][19752][19893][info ] Total time for which application threads were stopped: 0.0003954 seconds, Stopping threads took: 0.0000443 seconds
[2025-11-10T00:56:28.722+0700][1860.516s][19752][19893][info ] Application time: 1.0003338 seconds
[2025-11-10T00:56:28.722+0700][1860.516s][19752][19893][info ] Entering safepoint region: Cleanup
[2025-11-10T00:56:28.723+0700][1860.517s][19752][19893][info ] Leaving safepoint region
[2025-11-10T00:56:28.723+0700][1860.517s][19752][19893][info ] Total time for which application threads were stopped: 0.0003276 seconds, Stopping threads took: 0.0000557 seconds
[2025-11-10T00:56:29.723+0700][1861.517s][19752][19893][info ] Application time: 1.0001044 seconds
[2025-11-10T00:56:29.723+0700][1861.517s][19752][19893][info ] Entering safepoint region: Cleanup
[2025-11-10T00:56:29.723+0700][1861.517s][19752][19893][info ] Leaving safepoint region
[2025-11-10T00:56:29.723+0700][1861.517s][19752][19893][info ] Total time for which application threads were stopped: 0.0002574 seconds, Stopping threads took: 0.0000566 seconds
[2025-11-10T00:56:30.723+0700][1862.518s][19752][19893][info ] Application time: 1.0003324 seconds
[2025-11-10T00:56:30.724+0700][1862.518s][19752][19893][info ] Entering safepoint region: Cleanup
[2025-11-10T00:56:30.724+0700][1862.518s][19752][19893][info ] Leaving safepoint region
[2025-11-10T00:56:30.724+0700][1862.518s][19752][19893][info ] Total time for which application threads were stopped: 0.0003870 seconds, Stopping threads took: 0.0000559 seconds
[2025-11-10T00:56:31.724+0700][1863.518s][19752][19893][info ] Application time: 1.0003332 seconds
[2025-11-10T00:56:31.724+0700][1863.518s][19752][19893][info ] Entering safepoint region: Cleanup
[2025-11-10T00:56:31.725+0700][1863.519s][19752][19893][info ] Leaving safepoint region
[2025-11-10T00:56:31.725+0700][1863.519s][19752][19893][info ] Total time for which application threads were stopped: 0.0002877 seconds, Stopping threads took: 0.0000790 seconds
[2025-11-10T00:56:32.725+0700][1864.519s][19752][19893][info ] Application time: 1.0000941 seconds
[2025-11-10T00:56:32.725+0700][1864.519s][19752][19893][info ] Entering safepoint region: Cleanup
[2025-11-10T00:56:32.725+0700][1864.519s][19752][19893][info ] Leaving safepoint region
[2025-11-10T00:56:32.725+0700][1864.519s][19752][19893][info ] Total time for which application threads were stopped: 0.0003149 seconds, Stopping threads took: 0.0000511 seconds
[2025-11-10T00:56:33.726+0700][1865.520s][19752][19893][info ] Application time: 1.0003287 seconds
[2025-11-10T00:56:33.726+0700][1865.520s][19752][19893][info ] Entering safepoint region: Cleanup
[2025-11-10T00:56:33.726+0700][1865.520s][19752][19893][info ] Leaving safepoint region
[2025-11-10T00:56:33.726+0700][1865.520s][19752][19893][info ] Total time for which application threads were stopped: 0.0002936 seconds, Stopping threads took: 0.0000537 seconds
[2025-11-10T00:56:34.726+0700][1866.520s][19752][19893][info ] Application time: 1.0003500 seconds
[2025-11-10T00:56:34.726+0700][1866.520s][19752][19893][info ] Entering safepoint region: Cleanup
[2025-11-10T00:56:34.727+0700][1866.521s][19752][19893][info ] Leaving safepoint region
[2025-11-10T00:56:34.727+0700][1866.521s][19752][19893][info ] Total time for which application threads were stopped: 0.0002949 seconds, Stopping threads took: 0.0000524 seconds
[2025-11-10T00:56:35.727+0700][1867.521s][19752][19893][info ] Application time: 1.0003395 seconds
[2025-11-10T00:56:35.727+0700][1867.521s][19752][19893][info ] Entering safepoint region: Cleanup
[2025-11-10T00:56:35.727+0700][1867.521s][19752][19893][info ] Leaving safepoint region
[2025-11-10T00:56:35.727+0700][1867.522s][19752][19893][info ] Total time for which application threads were stopped: 0.0003087 seconds, Stopping threads took: 0.0000435 seconds
[2025-11-10T00:56:36.728+0700][1868.522s][19752][19893][info ] Application time: 1.0003446 seconds
[2025-11-10T00:56:36.728+0700][1868.522s][19752][19893][info ] Entering safepoint region: Cleanup
[2025-11-10T00:56:36.728+0700][1868.522s][19752][19893][info ] Leaving safepoint region
[2025-11-10T00:56:36.736+0700][1868.530s][19752][19893][info ] Total time for which application threads were stopped: 0.0079159 seconds, Stopping threads took: 0.0000543 seconds
[2025-11-10T00:56:37.736+0700][1869.530s][19752][19893][info ] Application time: 1.0003527 seconds
[2025-11-10T00:56:37.736+0700][1869.530s][19752][19893][info ] Entering safepoint region: Cleanup
[2025-11-10T00:56:37.737+0700][1869.531s][19752][19893][info ] Leaving safepoint region
[2025-11-10T00:56:37.737+0700][1869.531s][19752][19893][info ] Total time for which application threads were stopped: 0.0003403 seconds, Stopping threads took: 0.0000787 seconds
[2025-11-10T00:56:38.737+0700][1870.531s][19752][19893][info ] Application time: 1.0003337 seconds
[2025-11-10T00:56:38.737+0700][1870.531s][19752][19893][info ] Entering safepoint region: Cleanup
[2025-11-10T00:56:38.737+0700][1870.531s][19752][19893][info ] Leaving safepoint region
[2025-11-10T00:56:38.737+0700][1870.532s][19752][19893][info ] Total time for which application threads were stopped: 0.0003293 seconds, Stopping threads took: 0.0000433 seconds
[2025-11-10T00:56:39.738+0700][1871.532s][19752][19893][info ] Application time: 1.0003472 seconds
[2025-11-10T00:56:39.738+0700][1871.532s][19752][19893][info ] Entering safepoint region: Cleanup
[2025-11-10T00:56:39.738+0700][1871.532s][19752][19893][info ] Leaving safepoint region
[2025-11-10T00:56:39.738+0700][1871.532s][19752][19893][info ] Total time for which application threads were stopped: 0.0003034 seconds, Stopping threads took: 0.0000524 seconds
[2025-11-10T00:56:40.738+0700][1872.532s][19752][19893][info ] Application time: 1.0001291 seconds
[2025-11-10T00:56:40.738+0700][1872.533s][19752][19893][info ] Entering safepoint region: Cleanup
[2025-11-10T00:56:40.739+0700][1872.533s][19752][19893][info ] Leaving safepoint region
[2025-11-10T00:56:40.739+0700][1872.533s][19752][19893][info ] Total time for which application threads were stopped: 0.0003434 seconds, Stopping threads took: 0.0000525 seconds
[2025-11-10T00:56:41.739+0700][1873.533s][19752][19893][info ] Application time: 1.0003566 seconds
[2025-11-10T00:56:41.739+0700][1873.533s][19752][19893][info ] Entering safepoint region: Cleanup
[2025-11-10T00:56:41.739+0700][1873.534s][19752][19893][info ] Leaving safepoint region
[2025-11-10T00:56:41.740+0700][1873.534s][19752][19893][info ] Total time for which application threads were stopped: 0.0003068 seconds, Stopping threads took: 0.0000432 seconds
[2025-11-10T00:56:42.740+0700][1874.534s][19752][19893][info ] Application time: 1.0003138 seconds
[2025-11-10T00:56:42.740+0700][1874.534s][19752][19893][info ] Entering safepoint region: Cleanup
[2025-11-10T00:56:42.740+0700][1874.534s][19752][19893][info ] Leaving safepoint region
[2025-11-10T00:56:42.740+0700][1874.534s][19752][19893][info ] Total time for which application threads were stopped: 0.0003839 seconds, Stopping threads took: 0.0000510 seconds
[2025-11-10T00:56:43.741+0700][1875.535s][19752][19893][info ] Application time: 1.0004252 seconds
[2025-11-10T00:56:43.741+0700][1875.535s][19752][19893][info ] Entering safepoint region: Cleanup
[2025-11-10T00:56:43.741+0700][1875.535s][19752][19893][info ] Leaving safepoint region
[2025-11-10T00:56:43.741+0700][1875.535s][19752][19893][info ] Total time for which application threads were stopped: 0.0003008 seconds, Stopping threads took: 0.0000437 seconds
[2025-11-10T00:56:44.742+0700][1876.536s][19752][19893][info ] Application time: 1.0003307 seconds
[2025-11-10T00:56:44.742+0700][1876.536s][19752][19893][info ] Entering safepoint region: Cleanup
[2025-11-10T00:56:44.742+0700][1876.536s][19752][19893][info ] Leaving safepoint region
[2025-11-10T00:56:44.742+0700][1876.536s][19752][19893][info ] Total time for which application threads were stopped: 0.0002903 seconds, Stopping threads took: 0.0000429 seconds
[2025-11-10T00:56:45.742+0700][1877.536s][19752][19893][info ] Application time: 1.0001752 seconds
[2025-11-10T00:56:45.742+0700][1877.536s][19752][19893][info ] Entering safepoint region: Cleanup
[2025-11-10T00:56:45.742+0700][1877.537s][19752][19893][info ] Leaving safepoint region
[2025-11-10T00:56:45.742+0700][1877.537s][19752][19893][info ] Total time for which application threads were stopped: 0.0002716 seconds, Stopping threads took: 0.0000420 seconds
[2025-11-10T00:56:46.743+0700][1878.537s][19752][19893][info ] Application time: 1.0003320 seconds
[2025-11-10T00:56:46.743+0700][1878.537s][19752][19893][info ] Entering safepoint region: Cleanup
[2025-11-10T00:56:46.743+0700][1878.537s][19752][19893][info ] Leaving safepoint region
[2025-11-10T00:56:46.751+0700][1878.545s][19752][19893][info ] Total time for which application threads were stopped: 0.0078904 seconds, Stopping threads took: 0.0000442 seconds
[2025-11-10T00:56:47.751+0700][1879.545s][19752][19893][info ] Application time: 1.0003337 seconds
[2025-11-10T00:56:47.751+0700][1879.545s][19752][19893][info ] Entering safepoint region: Cleanup
[2025-11-10T00:56:47.752+0700][1879.546s][19752][19893][info ] Leaving safepoint region
[2025-11-10T00:56:47.752+0700][1879.546s][19752][19893][info ] Total time for which application threads were stopped: 0.0002932 seconds, Stopping threads took: 0.0000439 seconds
[2025-11-10T00:56:48.752+0700][1880.546s][19752][19893][info ] Application time: 1.0001457 seconds
[2025-11-10T00:56:48.752+0700][1880.546s][19752][19893][info ] Entering safepoint region: Cleanup
[2025-11-10T00:56:48.752+0700][1880.546s][19752][19893][info ] Leaving safepoint region
[2025-11-10T00:56:48.752+0700][1880.546s][19752][19893][info ] Total time for which application threads were stopped: 0.0003282 seconds, Stopping threads took: 0.0000457 seconds
[2025-11-10T00:56:49.752+0700][1881.546s][19752][19893][info ] Application time: 1.0000958 seconds
[2025-11-10T00:56:49.752+0700][1881.547s][19752][19893][info ] Entering safepoint region: Cleanup
[2025-11-10T00:56:49.753+0700][1881.547s][19752][19893][info ] Leaving safepoint region
[2025-11-10T00:56:49.753+0700][1881.547s][19752][19893][info ] Total time for which application threads were stopped: 0.0002827 seconds, Stopping threads took: 0.0000445 seconds
[2025-11-10T00:56:50.753+0700][1882.547s][19752][19893][info ] Application time: 1.0001333 seconds
[2025-11-10T00:56:50.753+0700][1882.547s][19752][19893][info ] Entering safepoint region: Cleanup
[2025-11-10T00:56:50.753+0700][1882.547s][19752][19893][info ] Leaving safepoint region
[2025-11-10T00:56:50.753+0700][1882.547s][19752][19893][info ] Total time for which application threads were stopped: 0.0002685 seconds, Stopping threads took: 0.0000427 seconds
[2025-11-10T00:56:51.754+0700][1883.548s][19752][19893][info ] Application time: 1.0003335 seconds
[2025-11-10T00:56:51.754+0700][1883.548s][19752][19893][info ] Entering safepoint region: Cleanup
[2025-11-10T00:56:51.754+0700][1883.548s][19752][19893][info ] Leaving safepoint region
[2025-11-10T00:56:51.754+0700][1883.548s][19752][19893][info ] Total time for which application threads were stopped: 0.0003160 seconds, Stopping threads took: 0.0000807 seconds
[2025-11-10T00:57:10.757+0700][1902.552s][19752][19893][info ] Application time: 19.0033972 seconds
[2025-11-10T00:57:10.757+0700][1902.552s][19752][19893][info ] Entering safepoint region: Cleanup
[2025-11-10T00:57:10.758+0700][1902.552s][19752][19893][info ] Leaving safepoint region
[2025-11-10T00:57:10.758+0700][1902.552s][19752][19893][info ] Total time for which application threads were stopped: 0.0002874 seconds, Stopping threads took: 0.0000446 seconds
[2025-11-10T00:57:16.759+0700][1908.553s][19752][19893][info ] Application time: 6.0009422 seconds
[2025-11-10T00:57:16.759+0700][1908.553s][19752][19893][info ] Entering safepoint region: Cleanup
[2025-11-10T00:57:16.759+0700][1908.553s][19752][19893][info ] Leaving safepoint region
[2025-11-10T00:57:16.759+0700][1908.553s][19752][19893][info ] Total time for which application threads were stopped: 0.0002590 seconds, Stopping threads took: 0.0000466 seconds
[2025-11-10T00:57:17.759+0700][1909.554s][19752][19893][info ] Application time: 1.0003842 seconds
[2025-11-10T00:57:17.760+0700][1909.554s][19752][19893][info ] Entering safepoint region: Cleanup
[2025-11-10T00:57:17.760+0700][1909.554s][19752][19893][info ] Leaving safepoint region
[2025-11-10T00:57:17.760+0700][1909.554s][19752][19893][info ] Total time for which application threads were stopped: 0.0002533 seconds, Stopping threads took: 0.0000467 seconds
[2025-11-10T00:57:18.760+0700][1910.554s][19752][19893][info ] Application time: 1.0001028 seconds
[2025-11-10T00:57:18.760+0700][1910.554s][19752][19893][info ] Entering safepoint region: Cleanup
[2025-11-10T00:57:18.760+0700][1910.554s][19752][19893][info ] Leaving safepoint region
[2025-11-10T00:57:18.760+0700][1910.554s][19752][19893][info ] Total time for which application threads were stopped: 0.0003241 seconds, Stopping threads took: 0.0000626 seconds
[2025-11-10T00:57:19.761+0700][1911.555s][19752][19893][info ] Application time: 1.0001113 seconds
[2025-11-10T00:57:19.761+0700][1911.555s][19752][19893][info ] Entering safepoint region: Cleanup
[2025-11-10T00:57:19.761+0700][1911.555s][19752][19893][info ] Leaving safepoint region
[2025-11-10T00:57:19.761+0700][1911.555s][19752][19893][info ] Total time for which application threads were stopped: 0.0004592 seconds, Stopping threads took: 0.0001099 seconds
[2025-11-10T00:57:20.063+0700][1911.857s][19752][19893][info ] Application time: 0.3016074 seconds
[2025-11-10T00:57:20.063+0700][1911.858s][19752][19893][info ] Entering safepoint region: ICBufferFull
[2025-11-10T00:57:20.064+0700][1911.858s][19752][19893][info ] Leaving safepoint region
[2025-11-10T00:57:20.064+0700][1911.858s][19752][19893][info ] Total time for which application threads were stopped: 0.0012197 seconds, Stopping threads took: 0.0006926 seconds
[2025-11-10T00:57:20.211+0700][1912.005s][19752][21649][info ] Heap
[2025-11-10T00:57:20.211+0700][1912.005s][19752][21649][info ]  garbage-first heap   total 3768320K, used 1259760K [0x000000071a000000, 0x0000000800000000)
[2025-11-10T00:57:20.211+0700][1912.005s][19752][21649][info ]   region size 16384K, 78 young (1277952K), 1 survivors (16384K)
[2025-11-10T00:57:20.211+0700][1912.005s][19752][21649][info ]  Metaspace       used 56603K, capacity 59404K, committed 59520K, reserved 1101824K
[2025-11-10T00:57:20.211+0700][1912.005s][19752][21649][info ]   class space    used 6773K, capacity 8008K, committed 8064K, reserved 1048576K
[2025-11-10T00:57:20.211+0700][1912.005s][19752][19893][info ] Application time: 0.1466552 seconds
[2025-11-10T00:57:20.211+0700][1912.005s][19752][19893][info ] Entering safepoint region: Exit
